category,clip_id,method,metric,status,reason,sampled_frames,has_reference,rows,ok_rows,normalized_gradient_mean_mean,normalized_gradient_mean_p50,normalized_gradient_mean_p95,normalized_gradient_mean_max,reference_gradient_mean_mean,reference_gradient_mean_p50,reference_gradient_mean_p95,reference_gradient_mean_max,gradient_magnitude_ratio_mean,gradient_magnitude_ratio_p50,gradient_magnitude_ratio_p95,gradient_magnitude_ratio_max,normalized_edge_density_mean,normalized_edge_density_p50,normalized_edge_density_p95,normalized_edge_density_max,reference_edge_density_mean,reference_edge_density_p50,reference_edge_density_p95,reference_edge_density_max,edge_precision_mean,edge_precision_p50,edge_precision_p95,edge_precision_max,edge_recall_mean,edge_recall_p50,edge_recall_p95,edge_recall_max,edge_preservation_index_mean,edge_preservation_index_p50,edge_preservation_index_p95,edge_preservation_index_max
hard,hard_01,frame_wise,detail,ok,,5,True,5,5,0.032467440143227576,0.03182825818657875,0.03689366057515144,0.03794266656041145,0.0350711889564991,0.031882401555776596,0.042943818122148515,0.04346904158592224,0.9413073508687594,0.9592627892680928,1.0337385132949664,1.0342045679018113,0.006252121913580247,0.0064438657407407405,0.006608024691358025,0.006615547839506173,0.0051059992283950615,0.004987461419753087,0.005708526234567901,0.0058198302469135805,0.38761583730382193,0.25537764839074883,0.824030638864401,0.9524539877300614,0.43651968771203,0.3041093054549219,0.818782284906937,0.9287371561153464,0.40854371293866015,0.27476220507276417,0.8206036348080654,0.9404460687465697
hard,hard_01,optical_flow,detail,ok,,5,True,5,5,0.03278884291648865,0.03231748193502426,0.0404314823448658,0.042373016476631165,0.0350711889564991,0.031882401555776596,0.042943818122148515,0.04346904158592224,0.943657426108461,0.9894986264246778,1.0326995596902877,1.0374628466750562,0.006607831790123457,0.0062683256172839505,0.008079571759259259,0.00828173225308642,0.0051059992283950615,0.004987461419753087,0.005708526234567901,0.0058198302469135805,0.4485821313228618,0.43599015233112787,0.8555837889474412,0.9545650487110958,0.5214720495838188,0.5167674546454095,0.8456279543752294,0.9188763672522373,0.4783174990298432,0.47295454713943774,0.8494799790645504,0.9363807768865656
hard,hard_01,proposed,detail,ok,,5,True,5,5,0.03901163786649704,0.03659730404615402,0.04712176471948624,0.0486464723944664,0.0350711889564991,0.031882401555776596,0.042943818122148515,0.04346904158592224,1.1429289519436545,1.1864870859506855,1.3971962884330922,1.4487297544575006,0.007750964506172839,0.007686149691358024,0.009294077932098766,0.00933690200617284,0.0051059992283950615,0.004987461419753087,0.005708526234567901,0.0058198302469135805,0.18571717671980267,0.0611022157946387,0.5757908769440326,0.7043058781490084,0.20606800212447424,0.09089151034616129,0.540693960117043,0.6447630096121976,0.19107123074277965,0.0717242423599524,0.5549674759185257,0.6732204438225795
hard,hard_02,frame_wise,detail,ok,,5,True,5,5,0.032467440143227576,0.03182825818657875,0.03689366057515144,0.03794266656041145,0.0350711889564991,0.031882401555776596,0.042943818122148515,0.04346904158592224,0.9413073508687594,0.9592627892680928,1.0337385132949664,1.0342045679018113,0.006252121913580247,0.0064438657407407405,0.006608024691358025,0.006615547839506173,0.0051059992283950615,0.004987461419753087,0.005708526234567901,0.0058198302469135805,0.38761583730382193,0.25537764839074883,0.824030638864401,0.9524539877300614,0.43651968771203,0.3041093054549219,0.818782284906937,0.9287371561153464,0.40854371293866015,0.27476220507276417,0.8206036348080654,0.9404460687465697
hard,hard_02,optical_flow,detail,ok,,5,True,5,5,0.03278884291648865,0.03231748193502426,0.0404314823448658,0.042373016476631165,0.0350711889564991,0.031882401555776596,0.042943818122148515,0.04346904158592224,0.943657426108461,0.9894986264246778,1.0326995596902877,1.0374628466750562,0.006607831790123457,0.0062683256172839505,0.008079571759259259,0.00828173225308642,0.0051059992283950615,0.004987461419753087,0.005708526234567901,0.0058198302469135805,0.4485821313228618,0.43599015233112787,0.8555837889474412,0.9545650487110958,0.5214720495838188,0.5167674546454095,0.8456279543752294,0.9188763672522373,0.4783174990298432,0.47295454713943774,0.8494799790645504,0.9363807768865656
hard,hard_02,proposed,detail,ok,,5,True,5,5,0.03901163786649704,0.03659730404615402,0.04712176471948624,0.0486464723944664,0.0350711889564991,0.031882401555776596,0.042943818122148515,0.04346904158592224,1.1429289519436545,1.1864870859506855,1.3971962884330922,1.4487297544575006,0.007750964506172839,0.007686149691358024,0.009294077932098766,0.00933690200617284,0.0051059992283950615,0.004987461419753087,0.005708526234567901,0.0058198302469135805,0.18571717671980267,0.0611022157946387,0.5757908769440326,0.7043058781490084,0.20606800212447424,0.09089151034616129,0.540693960117043,0.6447630096121976,0.19107123074277965,0.0717242423599524,0.5549674759185257,0.6732204438225795
hard,hard_03,frame_wise,detail,ok,,5,True,5,5,0.032467440143227576,0.03182825818657875,0.03689366057515144,0.03794266656041145,0.0350711889564991,0.031882401555776596,0.042943818122148515,0.04346904158592224,0.9413073508687594,0.9592627892680928,1.0337385132949664,1.0342045679018113,0.006252121913580247,0.0064438657407407405,0.006608024691358025,0.006615547839506173,0.0051059992283950615,0.004987461419753087,0.005708526234567901,0.0058198302469135805,0.38761583730382193,0.25537764839074883,0.824030638864401,0.9524539877300614,0.43651968771203,0.3041093054549219,0.818782284906937,0.9287371561153464,0.40854371293866015,0.27476220507276417,0.8206036348080654,0.9404460687465697
hard,hard_03,optical_flow,detail,ok,,5,True,5,5,0.03278884291648865,0.03231748193502426,0.0404314823448658,0.042373016476631165,0.0350711889564991,0.031882401555776596,0.042943818122148515,0.04346904158592224,0.943657426108461,0.9894986264246778,1.0326995596902877,1.0374628466750562,0.006607831790123457,0.0062683256172839505,0.008079571759259259,0.00828173225308642,0.0051059992283950615,0.004987461419753087,0.005708526234567901,0.0058198302469135805,0.4485821313228618,0.43599015233112787,0.8555837889474412,0.9545650487110958,0.5214720495838188,0.5167674546454095,0.8456279543752294,0.9188763672522373,0.4783174990298432,0.47295454713943774,0.8494799790645504,0.9363807768865656
hard,hard_03,proposed,detail,ok,,5,True,5,5,0.03901163786649704,0.03659730404615402,0.04712176471948624,0.0486464723944664,0.0350711889564991,0.031882401555776596,0.042943818122148515,0.04346904158592224,1.1429289519436545,1.1864870859506855,1.3971962884330922,1.4487297544575006,0.007750964506172839,0.007686149691358024,0.009294077932098766,0.00933690200617284,0.0051059992283950615,0.004987461419753087,0.005708526234567901,0.0058198302469135805,0.18571717671980267,0.0611022157946387,0.5757908769440326,0.7043058781490084,0.20606800212447424,0.09089151034616129,0.540693960117043,0.6447630096121976,0.19107123074277965,0.0717242423599524,0.5549674759185257,0.6732204438225795
hard,hard_04,frame_wise,detail,ok,,5,True,5,5,0.032467440143227576,0.03182825818657875,0.03689366057515144,0.03794266656041145,0.0350711889564991,0.031882401555776596,0.042943818122148515,0.04346904158592224,0.9413073508687594,0.9592627892680928,1.0337385132949664,1.0342045679018113,0.006252121913580247,0.0064438657407407405,0.006608024691358025,0.006615547839506173,0.0051059992283950615,0.004987461419753087,0.005708526234567901,0.0058198302469135805,0.38761583730382193,0.25537764839074883,0.824030638864401,0.9524539877300614,0.43651968771203,0.3041093054549219,0.818782284906937,0.9287371561153464,0.40854371293866015,0.27476220507276417,0.8206036348080654,0.9404460687465697
hard,hard_04,optical_flow,detail,ok,,5,True,5,5,0.03278884291648865,0.03231748193502426,0.0404314823448658,0.042373016476631165,0.0350711889564991,0.031882401555776596,0.042943818122148515,0.04346904158592224,0.943657426108461,0.9894986264246778,1.0326995596902877,1.0374628466750562,0.006607831790123457,0.0062683256172839505,0.008079571759259259,0.00828173225308642,0.0051059992283950615,0.004987461419753087,0.005708526234567901,0.0058198302469135805,0.4485821313228618,0.43599015233112787,0.8555837889474412,0.9545650487110958,0.5214720495838188,0.5167674546454095,0.8456279543752294,0.9188763672522373,0.4783174990298432,0.47295454713943774,0.8494799790645504,0.9363807768865656
hard,hard_04,proposed,detail,ok,,5,True,5,5,0.03901163786649704,0.03659730404615402,0.04712176471948624,0.0486464723944664,0.0350711889564991,0.031882401555776596,0.042943818122148515,0.04346904158592224,1.1429289519436545,1.1864870859506855,1.3971962884330922,1.4487297544575006,0.007750964506172839,0.007686149691358024,0.009294077932098766,0.00933690200617284,0.0051059992283950615,0.004987461419753087,0.005708526234567901,0.0058198302469135805,0.18571717671980267,0.0611022157946387,0.5757908769440326,0.7043058781490084,0.20606800212447424,0.09089151034616129,0.540693960117043,0.6447630096121976,0.19107123074277965,0.0717242423599524,0.5549674759185257,0.6732204438225795
hard,hard_05,frame_wise,detail,ok,,5,True,5,5,0.032467440143227576,0.03182825818657875,0.03689366057515144,0.03794266656041145,0.0350711889564991,0.031882401555776596,0.042943818122148515,0.04346904158592224,0.9413073508687594,0.9592627892680928,1.0337385132949664,1.0342045679018113,0.006252121913580247,0.0064438657407407405,0.006608024691358025,0.006615547839506173,0.0051059992283950615,0.004987461419753087,0.005708526234567901,0.0058198302469135805,0.38761583730382193,0.25537764839074883,0.824030638864401,0.9524539877300614,0.43651968771203,0.3041093054549219,0.818782284906937,0.9287371561153464,0.40854371293866015,0.27476220507276417,0.8206036348080654,0.9404460687465697
hard,hard_05,optical_flow,detail,ok,,5,True,5,5,0.03278884291648865,0.03231748193502426,0.0404314823448658,0.042373016476631165,0.0350711889564991,0.031882401555776596,0.042943818122148515,0.04346904158592224,0.943657426108461,0.9894986264246778,1.0326995596902877,1.0374628466750562,0.006607831790123457,0.0062683256172839505,0.008079571759259259,0.00828173225308642,0.0051059992283950615,0.004987461419753087,0.005708526234567901,0.0058198302469135805,0.4485821313228618,0.43599015233112787,0.8555837889474412,0.9545650487110958,0.5214720495838188,0.5167674546454095,0.8456279543752294,0.9188763672522373,0.4783174990298432,0.47295454713943774,0.8494799790645504,0.9363807768865656
hard,hard_05,proposed,detail,ok,,5,True,5,5,0.03901163786649704,0.03659730404615402,0.04712176471948624,0.0486464723944664,0.0350711889564991,0.031882401555776596,0.042943818122148515,0.04346904158592224,1.1429289519436545,1.1864870859506855,1.3971962884330922,1.4487297544575006,0.007750964506172839,0.007686149691358024,0.009294077932098766,0.00933690200617284,0.0051059992283950615,0.004987461419753087,0.005708526234567901,0.0058198302469135805,0.18571717671980267,0.0611022157946387,0.5757908769440326,0.7043058781490084,0.20606800212447424,0.09089151034616129,0.540693960117043,0.6447630096121976,0.19107123074277965,0.0717242423599524,0.5549674759185257,0.6732204438225795
hard,hard_06,frame_wise,detail,ok,,5,True,5,5,0.032467440143227576,0.03182825818657875,0.03689366057515144,0.03794266656041145,0.0350711889564991,0.031882401555776596,0.042943818122148515,0.04346904158592224,0.9413073508687594,0.9592627892680928,1.0337385132949664,1.0342045679018113,0.006252121913580247,0.0064438657407407405,0.006608024691358025,0.006615547839506173,0.0051059992283950615,0.004987461419753087,0.005708526234567901,0.0058198302469135805,0.38761583730382193,0.25537764839074883,0.824030638864401,0.9524539877300614,0.43651968771203,0.3041093054549219,0.818782284906937,0.9287371561153464,0.40854371293866015,0.27476220507276417,0.8206036348080654,0.9404460687465697
hard,hard_06,optical_flow,detail,ok,,5,True,5,5,0.03278884291648865,0.03231748193502426,0.0404314823448658,0.042373016476631165,0.0350711889564991,0.031882401555776596,0.042943818122148515,0.04346904158592224,0.943657426108461,0.9894986264246778,1.0326995596902877,1.0374628466750562,0.006607831790123457,0.0062683256172839505,0.008079571759259259,0.00828173225308642,0.0051059992283950615,0.004987461419753087,0.005708526234567901,0.0058198302469135805,0.4485821313228618,0.43599015233112787,0.8555837889474412,0.9545650487110958,0.5214720495838188,0.5167674546454095,0.8456279543752294,0.9188763672522373,0.4783174990298432,0.47295454713943774,0.8494799790645504,0.9363807768865656
hard,hard_06,proposed,detail,ok,,5,True,5,5,0.03901163786649704,0.03659730404615402,0.04712176471948624,0.0486464723944664,0.0350711889564991,0.031882401555776596,0.042943818122148515,0.04346904158592224,1.1429289519436545,1.1864870859506855,1.3971962884330922,1.4487297544575006,0.007750964506172839,0.007686149691358024,0.009294077932098766,0.00933690200617284,0.0051059992283950615,0.004987461419753087,0.005708526234567901,0.0058198302469135805,0.18571717671980267,0.0611022157946387,0.5757908769440326,0.7043058781490084,0.20606800212447424,0.09089151034616129,0.540693960117043,0.6447630096121976,0.19107123074277965,0.0717242423599524,0.5549674759185257,0.6732204438225795
hard,hard_07,frame_wise,detail,ok,,5,True,5,5,0.032467440143227576,0.03182825818657875,0.03689366057515144,0.03794266656041145,0.0350711889564991,0.031882401555776596,0.042943818122148515,0.04346904158592224,0.9413073508687594,0.9592627892680928,1.0337385132949664,1.0342045679018113,0.006252121913580247,0.0064438657407407405,0.006608024691358025,0.006615547839506173,0.0051059992283950615,0.004987461419753087,0.005708526234567901,0.0058198302469135805,0.38761583730382193,0.25537764839074883,0.824030638864401,0.9524539877300614,0.43651968771203,0.3041093054549219,0.818782284906937,0.9287371561153464,0.40854371293866015,0.27476220507276417,0.8206036348080654,0.9404460687465697
hard,hard_07,optical_flow,detail,ok,,5,True,5,5,0.03278884291648865,0.03231748193502426,0.0404314823448658,0.042373016476631165,0.0350711889564991,0.031882401555776596,0.042943818122148515,0.04346904158592224,0.943657426108461,0.9894986264246778,1.0326995596902877,1.0374628466750562,0.006607831790123457,0.0062683256172839505,0.008079571759259259,0.00828173225308642,0.0051059992283950615,0.004987461419753087,0.005708526234567901,0.0058198302469135805,0.4485821313228618,0.43599015233112787,0.8555837889474412,0.9545650487110958,0.5214720495838188,0.5167674546454095,0.8456279543752294,0.9188763672522373,0.4783174990298432,0.47295454713943774,0.8494799790645504,0.9363807768865656
hard,hard_07,proposed,detail,ok,,5,True,5,5,0.03901163786649704,0.03659730404615402,0.04712176471948624,0.0486464723944664,0.0350711889564991,0.031882401555776596,0.042943818122148515,0.04346904158592224,1.1429289519436545,1.1864870859506855,1.3971962884330922,1.4487297544575006,0.007750964506172839,0.007686149691358024,0.009294077932098766,0.00933690200617284,0.0051059992283950615,0.004987461419753087,0.005708526234567901,0.0058198302469135805,0.18571717671980267,0.0611022157946387,0.5757908769440326,0.7043058781490084,0.20606800212447424,0.09089151034616129,0.540693960117043,0.6447630096121976,0.19107123074277965,0.0717242423599524,0.5549674759185257,0.6732204438225795
hard,hard_08,frame_wise,detail,ok,,5,True,5,5,0.032467440143227576,0.03182825818657875,0.03689366057515144,0.03794266656041145,0.0350711889564991,0.031882401555776596,0.042943818122148515,0.04346904158592224,0.9413073508687594,0.9592627892680928,1.0337385132949664,1.0342045679018113,0.006252121913580247,0.0064438657407407405,0.006608024691358025,0.006615547839506173,0.0051059992283950615,0.004987461419753087,0.005708526234567901,0.0058198302469135805,0.38761583730382193,0.25537764839074883,0.824030638864401,0.9524539877300614,0.43651968771203,0.3041093054549219,0.818782284906937,0.9287371561153464,0.40854371293866015,0.27476220507276417,0.8206036348080654,0.9404460687465697
hard,hard_08,optical_flow,detail,ok,,5,True,5,5,0.03278884291648865,0.03231748193502426,0.0404314823448658,0.042373016476631165,0.0350711889564991,0.031882401555776596,0.042943818122148515,0.04346904158592224,0.943657426108461,0.9894986264246778,1.0326995596902877,1.0374628466750562,0.006607831790123457,0.0062683256172839505,0.008079571759259259,0.00828173225308642,0.0051059992283950615,0.004987461419753087,0.005708526234567901,0.0058198302469135805,0.4485821313228618,0.43599015233112787,0.8555837889474412,0.9545650487110958,0.5214720495838188,0.5167674546454095,0.8456279543752294,0.9188763672522373,0.4783174990298432,0.47295454713943774,0.8494799790645504,0.9363807768865656
hard,hard_08,proposed,detail,ok,,5,True,5,5,0.03901163786649704,0.03659730404615402,0.04712176471948624,0.0486464723944664,0.0350711889564991,0.031882401555776596,0.042943818122148515,0.04346904158592224,1.1429289519436545,1.1864870859506855,1.3971962884330922,1.4487297544575006,0.007750964506172839,0.007686149691358024,0.009294077932098766,0.00933690200617284,0.0051059992283950615,0.004987461419753087,0.005708526234567901,0.0058198302469135805,0.18571717671980267,0.0611022157946387,0.5757908769440326,0.7043058781490084,0.20606800212447424,0.09089151034616129,0.540693960117043,0.6447630096121976,0.19107123074277965,0.0717242423599524,0.5549674759185257,0.6732204438225795
hard,hard_09,frame_wise,detail,ok,,5,True,5,5,0.032467440143227576,0.03182825818657875,0.03689366057515144,0.03794266656041145,0.0350711889564991,0.031882401555776596,0.042943818122148515,0.04346904158592224,0.9413073508687594,0.9592627892680928,1.0337385132949664,1.0342045679018113,0.006252121913580247,0.0064438657407407405,0.006608024691358025,0.006615547839506173,0.0051059992283950615,0.004987461419753087,0.005708526234567901,0.0058198302469135805,0.38761583730382193,0.25537764839074883,0.824030638864401,0.9524539877300614,0.43651968771203,0.3041093054549219,0.818782284906937,0.9287371561153464,0.40854371293866015,0.27476220507276417,0.8206036348080654,0.9404460687465697
hard,hard_09,optical_flow,detail,ok,,5,True,5,5,0.03278884291648865,0.03231748193502426,0.0404314823448658,0.042373016476631165,0.0350711889564991,0.031882401555776596,0.042943818122148515,0.04346904158592224,0.943657426108461,0.9894986264246778,1.0326995596902877,1.0374628466750562,0.006607831790123457,0.0062683256172839505,0.008079571759259259,0.00828173225308642,0.0051059992283950615,0.004987461419753087,0.005708526234567901,0.0058198302469135805,0.4485821313228618,0.43599015233112787,0.8555837889474412,0.9545650487110958,0.5214720495838188,0.5167674546454095,0.8456279543752294,0.9188763672522373,0.4783174990298432,0.47295454713943774,0.8494799790645504,0.9363807768865656
hard,hard_09,proposed,detail,ok,,5,True,5,5,0.03901163786649704,0.03659730404615402,0.04712176471948624,0.0486464723944664,0.0350711889564991,0.031882401555776596,0.042943818122148515,0.04346904158592224,1.1429289519436545,1.1864870859506855,1.3971962884330922,1.4487297544575006,0.007750964506172839,0.007686149691358024,0.009294077932098766,0.00933690200617284,0.0051059992283950615,0.004987461419753087,0.005708526234567901,0.0058198302469135805,0.18571717671980267,0.0611022157946387,0.5757908769440326,0.7043058781490084,0.20606800212447424,0.09089151034616129,0.540693960117043,0.6447630096121976,0.19107123074277965,0.0717242423599524,0.5549674759185257,0.6732204438225795
hard,hard_10,frame_wise,detail,ok,,5,True,5,5,0.032467440143227576,0.03182825818657875,0.03689366057515144,0.03794266656041145,0.0350711889564991,0.031882401555776596,0.042943818122148515,0.04346904158592224,0.9413073508687594,0.9592627892680928,1.0337385132949664,1.0342045679018113,0.006252121913580247,0.0064438657407407405,0.006608024691358025,0.006615547839506173,0.0051059992283950615,0.004987461419753087,0.005708526234567901,0.0058198302469135805,0.38761583730382193,0.25537764839074883,0.824030638864401,0.9524539877300614,0.43651968771203,0.3041093054549219,0.818782284906937,0.9287371561153464,0.40854371293866015,0.27476220507276417,0.8206036348080654,0.9404460687465697
hard,hard_10,optical_flow,detail,ok,,5,True,5,5,0.03278884291648865,0.03231748193502426,0.0404314823448658,0.042373016476631165,0.0350711889564991,0.031882401555776596,0.042943818122148515,0.04346904158592224,0.943657426108461,0.9894986264246778,1.0326995596902877,1.0374628466750562,0.006607831790123457,0.0062683256172839505,0.008079571759259259,0.00828173225308642,0.0051059992283950615,0.004987461419753087,0.005708526234567901,0.0058198302469135805,0.4485821313228618,0.43599015233112787,0.8555837889474412,0.9545650487110958,0.5214720495838188,0.5167674546454095,0.8456279543752294,0.9188763672522373,0.4783174990298432,0.47295454713943774,0.8494799790645504,0.9363807768865656
hard,hard_10,proposed,detail,ok,,5,True,5,5,0.03901163786649704,0.03659730404615402,0.04712176471948624,0.0486464723944664,0.0350711889564991,0.031882401555776596,0.042943818122148515,0.04346904158592224,1.1429289519436545,1.1864870859506855,1.3971962884330922,1.4487297544575006,0.007750964506172839,0.007686149691358024,0.009294077932098766,0.00933690200617284,0.0051059992283950615,0.004987461419753087,0.005708526234567901,0.0058198302469135805,0.18571717671980267,0.0611022157946387,0.5757908769440326,0.7043058781490084,0.20606800212447424,0.09089151034616129,0.540693960117043,0.6447630096121976,0.19107123074277965,0.0717242423599524,0.5549674759185257,0.6732204438225795
screen_video,screen_video_01,frame_wise,detail,ok,,5,True,5,5,0.10811925232410431,0.11463199555873871,0.12043158262968064,0.12104740738868713,0.11142377108335495,0.11986017972230911,0.12771863788366317,0.12909746170043945,0.9742785760094168,0.9653441638156172,1.015361868750267,1.0215950640524103,0.04351687885802469,0.042215470679012344,0.051259934413580246,0.051901523919753084,0.04502073688271605,0.04563416280864198,0.054326292438271605,0.054928626543209874,0.5016973021602703,0.40581237961372274,0.8470024646946879,0.9502243944138334,0.4835165291970983,0.4097069341879151,0.8040814454946581,0.9007111501316944,0.4922596317000085,0.41160366037058,0.8241559860425195,0.9248055230208742
screen_video,screen_video_01,optical_flow,detail,ok,,5,True,5,5,0.1078826680779457,0.11441391706466675,0.12043654024600983,0.12109945714473724,0.11142377108335495,0.11986017972230911,0.12771863788366317,0.12909746170043945,0.9718275647842027,0.9638432969929316,1.008140457475949,1.0126720220731364,0.043282310956790124,0.04226128472222222,0.051177565586419754,0.05195360725308642,0.04502073688271605,0.04563416280864198,0.054326292438271605,0.054928626543209874,0.5110586311896947,0.4361385486632425,0.8511895312871368,0.9522700058478989,0.48917294751897195,0.4155310947006642,0.8106184343724049,0.9039771729587357,0.49975260804349864,0.43063003404630124,0.8293283874792894,0.9274953870456012
screen_video,screen_video_01,proposed,detail,ok,,5,True,5,5,0.10589104443788529,0.11102627962827682,0.11926736533641816,0.12084439396858215,0.11142377108335495,0.11986017972230911,0.12771863788366317,0.12909746170043945,0.954710775677945,0.9424251746448656,0.9990824389324561,1.002963898570518,0.041684413580246917,0.040880594135802466,0.05035493827160494,0.05217544367283951,0.04502073688271605,0.04563416280864198,0.054326292438271605,0.054928626543209874,0.9268011593222161,0.9267591574160512,0.9481736674544456,0.9503672354337409,0.865290647650394,0.8659444820582262,0.9347306111156701,0.9468746335170635,0.8941825113471603,0.8843015721131279,0.9356981858584308,0.9431222024738795
screen_video,screen_video_02,frame_wise,detail,ok,,5,True,5,5,0.09479338079690933,0.09600389003753662,0.10964025259017944,0.11197277903556824,0.0961848959326744,0.09600432217121124,0.11070520281791686,0.11333328485488892,0.9841066923350047,0.9879955317534239,1.0009354708481644,1.0011704638576526,0.03837702546296296,0.03789207175925926,0.048086130401234564,0.049518711419753086,0.03886641589506172,0.0383690200617284,0.04862201003086419,0.05015480324074074,0.49952244229126785,0.39476665012154305,0.8643194318221755,0.9789160697391539,0.49064877781618826,0.3832357155425957,0.8513540638411821,0.9644411351038306,0.49503985454698823,0.38891573164443033,0.8577876604019229,0.9716246947476547
screen_video,screen_video_02,optical_flow,detail,ok,,5,True,5,5,0.09435905069112778,0.09546767920255661,0.1086408942937851,0.11073359847068787,0.0961848959326744,0.09600432217121124,0.11070520281791686,0.11333328485488892,0.9799978316054544,0.9770615809157065,0.9994984785319805,1.0007705429792246,0.0380619212962963,0.03696903935185185,0.047659047067901236,0.04899257330246914,0.03886641589506172,0.0383690200617284,0.04862201003086419,0.05015480324074074,0.49749838449256484,0.3947456516992941,0.8619630286948852,0.9776983941508363,0.48658470220096317,0.3795935647756139,0.8557795622700411,0.9727806734508149,0.4919466277228663,0.38702136200811543,0.8588502602426179,0.9752333343041776
screen_video,screen_video_02,proposed,detail,ok,,5,True,5,5,0.09448878765106201,0.09525179862976074,0.10875034779310226,0.11065515875816345,0.0961848959326744,0.09600432217121124,0.11070520281791686,0.11333328485488892,0.9813192356105642,0.9763694655091439,1.005923698321643,1.0093642313978788,0.037666763117283945,0.036389853395061726,0.047039158950617284,0.04831983024691358,0.03886641589506172,0.0383690200617284,0.04862201003086419,0.05015480324074074,0.831090014342767,0.8240295450884741,0.8949265783391945,0.9093893519306004,0.804803752677476,0.8138442156873872,0.8691804618323533,0.8824853148010259,0.8176923634301525,0.8189052109951199,0.8818649704903355,0.895735358521448
screen_video,screen_video_03,frame_wise,detail,ok,,5,True,5,5,0.1131923958659172,0.11633475124835968,0.11893953382968903,0.11944485455751419,0.11414112001657487,0.11686725169420242,0.12307944595813751,0.12429504841566086,0.9927654735541986,1.0004363859288776,1.0104384137794187,1.011285729427727,0.04659529320987654,0.049406828703703706,0.053534047067901235,0.05406780478395062,0.04793036265432099,0.050381944444444444,0.05564313271604938,0.05636911651234568,0.5887183453014384,0.44929175098202595,0.9293344739714571,0.9769611559559381,0.5707900902741272,0.4297629196138516,0.8968127214306211,0.9399762163457014,0.5796025953849698,0.4393104117848949,0.9127734579560157,0.9581118967799884
screen_video,screen_video_03,optical_flow,detail,ok,,5,True,5,5,0.11316433697938919,0.1169593334197998,0.11909572631120682,0.11946439743041992,0.11414112001657487,0.11686725169420242,0.12307944595813751,0.12429504841566086,0.9922433098620292,1.0000774707627103,1.0059984605433758,1.0064499689110886,0.046638406635802473,0.04917872299382716,0.05334702932098766,0.05380738811728395,0.04793036265432099,0.050381944444444444,0.05564313271604938,0.05636911651234568,0.5149707623805941,0.4408500761587002,0.867844574100967,0.9722876988572708,0.49841357341103576,0.41627306868188835,0.8333590726031633,0.9319684823804187,0.5064991277030237,0.4282092138938964,0.8502463622084656,0.9517012469952493
screen_video,screen_video_03,proposed,detail,ok,,5,True,5,5,0.11331347227096558,0.1161222904920578,0.12123077511787414,0.12222748249769211,0.11414112001657487,0.11686725169420242,0.12307944595813751,0.12429504841566086,0.993104909444335,0.9951368269543163,1.0028822677288636,1.0032232631377824,0.04652536651234568,0.049388503086419754,0.05342853009259259,0.053871527777777775,0.04793036265432099,0.050381944444444444,0.05564313271604938,0.05636911651234568,0.6870930621180322,0.7084500917963088,0.7154348475502832,0.7160341688839098,0.6689303614359137,0.6774301315577265,0.6980789641405145,0.7016002194586686,0.6778567917227353,0.6925929539944892,0.7066377406004216,0.7087437129910484
screen_video,screen_video_04,frame_wise,detail,ok,,5,True,5,5,0.11623743027448655,0.10975668579339981,0.14856809079647063,0.15779311954975128,0.11865663826465607,0.11223958432674408,0.15125508606433868,0.16000080108642578,0.9795537586406287,0.980378652127414,0.9915671158002087,0.9929083798804667,0.044777970679012354,0.04115644290123457,0.0603984375,0.06500916280864198,0.04584471450617284,0.041793499228395065,0.06252391975308641,0.06748456790123457,0.5222669637266201,0.4091181543505119,0.8795320626274834,0.9815096904220665,0.5097866125334025,0.3901516047397176,0.865628760540219,0.9689717641900234,0.5159222863242127,0.3994098428788031,0.8725075841773097,0.9752004296672675
screen_video,screen_video_04,optical_flow,detail,ok,,5,True,5,5,0.11616459339857102,0.10937133431434631,0.14818948209285734,0.1573251634836197,0.11865663826465607,0.11223958432674408,0.15125508606433868,0.16000080108642578,0.9791225158412896,0.9832773487092679,0.9891047553418799,0.9892841525723428,0.04448514660493827,0.04093942901234568,0.05978906249999999,0.06442467206790123,0.04584471450617284,0.041793499228395065,0.06252391975308641,0.06748456790123457,0.5273436743506922,0.4158957951244327,0.8849778108192666,0.9825425246195165,0.5122571026851992,0.4097259857507303,0.8654627503823125,0.9646677359426745,0.519664749698147,0.4127878371772451,0.8750840640179481,0.9735230877619303
screen_video,screen_video_04,proposed,detail,ok,,5,True,5,5,0.11365911364555359,0.10889890789985657,0.13997090607881546,0.1474907100200653,0.11865663826465607,0.11223958432674408,0.15125508606433868,0.16000080108642578,0.962076920321471,0.9702362010076376,0.9873790428768989,0.9878944331963692,0.04287972608024691,0.04018036265432099,0.05482185570987654,0.058384934413580246,0.04584471450617284,0.041793499228395065,0.06252391975308641,0.06748456790123457,0.7525961817299522,0.7266256991286397,0.8907461424936919,0.9122734026745913,0.7112217435386332,0.6886355418964114,0.8440534011049037,0.8779179119116578,0.7310706824045899,0.7071207315942492,0.8665264887087042,0.8947659998604398
screen_video,screen_video_05,frame_wise,detail,ok,,5,True,5,5,0.11151310503482818,0.1124531701207161,0.11723104268312454,0.11783068627119064,0.11304860264062881,0.11322972923517227,0.12173755168914795,0.12330268323421478,0.9871598372526991,0.994025360070401,0.997757542772032,0.9985923514402597,0.0429669174382716,0.04167920524691358,0.04665094521604938,0.04712143132716049,0.043300829475308646,0.042083333333333334,0.04793586033950617,0.0485865162037037,0.477740305597532,0.37083015630956917,0.8477088643017425,0.9663906827276356,0.46822600983542184,0.36119060029999045,0.822360902744484,0.936584978510953,0.47290180782913316,0.3669914123121168,0.8346290951676608,0.9512544119734472
screen_video,screen_video_05,optical_flow,detail,ok,,5,True,5,5,0.11124343723058701,0.11236754059791565,0.11715283542871475,0.11778786033391953,0.11304860264062881,0.11322972923517227,0.12173755168914795,0.12330268323421478,0.9846957619881461,0.9923854923695358,0.9948159690508742,0.9953910904346803,0.04327806712962963,0.04178192515432099,0.047503279320987656,0.04804639274691358,0.043300829475308646,0.042083333333333334,0.04793586033950617,0.0485865162037037,0.4800182508457781,0.37281752824375214,0.844310405092542,0.96210942597035,0.4751417614354338,0.3620734473957841,0.8336537698224376,0.9503121619073143,0.47753652542672287,0.36566065192514563,0.8389479598983802,0.9561744067111793
screen_video,screen_video_05,proposed,detail,ok,,5,True,5,5,0.11023105829954147,0.11053537577390671,0.1168033555150032,0.11765049397945404,0.11304860264062881,0.11322972923517227,0.12173755168914795,0.12330268323421478,0.9756039641426479,0.9809650888562951,0.9840670985209744,0.9845484492056171,0.04214322916666667,0.040432581018518515,0.04640480324074074,0.04691550925925926,0.043300829475308646,0.042083333333333334,0.04793586033950617,0.0485865162037037,0.9366554912861161,0.939906068100627,0.9543978616366966,0.9550907853740644,0.9122479480715121,0.913712862263807,0.9178917419528829,0.9179157499083241,0.9242622091160758,0.9266243990877866,0.9357884427903415,0.9361343465413886
screen_video,screen_video_06,frame_wise,detail,ok,,5,True,5,5,0.08002338036894799,0.07471472024917603,0.13291294425725936,0.14552272856235504,0.08248839154839516,0.07304669916629791,0.13540787696838377,0.1461392343044281,0.9736411259632417,0.9957813810575413,1.0365846889641717,1.0400221122065751,0.015195312499999999,0.0059220679012345675,0.04059789737654321,0.04724681712962963,0.01664168595679012,0.005960648148148148,0.044354841820987645,0.05125964506172839,0.49669441881348186,0.5126312888507824,0.8267175445273336,0.888031685896332,0.4766661046460127,0.4758401384864336,0.7528106198713899,0.7606546984410569,0.4829952329914836,0.4935510258224562,0.784323871178801,0.8194226393311995
screen_video,screen_video_06,optical_flow,detail,ok,,5,True,5,5,0.0787278689444065,0.07050147652626038,0.12895119190216064,0.14060109853744507,0.08248839154839516,0.07304669916629791,0.13540787696838377,0.1461392343044281,0.9638608699354375,0.9651562265087011,1.0205257041207334,1.0336800876041985,0.014812114197530864,0.00613329475308642,0.039418885030864194,0.04587528935185185,0.01664168595679012,0.005960648148148148,0.044354841820987645,0.05125964506172839,0.5085922995771164,0.41923954292682414,0.8561580505073018,0.898747649625714,0.4682073056055172,0.3790501636999962,0.7479706970697011,0.7485519983863067,0.4859759128390257,0.39813319915500767,0.7963364217245473,0.8168026381650937
screen_video,screen_video_06,proposed,detail,ok,,5,True,5,5,0.07624744921922684,0.0648995116353035,0.12321799397468566,0.1330687254667282,0.08248839154839516,0.07304669916629791,0.13540787696838377,0.1461392343044281,0.9372652137790622,0.9105612609788811,1.0515991016431896,1.0718480183861427,0.01351147762345679,0.007544849537037037,0.034655960648148146,0.03962480709876543,0.01664168595679012,0.005960648148148148,0.044354841820987645,0.05125964506172839,0.1924463430112451,0.1828371832631502,0.4595015159479353,0.5222356357466802,0.1873378961461234,0.15418846197267905,0.43208856439318244,0.4701610811745382,0.18780470950958586,0.167295186448114,0.4436630037066388,0.4948320907232975
screen_video,screen_video_07,frame_wise,detail,ok,,5,True,5,5,0.04529820382595062,0.04206780344247818,0.0642269618809223,0.06938134878873825,0.050039543956518176,0.04104858264327049,0.07804200574755668,0.08533839136362076,0.9293567349448045,0.920862491138085,1.0478027913622334,1.062385384378379,0.005515432098765432,0.004756462191358024,0.009892939814814814,0.010875771604938272,0.006832272376543211,0.005899884259259259,0.012795717592592591,0.014517746913580248,0.4954485604512808,0.5226604481395113,0.9538049715531614,0.98638337833079,0.4675626252914431,0.4196734693877551,0.9515357292699126,0.9813519813519813,0.4796633285394399,0.46553927329294237,0.9526605492990374,0.9838612473311821
screen_video,screen_video_07,optical_flow,detail,ok,,5,True,5,5,0.048045247048139575,0.043755095452070236,0.06720111817121505,0.07264841347932816,0.050039543956518176,0.04104858264327049,0.07804200574755668,0.08533839136362076,0.9956465128058275,0.9200914343862878,1.217840938009215,1.2457268426898807,0.0051504629629629635,0.006204668209876543,0.0071606867283950625,0.007258873456790124,0.006832272376543211,0.005899884259259259,0.012795717592592591,0.014517746913580248,0.4530347711872052,0.35948711134732925,0.9109340531496829,0.9966848212171442,0.433887416684291,0.44310204081632654,0.9059178193067353,0.9831002331002331,0.43462610137788005,0.396939012334637,0.9083151837610677,0.9898459208278894
screen_video,screen_video_07,proposed,detail,ok,,5,True,5,5,0.05188416540622711,0.04173082858324051,0.08087591752409934,0.08740053325891495,0.050039543956518176,0.04104858264327049,0.07804200574755668,0.08533839136362076,1.0377201976754857,1.0241642930261896,1.118319087192708,1.1211915661435201,0.007242091049382717,0.005706018518518518,0.01420630787037037,0.01631317515432099,0.006832272376543211,0.005899884259259259,0.012795717592592591,0.014517746913580248,0.2541273374797718,0.11691843793419458,0.8108778435149745,0.9793006665887031,0.2605597422356005,0.1305142173797502,0.8129297468298641,0.9764568764568765,0.2571101071874712,0.12334280133624957,0.8117440171847982,0.9778767040010914
screen_video,screen_video_08,frame_wise,detail,ok,,5,True,5,5,0.06073296889662742,0.059707168489694595,0.09946373552083969,0.10310912132263184,0.06903875730931759,0.07507159560918808,0.11169483214616775,0.11563349515199661,0.8961579431584792,0.8916890489827201,0.9627842015255832,0.9682991641318495,0.014197820216049381,0.005361207561728395,0.03909162808641975,0.0451514274691358,0.016589795524691357,0.010096450617283951,0.042598572530864194,0.04884982638888889,0.3944133955339609,0.3529735682819383,0.8881217150023244,0.9730855169612025,0.3473426649298891,0.19366515837104073,0.8708684401660154,0.9615037593984962,0.3656040191812418,0.2501055218706042,0.8793163719859376,0.9672599700697031
screen_video,screen_video_08,optical_flow,detail,ok,,5,True,5,5,0.06670134589076042,0.07106482982635498,0.10955124646425246,0.11705578118562698,0.06903875730931759,0.07507159560918808,0.11169483214616775,0.11563349515199661,1.0145787982165761,0.9660441066872343,1.2576088681353434,1.3189360980476692,0.014709104938271605,0.010072337962962963,0.03683198302469135,0.04289592978395062,0.016589795524691357,0.010096450617283951,0.042598572530864194,0.04884982638888889,0.3746134775376414,0.10388066569522203,0.8977506451919398,0.9623270376729623,0.37536147705753586,0.16923076923076924,0.881536808109419,0.9566917293233083,0.3712401147857295,0.10902726602800294,0.8893564101995519,0.9595011092955215
screen_video,screen_video_08,proposed,detail,ok,,5,True,5,5,0.05576369725167751,0.05403093621134758,0.0918848305940628,0.09610514342784882,0.06903875730931759,0.07507159560918808,0.11169483214616775,0.11563349515199661,0.8309806370203099,0.8311185552380096,0.9450816738305259,0.9677078641681011,0.011764371141975307,0.004204764660493827,0.03267930169753086,0.0375390625,0.016589795524691357,0.010096450617283951,0.042598572530864194,0.04884982638888889,0.18025733087471313,0.08297213622291022,0.3956701577306486,0.39721997404966536,0.1402569845998671,0.052409407378981414,0.33105503578285267,0.3392072659065107,0.15684421644681434,0.06424096479795317,0.36033016122695255,0.36592861874272964
screen_video,screen_video_09,frame_wise,detail,ok,,5,True,5,5,0.07181766405701637,0.06871961802244186,0.0876918226480484,0.08786799013614655,0.07534130886197091,0.07002288848161697,0.09188121259212494,0.09291599690914154,0.9498570449982152,0.9456712843760239,0.989394480152436,0.9913961161094658,0.010354552469135803,0.009771412037037037,0.014344328703703703,0.014683159722222222,0.010047067901234568,0.00876784336419753,0.013974440586419752,0.014047067901234568,0.21008831418358836,0.04565195933274109,0.7245366808738551,0.8869087398826762,0.2041060387858825,0.05197733898025411,0.693391084890993,0.8474361233480177,0.2069000579005796,0.048609739214622874,0.7086014626428169,0.8667232454444981
screen_video,screen_video_09,optical_flow,detail,ok,,5,True,5,5,0.07454665452241897,0.07185100764036179,0.08761546462774276,0.08770807832479477,0.07534130886197091,0.07002288848161697,0.09188121259212494,0.09291599690914154,0.9922258064926627,0.994334924462546,1.0222197491080358,1.0261074514117587,0.011886670524691358,0.011566840277777778,0.015399594907407409,0.01603877314814815,0.010047067901234568,0.00876784336419753,0.013974440586419752,0.014047067901234568,0.24052773878306638,0.0819953093992423,0.7279306042342772,0.8847583643122676,0.24736232725427745,0.10670480171607723,0.6913221074949067,0.8356651982378854,0.24254788598883414,0.09109295408697238,0.7089831822916429,0.859511331976523
screen_video,screen_video_09,proposed,detail,ok,,5,True,5,5,0.07195756435394288,0.06955548375844955,0.08789183497428894,0.08798887580633163,0.07534130886197091,0.07002288848161697,0.09188121259212494,0.09291599690914154,0.9506937228625567,0.9469723054510417,0.9964913173230127,0.997282903589186,0.010351851851851852,0.009905960648148148,0.014504726080246914,0.014826388888888889,0.010047067901234568,0.00876784336419753,0.013974440586419752,0.014047067901234568,0.19447760675778533,0.07195365366827321,0.6447903775678127,0.7868948155715276,0.19162335636781921,0.08101864583906276,0.6221584644776148,0.7573568281938327,0.19287395913097966,0.07621755837038771,0.633232622621102,0.7718433249522585
screen_video,screen_video_10,frame_wise,detail,ok,,5,True,5,5,0.058423548564314844,0.06304880976676941,0.07772917449474334,0.08047477900981903,0.059307681396603584,0.06814168393611908,0.07526401877403259,0.07569944858551025,1.004606937035992,0.993415583517763,1.1193622488618868,1.1334321201623694,0.013458140432098767,0.011772280092592593,0.02654079861111111,0.02859905478395062,0.012433256172839507,0.013625096450617285,0.020018614969135803,0.020141300154320987,0.5501354921526351,0.5712007654281613,0.8791335966922356,0.9378605484287332,0.5546135537513716,0.5993255179058937,0.8347838998316773,0.8814362976316894,0.5508109501331999,0.5820196679078921,0.8512117662100979,0.9087734432035541
screen_video,screen_video_10,optical_flow,detail,ok,,5,True,5,5,0.05897897705435753,0.06670460104942322,0.07112956941127777,0.07178588956594467,0.059307681396603584,0.06814168393611908,0.07526401877403259,0.07569944858551025,1.0482562892805303,1.00144721673989,1.3042172336327824,1.3789412078184227,0.012143518518518517,0.01412181712962963,0.01757841435185185,0.017913773148148147,0.012433256172839507,0.013625096450617285,0.020018614969135803,0.020141300154320987,0.3907660075543262,0.2277089096062562,0.8605436387543196,0.9410972917676197,0.3796781281029099,0.27436968042396015,0.787105694493034,0.8662237917664781,0.3830345655560362,0.2342343178347156,0.8221297257853508,0.9021096161862276
screen_video,screen_video_10,proposed,detail,ok,,5,True,5,5,0.05871518515050411,0.05879975110292435,0.07877573370933533,0.0812295526266098,0.059307681396603584,0.06814168393611908,0.07526401877403259,0.07569944858551025,1.0202169538631796,1.0431921859152375,1.1833250880086401,1.2108930035913252,0.013908371913580245,0.012633584104938271,0.02677488425925926,0.02884934413580247,0.012433256172839507,0.013625096450617285,0.020018614969135803,0.020141300154320987,0.27992993255986787,0.2331564682978967,0.6510645547966545,0.7082006577230255,0.29363368552138686,0.19941245177503275,0.648556524553305,0.670757908774356,0.2844908627384172,0.2149683013872218,0.6474866470933854,0.6889709433018301
scrolling,scrolling_01,frame_wise,detail,ok,,5,True,5,5,0.23210541903972626,0.22699010372161865,0.2685550212860107,0.27179110050201416,0.23609006702899932,0.22950498759746552,0.2740112006664276,0.2774443030357361,0.9826467360673403,0.9820650513018424,1.0000729124056127,1.0028306058909424,0.1059543788580247,0.09958622685185185,0.14413483796296295,0.15109278549382715,0.10885850694444443,0.10311342592592593,0.14859230324074071,0.15547984182098765,0.6759118177259984,0.6053631108862775,0.9267579743960491,0.9769396130545241,0.6638450537992336,0.5869446558270549,0.9119454695645919,0.9617968630255965,0.6698066153813864,0.5960116216452862,0.9192917593073644,0.9693091008439361
scrolling,scrolling_01,optical_flow,detail,ok,,5,True,5,5,0.23350680470466614,0.2307274490594864,0.2686655104160309,0.27247142791748047,0.23609006702899932,0.22950498759746552,0.2740112006664276,0.2774443030357361,0.9890403083375416,0.9820761318079215,1.0198694325222601,1.0235051622263387,0.10518479938271605,0.09893518518518518,0.14227671682098764,0.1491459297839506,0.10885850694444443,0.10311342592592593,0.14859230324074071,0.15547984182098765,0.5886548434988745,0.4731420841927502,0.9088314508080515,0.9767419057517699,0.5765463786172539,0.45556648990210885,0.8912771011276704,0.9586100751034589,0.5825163017992991,0.46418798002535305,0.8999678704022425,0.9675910541250938
scrolling,scrolling_01,proposed,detail,ok,,5,True,5,5,0.19441045820713043,0.19024844467639923,0.21588191986083985,0.22044330835342407,0.23609006702899932,0.22950498759746552,0.2740112006664276,0.2774443030357361,0.8393199680703274,0.8611419209640108,0.9901322473875817,0.9933845985869936,0.08309654706790123,0.08300202546296297,0.09801514274691359,0.10097463348765433,0.10885850694444443,0.10311342592592593,0.14859230324074071,0.15547984182098765,0.46401680651576027,0.3873617913812437,0.6867188102027761,0.746745592956545,0.3841762538935735,0.30765237400381634,0.6583150503168201,0.7342065600572217,0.41668053406859606,0.36113699969699337,0.664798419334747,0.7404229933111397
scrolling,scrolling_02,frame_wise,detail,ok,,5,True,5,5,0.21437146365642548,0.19898755848407745,0.2554883360862732,0.26195940375328064,0.21832708418369293,0.2024274617433548,0.26151620149612426,0.2684709131717682,0.9825313974215751,0.9824846567950192,0.996011565221972,0.9976850335951073,0.09148707561728395,0.08079571759259259,0.12051832561728394,0.12675202546296296,0.09416338734567901,0.08479214891975309,0.12413966049382714,0.130093074845679,0.5859422223506444,0.49561293557282526,0.8841551516677695,0.9630069283537456,0.5697556588308903,0.47349921797241573,0.8621649308900144,0.9415037755642958,0.5777126485904387,0.48430377547585024,0.8730114661800853,0.9521339597350402
scrolling,scrolling_02,optical_flow,detail,ok,,5,True,5,5,0.21376323699951172,0.19859062135219574,0.25558989942073823,0.2621508240699768,0.21832708418369293,0.2024274617433548,0.26151620149612426,0.2684709131717682,0.9793525605221017,0.9813812442438273,0.9878147417420233,0.9879323729387554,0.0899572723765432,0.07858603395061728,0.12036516203703702,0.1268262924382716,0.09416338734567901,0.08479214891975309,0.12413966049382714,0.130093074845679,0.44115763403277,0.2864883772306635,0.8545187814991237,0.963199701886405,0.4281724665562516,0.2717645386037253,0.8338781219148678,0.9422748284592658,0.4345467559748853,0.2789322883770425,0.8440601523668131,0.9526223724463861
scrolling,scrolling_02,proposed,detail,ok,,5,True,5,5,0.1709515407681465,0.13203899562358856,0.25433013439178465,0.26608362793922424,0.21832708418369293,0.2024274617433548,0.26151620149612426,0.2684709131717682,0.7637293369012712,0.6522780777194777,0.970309045274534,0.9911078440329342,0.06763300540123457,0.04541570216049383,0.11901253858024691,0.12819396219135804,0.09416338734567901,0.08479214891975309,0.12413966049382714,0.130093074845679,0.382576676605067,0.2792796905134145,0.6758071785113875,0.7471061571045395,0.29434347864126026,0.15008572067483292,0.6541105267869343,0.7370932047256645,0.3267111978960948,0.19524578612212828,0.6642748566658349,0.7420659053934571
scrolling,scrolling_03,frame_wise,detail,ok,,5,True,5,5,0.1944449871778488,0.19974464178085327,0.22038843631744384,0.22516074776649475,0.1981598198413849,0.2034643590450287,0.22401055097579955,0.22893276810646057,0.9811166219053267,0.9835234581263101,0.9865327997906185,0.9868642023661418,0.08376552854938273,0.07989293981481481,0.10267139274691359,0.10832320601851853,0.08571450617283952,0.0810841049382716,0.1061892361111111,0.11231915509259259,0.5976623006190986,0.4899259732202553,0.907279234172053,0.9815273546566208,0.5865715004412962,0.47987009152642457,0.8913112719818083,0.9653316362944283,0.5920611319239317,0.48484589731097155,0.8992225547159083,0.9733621302234734
scrolling,scrolling_03,optical_flow,detail,ok,,5,True,5,5,0.19388202130794524,0.2002333402633667,0.2190219908952713,0.22367973625659943,0.1981598198413849,0.2034643590450287,0.22401055097579955,0.22893276810646057,0.9783359773785198,0.9799906591375775,0.9841024777057309,0.9848948994826671,0.08183207947530864,0.07792293595679012,0.10078954475308642,0.106117862654321,0.08571450617283952,0.0810841049382716,0.1061892361111111,0.11231915509259259,0.45309441750202595,0.29971345640885994,0.877604195165816,0.9802126187788983,0.44073723822630867,0.29273693534100975,0.8595060693378263,0.9637376885378504,0.44680709607733055,0.29618411914776244,0.8684328121966811,0.9719053413474769
scrolling,scrolling_03,proposed,detail,ok,,5,True,5,5,0.14265687465667726,0.14583757519721985,0.17548195123672486,0.18253682553768158,0.1981598198413849,0.2034643590450287,0.22401055097579955,0.22893276810646057,0.7321612689175014,0.6370323322583555,0.9690341452382247,0.9956843627707017,0.05645592206790123,0.05639322916666667,0.07838869598765433,0.07999373070987655,0.08571450617283952,0.0810841049382716,0.1061892361111111,0.11231915509259259,0.3819943029918375,0.3353771689029135,0.5844391113144796,0.6423752825923135,0.27431144619722503,0.21680084154483587,0.5565820955775492,0.6308821430270733,0.31216800719022963,0.2685340958543404,0.5677663518098618,0.6365768410301113
scrolling,scrolling_04,frame_wise,detail,ok,,5,True,5,5,0.19590317606925964,0.184095561504364,0.23082643747329712,0.23770874738693237,0.19896963536739348,0.1886446326971054,0.23634745478630065,0.2446007877588272,0.9851735312039087,0.9777715515170247,1.000418794612299,1.0005688927744583,0.08794878472222223,0.08052131558641976,0.11305661651234568,0.11984230324074074,0.08956076388888888,0.0800805362654321,0.11845244984567901,0.126640625,0.6131253532082336,0.50508276686631,0.9180996578496495,0.9825705492541759,0.6064441438819073,0.5110209502158046,0.90252899177057,0.9699027344466875,0.6097123086661622,0.5080345069553385,0.910224316447984,0.9761955469137336
scrolling,scrolling_04,optical_flow,detail,ok,,5,True,5,5,0.19560954570770264,0.18401141464710236,0.22963949143886567,0.23563368618488312,0.19896963536739348,0.1886446326971054,0.23634745478630065,0.2446007877588272,0.983821598590648,0.9754394387809469,1.0101759305169646,1.0114520353270473,0.08648543595679012,0.0784813850308642,0.11116637731481481,0.11763261959876543,0.08956076388888888,0.0800805362654321,0.11845244984567901,0.126640625,0.4769742040757535,0.3149970884379894,0.8937884061068149,0.9838409527944917,0.46905096667738766,0.31669545937976556,0.878874960336834,0.9722884933015232,0.4729264099508554,0.315843990785651,0.8862269820330558,0.9780306099373942
scrolling,scrolling_04,proposed,detail,ok,,5,True,5,5,0.15556542128324508,0.16370262205600739,0.18662377893924714,0.1874362677335739,0.19896963536739348,0.1886446326971054,0.23634745478630065,0.2446007877588272,0.7844891212144951,0.7207639166903568,0.9752425876201369,0.993594490623692,0.06362152777777777,0.0709008487654321,0.08294994212962963,0.08423852237654321,0.08956076388888888,0.0800805362654321,0.11845244984567901,0.126640625,0.3959407746325921,0.3339134516851102,0.6473281481525638,0.7092060973115046,0.307888211596426,0.2164263790831753,0.6274943416242893,0.7019330764054567,0.3413954597966608,0.26262928915934025,0.6367231317555865,0.7055508442588544
scrolling,scrolling_05,frame_wise,detail,ok,,5,True,5,5,0.18875317573547362,0.18268050253391266,0.2168775111436844,0.22351661324501038,0.191035720705986,0.182502880692482,0.22230722308158873,0.22986668348312378,0.9888652969622459,0.9901457420046291,0.9989581381636967,1.0009732550015469,0.0801237461419753,0.07817563657407407,0.0906231674382716,0.09369020061728395,0.08158825231481483,0.0791845100308642,0.09332233796296296,0.0968431712962963,0.5743359323989395,0.48201474353042784,0.8680799129812817,0.9633202248347712,0.5652818493610744,0.4793439230722415,0.8445330620923626,0.9356469170476162,0.56975928905368,0.4806756233010155,0.8561400505308967,0.9492819318640889
scrolling,scrolling_05,optical_flow,detail,ok,,5,True,5,5,0.18873405754566192,0.18125297129154205,0.21710406243801117,0.22356055676937103,0.191035720705986,0.182502880692482,0.22230722308158873,0.22986668348312378,0.9887027435294973,0.9918210611597879,0.9953343807194198,0.9958801535320295,0.0788208912037037,0.07592881944444445,0.09075511188271605,0.09401475694444444,0.08158825231481483,0.0791845100308642,0.09332233796296296,0.0968431712962963,0.42051414046393365,0.29946775402360176,0.8321729978512618,0.9630364864656911,0.41270292052297436,0.29314101393707015,0.8125995374128914,0.9384505064387941,0.4165619932688018,0.29627061158083173,0.8222590734566637,0.9505845496868589
scrolling,scrolling_05,proposed,detail,ok,,5,True,5,5,0.15254982709884643,0.12943194806575775,0.21659495830535888,0.2276192009449005,0.191035720705986,0.182502880692482,0.22230722308158873,0.22986668348312378,0.7859790058724163,0.709204959256786,0.9717986314984054,0.990222669487515,0.057274787808641967,0.045576292438271604,0.08874257330246912,0.09443769290123456,0.08158825231481483,0.0791845100308642,0.09332233796296296,0.0968431712962963,0.38487859700097726,0.2831695872592555,0.6361608505447689,0.696169048032437,0.2920848351878169,0.15552918264256588,0.6130190091734049,0.6845289671038872,0.32627921915868513,0.19849886725737578,0.6238894238563079,0.6902999412688925
scrolling,scrolling_06,frame_wise,detail,ok,,1,True,1,1,0.18666371703147888,0.18666371703147888,0.18666371703147888,0.18666371703147888,0.1915368139743805,0.1915368139743805,0.1915368139743805,0.1915368139743805,0.9745579095643022,0.9745579095643022,0.9745579095643022,0.9745579095643022,0.0795018325617284,0.0795018325617284,0.0795018325617284,0.0795018325617284,0.08072482638888889,0.08072482638888889,0.08072482638888889,0.08072482638888889,0.9759606927299749,0.9759606927299749,0.9759606927299749,0.9759606927299749,0.9642812337580874,0.9642812337580874,0.9642812337580874,0.9642812337580874,0.9700858104726129,0.9700858104726129,0.9700858104726129,0.9700858104726129
scrolling,scrolling_06,optical_flow,detail,ok,,1,True,1,1,0.18677818775177002,0.18677818775177002,0.18677818775177002,0.18677818775177002,0.1915368139743805,0.1915368139743805,0.1915368139743805,0.1915368139743805,0.9751555530037845,0.9751555530037845,0.9751555530037845,0.9751555530037845,0.0798804012345679,0.0798804012345679,0.0798804012345679,0.0798804012345679,0.08072482638888889,0.08072482638888889,0.08072482638888889,0.08072482638888889,0.9747162521130162,0.9747162521130162,0.9747162521130162,0.9747162521130162,0.9668381215238573,0.9668381215238573,0.9668381215238573,0.9668381215238573,0.9707612035056791,0.9707612035056791,0.9707612035056791,0.9707612035056791
scrolling,scrolling_06,proposed,detail,ok,,1,True,1,1,0.190785214304924,0.190785214304924,0.190785214304924,0.190785214304924,0.1915368139743805,0.1915368139743805,0.1915368139743805,0.1915368139743805,0.99607595190783,0.99607595190783,0.99607595190783,0.99607595190783,0.07936005015432099,0.07936005015432099,0.07936005015432099,0.07936005015432099,0.08072482638888889,0.08072482638888889,0.08072482638888889,0.08072482638888889,0.6483917817708935,0.6483917817708935,0.6483917817708935,0.6483917817708935,0.6417967513187687,0.6417967513187687,0.6417967513187687,0.6417967513187687,0.6450774107033982,0.6450774107033982,0.6450774107033982,0.6450774107033982
scrolling,scrolling_07,frame_wise,detail,ok,,1,True,1,1,0.19492176175117493,0.19492176175117493,0.19492176175117493,0.19492176175117493,0.20191256701946259,0.20191256701946259,0.20191256701946259,0.20191256701946259,0.9653770670568821,0.9653770670568821,0.9653770670568821,0.9653770670568821,0.07995418595679013,0.07995418595679013,0.07995418595679013,0.07995418595679013,0.08178674768518518,0.08178674768518518,0.08178674768518518,0.08178674768518518,0.9767119239051106,0.9767119239051106,0.9767119239051106,0.9767119239051106,0.957285972888032,0.957285972888032,0.957285972888032,0.957285972888032,0.9669013868703815,0.9669013868703815,0.9669013868703815,0.9669013868703815
scrolling,scrolling_07,optical_flow,detail,ok,,1,True,1,1,0.19494159519672394,0.19494159519672394,0.19494159519672394,0.19494159519672394,0.20191256701946259,0.20191256701946259,0.20191256701946259,0.20191256701946259,0.9654752949475072,0.9654752949475072,0.9654752949475072,0.9654752949475072,0.08001302083333334,0.08001302083333334,0.08001302083333334,0.08001302083333334,0.08178674768518518,0.08178674768518518,0.08178674768518518,0.08178674768518518,0.9763011180423711,0.9763011180423711,0.9763011180423711,0.9763011180423711,0.9588603303202373,0.9588603303202373,0.9588603303202373,0.9588603303202373,0.9675021309774592,0.9675021309774592,0.9675021309774592,0.9675021309774592
scrolling,scrolling_07,proposed,detail,ok,,1,True,1,1,0.20020583271980286,0.20020583271980286,0.20020583271980286,0.20020583271980286,0.20191256701946259,0.20191256701946259,0.20191256701946259,0.20191256701946259,0.9915471616014113,0.9915471616014113,0.9915471616014113,0.9915471616014113,0.08052662037037037,0.08052662037037037,0.08052662037037037,0.08052662037037037,0.08178674768518518,0.08178674768518518,0.08178674768518518,0.08178674768518518,0.6429213079410708,0.6429213079410708,0.6429213079410708,0.6429213079410708,0.6335520923623027,0.6335520923623027,0.6335520923623027,0.6335520923623027,0.6382023154944975,0.6382023154944975,0.6382023154944975,0.6382023154944975
scrolling,scrolling_08,frame_wise,detail,ok,,1,True,1,1,0.04351331293582916,0.04351331293582916,0.04351331293582916,0.04351331293582916,0.04670234024524689,0.04670234024524689,0.04670234024524689,0.04670234024524689,0.9317158991889644,0.9317158991889644,0.9317158991889644,0.9317158991889644,0.016137635030864197,0.016137635030864197,0.016137635030864197,0.016137635030864197,0.01661844135802469,0.01661844135802469,0.01661844135802469,0.01661844135802469,0.9487194812180617,0.9487194812180617,0.9487194812180617,0.9487194812180617,0.9204585026117237,0.9204585026117237,0.9204585026117237,0.9204585026117237,0.9343753464197346,0.9343753464197346,0.9343753464197346,0.9343753464197346
scrolling,scrolling_08,optical_flow,detail,ok,,1,True,1,1,0.0435074158012867,0.0435074158012867,0.0435074158012867,0.0435074158012867,0.04670234024524689,0.04670234024524689,0.04670234024524689,0.04670234024524689,0.9315896285457482,0.9315896285457482,0.9315896285457482,0.9315896285457482,0.015303819444444445,0.015303819444444445,0.015303819444444445,0.015303819444444445,0.01661844135802469,0.01661844135802469,0.01661844135802469,0.01661844135802469,0.9719228587634714,0.9719228587634714,0.9719228587634714,0.9719228587634714,0.8955310504933256,0.8955310504933256,0.8955310504933256,0.8955310504933256,0.9321644774122659,0.9321644774122659,0.9321644774122659,0.9321644774122659
scrolling,scrolling_08,proposed,detail,ok,,1,True,1,1,0.04328256845474243,0.04328256845474243,0.04328256845474243,0.04328256845474243,0.04670234024524689,0.04670234024524689,0.04670234024524689,0.04670234024524689,0.9267751514689352,0.9267751514689352,0.9267751514689352,0.9267751514689352,0.014800347222222222,0.014800347222222222,0.014800347222222222,0.014800347222222222,0.01661844135802469,0.01661844135802469,0.01661844135802469,0.01661844135802469,0.8375692407950472,0.8375692407950472,0.8375692407950472,0.8375692407950472,0.7653221125943123,0.7653221125943123,0.7653221125943123,0.7653221125943123,0.7998174791495946,0.7998174791495946,0.7998174791495946,0.7998174791495946
scrolling,scrolling_09,frame_wise,detail,ok,,1,True,1,1,0.07600829750299454,0.07600829750299454,0.07600829750299454,0.07600829750299454,0.07976774871349335,0.07976774871349335,0.07976774871349335,0.07976774871349335,0.9528700349310113,0.9528700349310113,0.9528700349310113,0.9528700349310113,0.03265721450617284,0.03265721450617284,0.03265721450617284,0.03265721450617284,0.03329523533950617,0.03329523533950617,0.03329523533950617,0.03329523533950617,0.9870196993413863,0.9870196993413863,0.9870196993413863,0.9870196993413863,0.9699888472067323,0.9699888472067323,0.9699888472067323,0.9699888472067323,0.9784301678428531,0.9784301678428531,0.9784301678428531,0.9784301678428531
scrolling,scrolling_09,optical_flow,detail,ok,,1,True,1,1,0.07606729865074158,0.07606729865074158,0.07606729865074158,0.07606729865074158,0.07976774871349335,0.07976774871349335,0.07976774871349335,0.07976774871349335,0.9536096966200851,0.9536096966200851,0.9536096966200851,0.9536096966200851,0.03180989583333333,0.03180989583333333,0.03180989583333333,0.03180989583333333,0.03329523533950617,0.03329523533950617,0.03329523533950617,0.03329523533950617,0.9817619502433256,0.9817619502433256,0.9817619502433256,0.9817619502433256,0.9415999188887763,0.9415999188887763,0.9415999188887763,0.9415999188887763,0.9612616196185078,0.9612616196185078,0.9612616196185078,0.9612616196185078
scrolling,scrolling_09,proposed,detail,ok,,1,True,1,1,0.07629936933517456,0.07629936933517456,0.07629936933517456,0.07629936933517456,0.07976774871349335,0.07976774871349335,0.07976774871349335,0.07976774871349335,0.9565190263702141,0.9565190263702141,0.9565190263702141,0.9565190263702141,0.031570698302469134,0.031570698302469134,0.031570698302469134,0.031570698302469134,0.03329523533950617,0.03329523533950617,0.03329523533950617,0.03329523533950617,0.9600549912166807,0.9600549912166807,0.9600549912166807,0.9600549912166807,0.9163685346388378,0.9163685346388378,0.9163685346388378,0.9163685346388378,0.937703213961593,0.937703213961593,0.937703213961593,0.937703213961593
scrolling,scrolling_10,frame_wise,detail,ok,,1,True,1,1,0.09303504228591919,0.09303504228591919,0.09303504228591919,0.09303504228591919,0.09741465002298355,0.09741465002298355,0.09741465002298355,0.09741465002298355,0.9550415903970187,0.9550415903970187,0.9550415903970187,0.9550415903970187,0.03153935185185185,0.03153935185185185,0.03153935185185185,0.03153935185185185,0.0328125,0.0328125,0.0328125,0.0328125,0.9133792048929663,0.9133792048929663,0.9133792048929663,0.9133792048929663,0.8727660199882422,0.8727660199882422,0.8727660199882422,0.8727660199882422,0.8926108832471633,0.8926108832471633,0.8926108832471633,0.8926108832471633
scrolling,scrolling_10,optical_flow,detail,ok,,1,True,1,1,0.09299338608980179,0.09299338608980179,0.09299338608980179,0.09299338608980179,0.09741465002298355,0.09741465002298355,0.09741465002298355,0.09741465002298355,0.954613973030354,0.954613973030354,0.954613973030354,0.954613973030354,0.031312210648148146,0.031312210648148146,0.031312210648148146,0.031312210648148146,0.0328125,0.0328125,0.0328125,0.0328125,0.9151226724576076,0.9151226724576076,0.9151226724576076,0.9151226724576076,0.8689300411522634,0.8689300411522634,0.8689300411522634,0.8689300411522634,0.8914283477969521,0.8914283477969521,0.8914283477969521,0.8914283477969521
scrolling,scrolling_10,proposed,detail,ok,,1,True,1,1,0.09320326149463654,0.09320326149463654,0.09320326149463654,0.09320326149463654,0.09741465002298355,0.09741465002298355,0.09741465002298355,0.09741465002298355,0.9567684272606491,0.9567684272606491,0.9567684272606491,0.9567684272606491,0.031003086419753086,0.031003086419753086,0.031003086419753086,0.031003086419753086,0.0328125,0.0328125,0.0328125,0.0328125,0.912720881035341,0.912720881035341,0.912720881035341,0.912720881035341,0.8614785420340976,0.8614785420340976,0.8614785420340976,0.8614785420340976,0.8863597221986345,0.8863597221986345,0.8863597221986345,0.8863597221986345
static,static_01,frame_wise,detail,ok,,5,True,5,5,0.15362845957279206,0.15225064754486084,0.17268321216106414,0.17745400965213776,0.154940864443779,0.15414075553417206,0.17767448723316193,0.1835061013698578,0.992997258865387,0.9951537542378583,1.0083324253172923,1.0088623453228593,0.05815393518518519,0.05663724922839506,0.06323582175925926,0.06463831018518519,0.0585234375,0.05732735339506173,0.06444020061728395,0.06591194058641975,0.5437277155602727,0.43986677043843575,0.8678479972656913,0.9731262217049406,0.5370958489236165,0.4363672958616646,0.8529743071483177,0.9545052130967624,0.5403743906618208,0.4354374254446769,0.8603391987909877,0.963725777499653
static,static_01,optical_flow,detail,ok,,5,True,5,5,0.15328605473041534,0.15166118741035461,0.17257806956768035,0.1773875206708908,0.154940864443779,0.15414075553417206,0.17767448723316193,0.1835061013698578,0.9906928810583258,0.9934708235209841,1.0047306238724887,1.0047434978015646,0.05792766203703703,0.056382619598765435,0.06294743441358025,0.06436246141975309,0.0585234375,0.05732735339506173,0.06444020061728395,0.06591194058641975,0.538518356669689,0.43911713362255217,0.867020727574978,0.9731758852707137,0.530202123025161,0.44054945340292384,0.8497486491723035,0.9515931955368575,0.5343059040166962,0.4407377950916865,0.8581053956322382,0.9622635356295525
static,static_01,proposed,detail,ok,,5,True,5,5,0.15357578694820403,0.15162982046604156,0.172811222076416,0.17748220264911652,0.154940864443779,0.15414075553417206,0.17767448723316193,0.1835061013698578,0.9926181492656564,0.9985699143696043,1.0075308275249557,1.0080055756479807,0.05790480324074073,0.056651234567901235,0.06359124228395062,0.06508825231481481,0.0585234375,0.05732735339506173,0.06444020061728395,0.06591194058641975,0.7790543981712916,0.7705063380034411,0.9061032941254292,0.9394518660116917,0.7683635644364027,0.7610858535942545,0.893780320768752,0.9258459850009145,0.7736693587105817,0.7668533897502267,0.899680222694696,0.9325993034049378
static,static_02,frame_wise,detail,ok,,5,True,5,5,0.2003438115119934,0.19810089468955994,0.2118579000234604,0.21213331818580627,0.20269549489021302,0.20256280899047852,0.21637027263641356,0.2175908088684082,0.9887891785363635,0.993875983774173,1.0025319244392277,1.0030507172405474,0.07663667052469136,0.07557773919753086,0.08013368055555556,0.08020254629629629,0.07682802854938273,0.07648582175925926,0.08052430555555556,0.0808396026234568,0.6169398362145668,0.5315726336476985,0.8932884566754291,0.9783204705484498,0.6119503011186556,0.5239059022326467,0.8860964827078228,0.9685615257503176,0.6144264797354584,0.5277114233329198,0.8896720497831929,0.9734165392957516
static,static_02,optical_flow,detail,ok,,5,True,5,5,0.20110400319099425,0.19928060472011566,0.21201436817646027,0.21214690804481506,0.20269549489021302,0.20256280899047852,0.21637027263641356,0.2175908088684082,0.992636446075462,0.9949516197208749,1.0081298997594186,1.009383630824241,0.0763106674382716,0.07574652777777778,0.0799657600308642,0.08006655092592592,0.07682802854938273,0.07648582175925926,0.08052430555555556,0.0808396026234568,0.6145906305096928,0.5216411887294761,0.8908221693392546,0.9807189918839139,0.6079550050410787,0.5231934224878784,0.8793779483700634,0.9680484880301141,0.6112457971576771,0.5231640305383181,0.88491073696872,0.9743425493918071
static,static_02,proposed,detail,ok,,5,True,5,5,0.20121222734451294,0.19981569051742554,0.21259071826934814,0.213307723402977,0.20269549489021302,0.20256280899047852,0.21637027263641356,0.2175908088684082,0.9932144310619784,0.9916523447782555,1.0104502792439936,1.014861882122782,0.07667968750000001,0.07587046682098765,0.08086400462962963,0.08155526620370371,0.07682802854938273,0.07648582175925926,0.08052430555555556,0.0808396026234568,0.7812442700386256,0.7650019142183196,0.8318836247915719,0.8431995174823934,0.7777840001497982,0.7559058730991085,0.833219706692766,0.8468821027387863,0.7795028892155378,0.7602428901455467,0.8325443159290093,0.8450367980457262
static,static_03,frame_wise,detail,ok,,5,True,5,5,0.15114170014858247,0.13529962301254272,0.20085364878177642,0.20499171316623688,0.15259095281362534,0.13941456377506256,0.2040809780359268,0.20733171701431274,0.9952906912505851,0.9887137198216791,1.0373429332294177,1.0446646046939356,0.06027546296296297,0.04317804783950617,0.09181799768518518,0.09269820601851853,0.061629726080246916,0.044702932098765434,0.09434114583333333,0.09518277391975309,0.5261502438689696,0.42626264882614423,0.8803957785615827,0.9652635545870132,0.5104209232178074,0.4118947958919479,0.8545131028667386,0.9397068567945082,0.5181257140534258,0.41895557413716983,0.8672472150467462,0.9523137739461638
static,static_03,optical_flow,detail,ok,,5,True,5,5,0.15002198666334152,0.13498014211654663,0.19756574034690857,0.20092324912548065,0.15259095281362534,0.13941456377506256,0.2040809780359268,0.20733171701431274,0.9888633177198688,0.9690907499290632,1.0344244919190422,1.0429189347876333,0.05989313271604938,0.04313078703703704,0.0903293788580247,0.0908569637345679,0.061629726080246916,0.044702932098765434,0.09434114583333333,0.09518277391975309,0.6278391819024127,0.49860235252023793,0.9649404398043253,0.9654350547474184,0.6079975359959853,0.476881418831449,0.9347317527570432,0.9387950913090726,0.61771922438906,0.4875000574803528,0.9495818461006335,0.9519287279970353
static,static_03,proposed,detail,ok,,5,True,5,5,0.14766436517238618,0.1359454244375229,0.18684674203395843,0.187272310256958,0.15259095281362534,0.13941456377506256,0.2040809780359268,0.20733171701431274,0.9780042593378973,0.9751163777757327,1.0260466303044513,1.0291749635406127,0.058138310185185185,0.04399691358024691,0.0867854938271605,0.08826822916666667,0.061629726080246916,0.044702932098765434,0.09434114583333333,0.09518277391975309,0.8937313193450318,0.9237219396702911,0.9439703543309079,0.945759274722653,0.8580350412895491,0.8533552987206878,0.9127237172600939,0.9149725675210051,0.8747900937233375,0.8732348555180239,0.9233349948881863,0.9257648047064746
static,static_04,frame_wise,detail,ok,,5,True,5,5,0.15000148266553878,0.13833042979240417,0.19462584853172302,0.19985778629779816,0.1403723731637001,0.13408520817756653,0.16232285499572754,0.16254660487174988,1.0580034262430478,1.0316606259000305,1.198835287534811,1.2295414380108831,0.05802989969135802,0.0551075424382716,0.0664074074074074,0.0683839699074074,0.05568084490740741,0.054666763117283954,0.058047260802469136,0.05827256944444444,0.41629994190396546,0.29715325848202956,0.8655708933978175,0.9801325675448456,0.42299671143840056,0.3031300896218439,0.8698016920868785,0.9877148126041212,0.419346479152171,0.300111919344775,0.8676641557429776,0.9839090826306544
static,static_04,optical_flow,detail,ok,,5,True,5,5,0.14028844237327576,0.13302689790725708,0.16513451039791108,0.16592912375926971,0.1403723731637001,0.13408520817756653,0.16232285499572754,0.16254660487174988,0.9979847667910942,0.9936536489443973,1.0173020379428348,1.0208095326887243,0.054879243827160494,0.05467158564814815,0.05709500385802469,0.057648051697530865,0.05568084490740741,0.054666763117283954,0.058047260802469136,0.05827256944444444,0.6935954188410978,0.9142556930379173,0.986507892356254,0.988273044986101,0.6845972926311122,0.8885732685233377,0.9846829873830466,0.9862181400279735,0.6890226810606962,0.9012315496920411,0.9855945426110592,0.9872445232101928
static,static_04,proposed,detail,ok,,5,True,5,5,0.1369068890810013,0.13252532482147217,0.15737678706645966,0.15849745273590088,0.1403723731637001,0.13408520817756653,0.16232285499572754,0.16254660487174988,0.976857836757889,0.9847597569083274,0.9888234716120851,0.9889377202703284,0.05454851466049383,0.05432002314814815,0.056096450617283945,0.056332947530864194,0.05568084490740741,0.054666763117283954,0.058047260802469136,0.05827256944444444,0.8574757406252201,0.8492278190596857,0.8750502873869198,0.8761164083169091,0.8405535330906,0.8349508008573985,0.8735070374781093,0.8762114968716903,0.848859967757658,0.8420287958164143,0.8742748786588472,0.8761639500143507
static,static_05,frame_wise,detail,ok,,5,True,5,5,0.08644538000226021,0.07253250479698181,0.12965255230665207,0.13573521375656128,0.08852951154112816,0.07340341806411743,0.1347055047750473,0.14094261825084686,0.982326957801955,0.9881352491463696,1.0036167654904857,1.0057428542173983,0.041523533950617295,0.033236400462962966,0.07138599537037037,0.07810185185185185,0.04309567901234568,0.03382137345679012,0.07588686342592592,0.08309702932098766,0.59478260605646,0.47316414921864797,0.9020767393951585,0.9560234830267975,0.5791412308409554,0.47627331318085897,0.8569643402454001,0.9078878581313106,0.5867493011727266,0.47471364034283725,0.8789419061977319,0.9313341178439762
static,static_05,optical_flow,detail,ok,,5,True,5,5,0.08652927502989768,0.07336817681789398,0.12950823009014129,0.13562750816345215,0.08852951154112816,0.07340341806411743,0.1347055047750473,0.14094261825084686,0.9839638348470079,0.9990492612141344,1.0015194250808805,1.0020193072543655,0.04192062114197531,0.03401765046296296,0.07242515432098764,0.0792163387345679,0.04309567901234568,0.03382137345679012,0.07588686342592592,0.08309702932098766,0.6097432838162137,0.44787989622761876,0.9210675900894744,0.950315390188808,0.5974426209167412,0.4545713796840244,0.8888306090469937,0.9178617190302906,0.6034614659296337,0.4512008299955236,0.9046611762781052,0.9338066646413906
static,static_05,proposed,detail,ok,,5,True,5,5,0.08396094068884849,0.07166174799203873,0.12327654808759689,0.12793107330799103,0.08852951154112816,0.07340341806411743,0.1347055047750473,0.14094261825084686,0.9572507585139587,0.9685066093385637,0.9794514259796163,0.9802461250167755,0.03925993441358025,0.03318721064814815,0.06318499228395061,0.06739535108024691,0.04309567901234568,0.03382137345679012,0.07588686342592592,0.08309702932098766,0.8592244850741808,0.9072093071656018,0.9428731227564715,0.9465048550636489,0.8080451517453049,0.7879577505658406,0.9062178324834306,0.9105258655107512,0.8320052893167343,0.8599849129926027,0.9150807572767581,0.9193496819973959
static,static_06,frame_wise,detail,ok,,5,True,5,5,0.15944892317056655,0.16849879920482635,0.1751241832971573,0.1760026514530182,0.1372225597500801,0.13799528777599335,0.15098732709884644,0.15258397161960602,1.1592756860702216,1.1652692005516905,1.259462108454672,1.2634287754705096,0.06756114969135803,0.0779369212962963,0.09096305941358024,0.09149980709876543,0.047554687500000005,0.04908227237654321,0.054143711419753084,0.05500868055555556,0.3584004251437449,0.21533320957861518,0.8374063861662144,0.9896280007330035,0.4017375742007845,0.30179706613478485,0.8237571205501988,0.9530251034223393,0.3758620359334252,0.25133678666390585,0.8283861736163074,0.9709817215753369
static,static_06,optical_flow,detail,ok,,5,True,5,5,0.1371530756354332,0.1409681886434555,0.1513209044933319,0.15246230363845825,0.1372225597500801,0.13799528777599335,0.15098732709884644,0.15258397161960602,0.9985311398443244,0.9992026162390695,1.0202148071369193,1.0215434955452105,0.05028288966049384,0.05406780478395062,0.061791570216049384,0.06248456790123457,0.047554687500000005,0.04908227237654321,0.054143711419753084,0.05500868055555556,0.4572600077335124,0.35160112107073693,0.8702048767726527,0.9887578865313877,0.4511604727894599,0.36767588346115054,0.8448842103296728,0.9534716998871756,0.45379232035242784,0.3594588788494574,0.8572618958382254,0.9707942556743279
static,static_06,proposed,detail,ok,,5,True,5,5,0.13175662159919738,0.13063928484916687,0.14349720776081085,0.14453372359275818,0.1372225597500801,0.13799528777599335,0.15098732709884644,0.15258397161960602,0.9608785922014057,0.9636958686693065,0.9739747038111881,0.9743702589798152,0.04443161651234569,0.0444507137345679,0.04840962577160494,0.048824266975308644,0.047554687500000005,0.04908227237654321,0.054143711419753084,0.05500868055555556,0.8667367964194161,0.8816696627881709,0.8890154403782599,0.8904234428737265,0.8101796862605066,0.7901215086002841,0.8664065014590533,0.8758814403911245,0.8370205077953253,0.8333889734215211,0.8718933349375743,0.8796164401178416
static,static_07,frame_wise,detail,ok,,4,True,4,4,0.13191340491175652,0.13978810608386993,0.16568331196904182,0.16756752133369446,0.1297312844544649,0.1323486641049385,0.15677255019545555,0.15900936722755432,1.0040372330191962,1.0038713410418276,1.1433840944048224,1.1628779664708175,0.05340735918209877,0.05088107638888889,0.08061135223765431,0.08405912422839507,0.044951774691358026,0.04345654899691358,0.058206428433641974,0.060404128086419755,0.37665563856298284,0.22239131284663127,0.8539364649526432,0.9532781124894388,0.3995164581768808,0.27370580012149687,0.8567541920511718,0.9569195394957446,0.3846371046064228,0.24142408921916175,0.8553419358813734,0.9550953551500252
static,static_07,optical_flow,detail,ok,,4,True,4,4,0.12588762864470482,0.12824655324220657,0.15232177302241326,0.15498337149620056,0.1297312844544649,0.1323486641049385,0.15677255019545555,0.15900936722755432,0.970725491116965,0.9708288442907278,0.9867129225961597,0.9888362447416602,0.044726683063271606,0.04385561342592592,0.05871424093364197,0.060706500771604936,0.044951774691358026,0.04345654899691358,0.058206428433641974,0.060404128086419755,0.631713174703208,0.6377958244254228,0.97232170794146,0.9757715051832699,0.6203264087188237,0.6356791388698947,0.9513892121016773,0.9521212895396555,0.6258933989472502,0.637956903208682,0.959967361982027,0.9612944914280187
static,static_07,proposed,detail,ok,,4,True,4,4,0.12710716761648655,0.1281697042286396,0.15265723094344139,0.15545395016670227,0.1297312844544649,0.1323486641049385,0.15677255019545555,0.15900936722755432,0.9832679873850206,0.9843846924135138,1.0113175471263083,1.0148801999498749,0.043685739776234564,0.04097318672839506,0.057791425540123446,0.06057918595679012,0.044951774691358026,0.04345654899691358,0.058206428433641974,0.060404128086419755,0.9025216048329134,0.9025150890751563,0.9433643585774824,0.9454689698530072,0.8761599523453925,0.8918237754707858,0.9346232071086371,0.9394843478648083,0.8888330655618821,0.8970874634660038,0.9389614971046379,0.9424671584378616
static,static_08,frame_wise,detail,ok,,4,True,4,4,0.24586660042405128,0.23831891268491745,0.2882274657487869,0.2951663136482239,0.1394303571432829,0.1437220796942711,0.15370748266577722,0.15433244407176971,1.7636312082647898,1.7422208271224768,1.8994868193024037,1.9125357304065096,0.1297723765432099,0.1274631076388889,0.15195317322530863,0.15530430169753087,0.04242537133487654,0.04246238425925926,0.04528093653549383,0.04572386188271605,0.12983176980083147,0.12994136863961292,0.13901320436724893,0.14032772428184165,0.37859236248339156,0.34827247027442876,0.4668426186838915,0.48590596459578306,0.19275906158852252,0.18720644408593662,0.21336628779948702,0.21776560232301367
static,static_08,optical_flow,detail,ok,,4,True,4,4,0.2390446551144123,0.23257245123386383,0.2784487932920456,0.28311532735824585,0.1394303571432829,0.1437220796942711,0.15370748266577722,0.15433244407176971,1.714623362112092,1.7357146517944755,1.8282713964562098,1.8344511360591673,0.12376844618055556,0.12719738618827162,0.14344499903549382,0.1455025077160494,0.04242537133487654,0.04246238425925926,0.04528093653549383,0.04572386188271605,0.12930060496738288,0.12656815787104203,0.14223857771604323,0.1441265569380274,0.3706338676276242,0.3531701970099925,0.4683061544590436,0.48811590934716426,0.19106161839889152,0.1853467583850195,0.21785010942951596,0.22254267674942113
static,static_08,proposed,detail,ok,,4,True,4,4,0.14023866225033998,0.15608878433704376,0.18648512065410613,0.1902417689561844,0.1394303571432829,0.1437220796942711,0.15370748266577722,0.15433244407176971,0.978201263829918,1.0705370065450892,1.2374458366029326,1.266876157036209,0.08084828317901234,0.09198953510802468,0.12249761284722221,0.12657118055555555,0.04242537133487654,0.04246238425925926,0.04528093653549383,0.04572386188271605,0.12616522737968144,0.12735027531300713,0.1452864812777463,0.147871643745907,0.22293765195627063,0.26054418520967204,0.31702423266843505,0.32487315368136205,0.1462738851064719,0.1570243195667507,0.19757759947801823,0.20323661944125554
static,static_09,frame_wise,detail,ok,,5,True,5,5,0.13462119847536086,0.11893738806247711,0.18630155026912687,0.19557006657123566,0.12381351292133332,0.12122000753879547,0.14154691696166993,0.1436408907175064,1.0725137175187018,1.0639314623458715,1.3133307237053862,1.3615208426676815,0.05855613425925926,0.04065586419753087,0.10464824459876543,0.11381124614197531,0.04270785108024692,0.04046875,0.04806684027777777,0.04883101851851852,0.356996103632589,0.2183780439747626,0.8392787127608132,0.9769168722717784,0.39830944256177847,0.2792810369846477,0.8644218906544101,0.9815529815529815,0.37163299590587623,0.2814871098591206,0.8401685572754496,0.9792294395904217
static,static_09,optical_flow,detail,ok,,5,True,5,5,0.12721484303474426,0.1188194751739502,0.1629380255937576,0.1693652719259262,0.12381351292133332,0.12122000753879547,0.14154691696166993,0.1436408907175064,1.0196917678526745,1.0151018345488974,1.1493649655039204,1.1790881487849518,0.050774884259259266,0.040536747685185184,0.07950790895061728,0.08560474537037037,0.04270785108024692,0.04046875,0.04806684027777777,0.04883101851851852,0.5065730793135791,0.23838562354546886,0.9711315418625089,0.9804062126642772,0.5295265251601642,0.33375799952595403,0.9729534658146444,0.9785261451928119,0.515796452521177,0.2724678048033994,0.9720271084591399,0.9794652767397366
static,static_09,proposed,detail,ok,,5,True,5,5,0.12147662937641143,0.11894302815198898,0.1351005971431732,0.13681796193122864,0.12381351292133332,0.12122000753879547,0.14154691696166993,0.1436408907175064,0.9835762264544405,0.9812161421778681,1.0113782518698975,1.011877359201146,0.040663387345679015,0.04006365740740741,0.0432012924382716,0.04390914351851852,0.04270785108024692,0.04046875,0.04806684027777777,0.04883101851851852,0.9494480462635156,0.9485299553934495,0.9703140217981774,0.9735090609555189,0.9087609108602267,0.9288335955002621,0.9540102344335063,0.958442571975563,0.9281031745740229,0.9300070606639093,0.9548635259645851,0.9579880030820473
static,static_10,frame_wise,detail,ok,,5,True,5,5,0.12016804963350296,0.1115364283323288,0.16599136441946027,0.17942774295806885,0.11751224994659423,0.11491875350475311,0.14950463622808455,0.1577884554862976,1.0129961130905838,0.990203122828774,1.1102135638073933,1.1371411324426735,0.044853684413580244,0.03840374228395062,0.07179658564814814,0.07992042824074073,0.04158998842592593,0.040570505401234566,0.051235725308641976,0.05377459490740741,0.4007257019562376,0.29977145440389785,0.8576281249643286,0.9783054175102767,0.40441816040868606,0.28182984027908564,0.8531899093867426,0.9767652976102851,0.40108776002574303,0.2888596387626661,0.8553735117759622,0.9775347509404568
static,static_10,optical_flow,detail,ok,,5,True,5,5,0.11330935806035995,0.10915162414312363,0.1485151410102844,0.1577063798904419,0.11751224994659423,0.11491875350475311,0.14950463622808455,0.1577884554862976,0.962964199344499,0.9724277551011941,1.0037516517831935,1.0048196052880471,0.03980034722222222,0.03444878472222222,0.054492380401234566,0.05814236111111111,0.04158998842592593,0.040570505401234566,0.051235725308641976,0.05377459490740741,0.4587208077979786,0.360082611724893,0.8608706961072686,0.9701405930779367,0.4458261360770366,0.37289138798461086,0.8701595803646865,0.9834756366848226,0.4515317818730066,0.36637508268624625,0.8654730729034407,0.9767626035405932
static,static_10,proposed,detail,ok,,5,True,5,5,0.11532868444919586,0.1117723360657692,0.14195512980222702,0.14824502170085907,0.11751224994659423,0.11491875350475311,0.14950463622808455,0.1577884554862976,0.9859224209901385,1.0036625020143952,1.0076083653167822,1.0080767565522604,0.04005854552469136,0.03944926697530864,0.04661400462962963,0.04826051311728395,0.04158998842592593,0.040570505401234566,0.051235725308641976,0.05377459490740741,0.921481735202919,0.9306763692441146,0.9699564179114409,0.9749666098932742,0.8955973488968819,0.912976615326822,0.9512589964224448,0.9515375563136687,0.9079352668650706,0.9310799031351592,0.9585496549994702,0.9631096176571816
weak_border,weak_border_01,frame_wise,detail,ok,,5,True,5,5,0.05562475845217705,0.045339759439229965,0.09527559131383895,0.10162904113531113,0.057223863527178766,0.04276968538761139,0.09475430995225906,0.09846849739551544,0.9711459385837411,0.9523498912803542,1.0544922173606035,1.0600910207387924,0.021650077160493823,0.004528356481481481,0.06389612268518517,0.0741893325617284,0.018083719135802468,0.003841145833333333,0.04646045524691357,0.050963059413580244,0.33900725127186165,0.1420211247502141,0.7998175972887699,0.8546446231880982,0.3323844479465994,0.12605147520401758,0.7126665693640349,0.7166460062265204,0.33252486771387085,0.13356062714320466,0.7424161255357831,0.7676616608655288
weak_border,weak_border_01,optical_flow,detail,ok,,5,True,5,5,0.055680226162076,0.048367176204919815,0.09209256917238234,0.09760703891515732,0.057223863527178766,0.04276968538761139,0.09475430995225906,0.09846849739551544,0.9896359269545038,0.9912514306286413,1.116321583845477,1.1308751927113727,0.020733796296296295,0.005606192129629629,0.05913435570987653,0.06810715663580247,0.018083719135802468,0.003841145833333333,0.04646045524691357,0.050963059413580244,0.4015281758581367,0.4834177421989871,0.81164180805953,0.8541402991887462,0.372455566799417,0.3709981167608286,0.7397185686597426,0.7473717081294889,0.3832919531054334,0.419812132660873,0.7580133972569912,0.7748951861803918
weak_border,weak_border_01,proposed,detail,ok,,5,True,5,5,0.05572135671973229,0.04568346217274666,0.09687733948230742,0.10377853363752365,0.057223863527178766,0.04276968538761139,0.09475430995225906,0.09846849739551544,0.9663821460875885,0.9218536047819262,1.0652869690994833,1.0681271503105156,0.019865451388888893,0.005244020061728395,0.05732166280864197,0.06606288580246913,0.018083719135802468,0.003841145833333333,0.04646045524691357,0.050963059413580244,0.35386678948302214,0.1076555023923445,0.8043103905374382,0.827865139455122,0.34707420049963117,0.08976773383553044,0.820662546511743,0.8591841176414925,0.3466151432480137,0.0979012467765615,0.7697476586594029,0.7775553032981888
weak_border,weak_border_02,frame_wise,detail,ok,,5,True,5,5,0.021016855910420417,0.01928711123764515,0.030280832201242447,0.031520869582891464,0.022568929195404052,0.01992681436240673,0.0333941038697958,0.034834153950214386,0.938352068175363,0.9323768551099462,0.9698287605529877,0.9703116078927242,0.0023777970679012346,0.0021903935185185186,0.0027764274691358024,0.0028125,0.002025848765432099,0.002017746913580247,0.002213155864197531,0.0022337962962962962,0.8161027538918836,0.8392778511668868,0.9467026027862222,0.9673963670237541,0.9466916067376066,0.9447713897691263,0.985642572944297,0.9954907161803713,0.8727105268044625,0.8895595396595567,0.9446132914882482,0.9559500277983549
weak_border,weak_border_02,optical_flow,detail,ok,,5,True,5,5,0.023729556798934938,0.02373761497437954,0.031219448894262314,0.03155437484383583,0.022568929195404052,0.01992681436240673,0.0333941038697958,0.034834153950214386,1.0766637783127968,1.0812712378450589,1.233724777126601,1.244346013646486,0.0027450810185185187,0.002739679783950617,0.00331664737654321,0.003400848765432099,0.002025848765432099,0.002017746913580247,0.002213155864197531,0.0022337962962962962,0.5813239837675989,0.4748341155526784,0.9009286989161451,0.9767660173668153,0.7457980389404095,0.7005258126195029,0.9053117401323018,0.9409234947940245,0.6445617184807365,0.5660113922282276,0.8946585655615323,0.9585097992440202
weak_border,weak_border_02,proposed,detail,ok,,5,True,5,5,0.026469947770237923,0.025819512084126472,0.031930727139115336,0.03231007605791092,0.022568929195404052,0.01992681436240673,0.0333941038697958,0.034834153950214386,1.2496322352099751,1.1274865217060892,1.614309988023576,1.6596652615565388,0.003610146604938271,0.0036786265432098763,0.004668402777777777,0.004819155092592593,0.002025848765432099,0.002017746913580247,0.002213155864197531,0.0022337962962962962,0.18928718127553598,0.05814069848894226,0.6144776046500268,0.7457627118644068,0.2471137748986628,0.12435233160621761,0.7203778632865548,0.8650973291081937,0.2120162476783817,0.07923515122242268,0.6627128124888358,0.8010097882778823
weak_border,weak_border_03,frame_wise,detail,ok,,5,True,5,5,0.10625816360116005,0.08506517857313156,0.18238242864608764,0.18958042562007904,0.09701482355594634,0.08297409862279892,0.15732848048210143,0.16427162289619446,1.0573663750668492,1.025201598872905,1.1792251439993449,1.185514730830942,0.060139564043209894,0.04666666666666667,0.12541734182098765,0.13479263117283952,0.04922675540123457,0.04395978009259259,0.09756442901234567,0.10726610725308643,0.6463520692589195,0.7507781586084019,0.9000813356864283,0.9360929063805222,0.7182213101672462,0.7990565520267676,0.9109267587142676,0.9181664096535043,0.6742001530805217,0.776950709105301,0.8467336549780883,0.851897541518167
weak_border,weak_border_03,optical_flow,detail,ok,,5,True,5,5,0.1071624994277954,0.08830662816762924,0.17904568910598753,0.18492630124092102,0.09701482355594634,0.08297409862279892,0.15732848048210143,0.16427162289619446,1.082638027602728,1.096348041853894,1.1854936906796174,1.2004333848993887,0.05760050154320987,0.04651089891975309,0.1166333912037037,0.12438802083333333,0.04922675540123457,0.04395978009259259,0.09756442901234567,0.10726610725308643,0.6359655376651367,0.7457514645652963,0.9044785754557197,0.9329019362051734,0.6850359439401593,0.7868356096758269,0.8915029940430248,0.895511785889303,0.6545844547702092,0.7657428646635662,0.8480426072456518,0.8500791440251241
weak_border,weak_border_03,proposed,detail,ok,,5,True,5,5,0.1074163019657135,0.09795830398797989,0.17478231191635132,0.18026874959468842,0.09701482355594634,0.08297409862279892,0.15732848048210143,0.16427162289619446,1.0911743149764206,1.097382167512905,1.1804103160591852,1.1805889502132385,0.061142554012345675,0.05700038580246913,0.12165007716049384,0.13006221064814816,0.04922675540123457,0.04395978009259259,0.09756442901234567,0.10726610725308643,0.6349478308694303,0.7123520385795704,0.9190842559802935,0.9358987427794767,0.6991753186527869,0.7968787582947776,0.948492535789465,0.9490807616546291,0.6609221757772531,0.8138512917838443,0.8893698717108993,0.8965093411078296
weak_border,weak_border_04,frame_wise,detail,ok,,5,True,5,5,0.021016855910420417,0.01928711123764515,0.030280832201242447,0.031520869582891464,0.022568929195404052,0.01992681436240673,0.0333941038697958,0.034834153950214386,0.938352068175363,0.9323768551099462,0.9698287605529877,0.9703116078927242,0.0023777970679012346,0.0021903935185185186,0.0027764274691358024,0.0028125,0.002025848765432099,0.002017746913580247,0.002213155864197531,0.0022337962962962962,0.8161027538918836,0.8392778511668868,0.9467026027862222,0.9673963670237541,0.9466916067376066,0.9447713897691263,0.985642572944297,0.9954907161803713,0.8727105268044625,0.8895595396595567,0.9446132914882482,0.9559500277983549
weak_border,weak_border_04,optical_flow,detail,ok,,5,True,5,5,0.023729556798934938,0.02373761497437954,0.031219448894262314,0.03155437484383583,0.022568929195404052,0.01992681436240673,0.0333941038697958,0.034834153950214386,1.0766637783127968,1.0812712378450589,1.233724777126601,1.244346013646486,0.0027450810185185187,0.002739679783950617,0.00331664737654321,0.003400848765432099,0.002025848765432099,0.002017746913580247,0.002213155864197531,0.0022337962962962962,0.5813239837675989,0.4748341155526784,0.9009286989161451,0.9767660173668153,0.7457980389404095,0.7005258126195029,0.9053117401323018,0.9409234947940245,0.6445617184807365,0.5660113922282276,0.8946585655615323,0.9585097992440202
weak_border,weak_border_04,proposed,detail,ok,,5,True,5,5,0.026469947770237923,0.025819512084126472,0.031930727139115336,0.03231007605791092,0.022568929195404052,0.01992681436240673,0.0333941038697958,0.034834153950214386,1.2496322352099751,1.1274865217060892,1.614309988023576,1.6596652615565388,0.003610146604938271,0.0036786265432098763,0.004668402777777777,0.004819155092592593,0.002025848765432099,0.002017746913580247,0.002213155864197531,0.0022337962962962962,0.18928718127553598,0.05814069848894226,0.6144776046500268,0.7457627118644068,0.2471137748986628,0.12435233160621761,0.7203778632865548,0.8650973291081937,0.2120162476783817,0.07923515122242268,0.6627128124888358,0.8010097882778823
weak_border,weak_border_05,frame_wise,detail,ok,,5,True,5,5,0.05562475845217705,0.045339759439229965,0.09527559131383895,0.10162904113531113,0.057223863527178766,0.04276968538761139,0.09475430995225906,0.09846849739551544,0.9711459385837411,0.9523498912803542,1.0544922173606035,1.0600910207387924,0.021650077160493823,0.004528356481481481,0.06389612268518517,0.0741893325617284,0.018083719135802468,0.003841145833333333,0.04646045524691357,0.050963059413580244,0.33900725127186165,0.1420211247502141,0.7998175972887699,0.8546446231880982,0.3323844479465994,0.12605147520401758,0.7126665693640349,0.7166460062265204,0.33252486771387085,0.13356062714320466,0.7424161255357831,0.7676616608655288
weak_border,weak_border_05,optical_flow,detail,ok,,5,True,5,5,0.055680226162076,0.048367176204919815,0.09209256917238234,0.09760703891515732,0.057223863527178766,0.04276968538761139,0.09475430995225906,0.09846849739551544,0.9896359269545038,0.9912514306286413,1.116321583845477,1.1308751927113727,0.020733796296296295,0.005606192129629629,0.05913435570987653,0.06810715663580247,0.018083719135802468,0.003841145833333333,0.04646045524691357,0.050963059413580244,0.4015281758581367,0.4834177421989871,0.81164180805953,0.8541402991887462,0.372455566799417,0.3709981167608286,0.7397185686597426,0.7473717081294889,0.3832919531054334,0.419812132660873,0.7580133972569912,0.7748951861803918
weak_border,weak_border_05,proposed,detail,ok,,5,True,5,5,0.05572135671973229,0.04568346217274666,0.09687733948230742,0.10377853363752365,0.057223863527178766,0.04276968538761139,0.09475430995225906,0.09846849739551544,0.9663821460875885,0.9218536047819262,1.0652869690994833,1.0681271503105156,0.019865451388888893,0.005244020061728395,0.05732166280864197,0.06606288580246913,0.018083719135802468,0.003841145833333333,0.04646045524691357,0.050963059413580244,0.35386678948302214,0.1076555023923445,0.8043103905374382,0.827865139455122,0.34707420049963117,0.08976773383553044,0.820662546511743,0.8591841176414925,0.3466151432480137,0.0979012467765615,0.7697476586594029,0.7775553032981888
weak_border,weak_border_06,frame_wise,detail,ok,,5,True,5,5,0.10625816360116005,0.08506517857313156,0.18238242864608764,0.18958042562007904,0.09701482355594634,0.08297409862279892,0.15732848048210143,0.16427162289619446,1.0573663750668492,1.025201598872905,1.1792251439993449,1.185514730830942,0.060139564043209894,0.04666666666666667,0.12541734182098765,0.13479263117283952,0.04922675540123457,0.04395978009259259,0.09756442901234567,0.10726610725308643,0.6463520692589195,0.7507781586084019,0.9000813356864283,0.9360929063805222,0.7182213101672462,0.7990565520267676,0.9109267587142676,0.9181664096535043,0.6742001530805217,0.776950709105301,0.8467336549780883,0.851897541518167
weak_border,weak_border_06,optical_flow,detail,ok,,5,True,5,5,0.1071624994277954,0.08830662816762924,0.17904568910598753,0.18492630124092102,0.09701482355594634,0.08297409862279892,0.15732848048210143,0.16427162289619446,1.082638027602728,1.096348041853894,1.1854936906796174,1.2004333848993887,0.05760050154320987,0.04651089891975309,0.1166333912037037,0.12438802083333333,0.04922675540123457,0.04395978009259259,0.09756442901234567,0.10726610725308643,0.6359655376651367,0.7457514645652963,0.9044785754557197,0.9329019362051734,0.6850359439401593,0.7868356096758269,0.8915029940430248,0.895511785889303,0.6545844547702092,0.7657428646635662,0.8480426072456518,0.8500791440251241
weak_border,weak_border_06,proposed,detail,ok,,5,True,5,5,0.1074163019657135,0.09795830398797989,0.17478231191635132,0.18026874959468842,0.09701482355594634,0.08297409862279892,0.15732848048210143,0.16427162289619446,1.0911743149764206,1.097382167512905,1.1804103160591852,1.1805889502132385,0.061142554012345675,0.05700038580246913,0.12165007716049384,0.13006221064814816,0.04922675540123457,0.04395978009259259,0.09756442901234567,0.10726610725308643,0.6349478308694303,0.7123520385795704,0.9190842559802935,0.9358987427794767,0.6991753186527869,0.7968787582947776,0.948492535789465,0.9490807616546291,0.6609221757772531,0.8138512917838443,0.8893698717108993,0.8965093411078296
weak_border,weak_border_07,frame_wise,detail,ok,,5,True,5,5,0.021016855910420417,0.01928711123764515,0.030280832201242447,0.031520869582891464,0.022568929195404052,0.01992681436240673,0.0333941038697958,0.034834153950214386,0.938352068175363,0.9323768551099462,0.9698287605529877,0.9703116078927242,0.0023777970679012346,0.0021903935185185186,0.0027764274691358024,0.0028125,0.002025848765432099,0.002017746913580247,0.002213155864197531,0.0022337962962962962,0.8161027538918836,0.8392778511668868,0.9467026027862222,0.9673963670237541,0.9466916067376066,0.9447713897691263,0.985642572944297,0.9954907161803713,0.8727105268044625,0.8895595396595567,0.9446132914882482,0.9559500277983549
weak_border,weak_border_07,optical_flow,detail,ok,,5,True,5,5,0.023729556798934938,0.02373761497437954,0.031219448894262314,0.03155437484383583,0.022568929195404052,0.01992681436240673,0.0333941038697958,0.034834153950214386,1.0766637783127968,1.0812712378450589,1.233724777126601,1.244346013646486,0.0027450810185185187,0.002739679783950617,0.00331664737654321,0.003400848765432099,0.002025848765432099,0.002017746913580247,0.002213155864197531,0.0022337962962962962,0.5813239837675989,0.4748341155526784,0.9009286989161451,0.9767660173668153,0.7457980389404095,0.7005258126195029,0.9053117401323018,0.9409234947940245,0.6445617184807365,0.5660113922282276,0.8946585655615323,0.9585097992440202
weak_border,weak_border_07,proposed,detail,ok,,5,True,5,5,0.026469947770237923,0.025819512084126472,0.031930727139115336,0.03231007605791092,0.022568929195404052,0.01992681436240673,0.0333941038697958,0.034834153950214386,1.2496322352099751,1.1274865217060892,1.614309988023576,1.6596652615565388,0.003610146604938271,0.0036786265432098763,0.004668402777777777,0.004819155092592593,0.002025848765432099,0.002017746913580247,0.002213155864197531,0.0022337962962962962,0.18928718127553598,0.05814069848894226,0.6144776046500268,0.7457627118644068,0.2471137748986628,0.12435233160621761,0.7203778632865548,0.8650973291081937,0.2120162476783817,0.07923515122242268,0.6627128124888358,0.8010097882778823
weak_border,weak_border_08,frame_wise,detail,ok,,5,True,5,5,0.05562475845217705,0.045339759439229965,0.09527559131383895,0.10162904113531113,0.057223863527178766,0.04276968538761139,0.09475430995225906,0.09846849739551544,0.9711459385837411,0.9523498912803542,1.0544922173606035,1.0600910207387924,0.021650077160493823,0.004528356481481481,0.06389612268518517,0.0741893325617284,0.018083719135802468,0.003841145833333333,0.04646045524691357,0.050963059413580244,0.33900725127186165,0.1420211247502141,0.7998175972887699,0.8546446231880982,0.3323844479465994,0.12605147520401758,0.7126665693640349,0.7166460062265204,0.33252486771387085,0.13356062714320466,0.7424161255357831,0.7676616608655288
weak_border,weak_border_08,optical_flow,detail,ok,,5,True,5,5,0.055680226162076,0.048367176204919815,0.09209256917238234,0.09760703891515732,0.057223863527178766,0.04276968538761139,0.09475430995225906,0.09846849739551544,0.9896359269545038,0.9912514306286413,1.116321583845477,1.1308751927113727,0.020733796296296295,0.005606192129629629,0.05913435570987653,0.06810715663580247,0.018083719135802468,0.003841145833333333,0.04646045524691357,0.050963059413580244,0.4015281758581367,0.4834177421989871,0.81164180805953,0.8541402991887462,0.372455566799417,0.3709981167608286,0.7397185686597426,0.7473717081294889,0.3832919531054334,0.419812132660873,0.7580133972569912,0.7748951861803918
weak_border,weak_border_08,proposed,detail,ok,,5,True,5,5,0.05572135671973229,0.04568346217274666,0.09687733948230742,0.10377853363752365,0.057223863527178766,0.04276968538761139,0.09475430995225906,0.09846849739551544,0.9663821460875885,0.9218536047819262,1.0652869690994833,1.0681271503105156,0.019865451388888893,0.005244020061728395,0.05732166280864197,0.06606288580246913,0.018083719135802468,0.003841145833333333,0.04646045524691357,0.050963059413580244,0.35386678948302214,0.1076555023923445,0.8043103905374382,0.827865139455122,0.34707420049963117,0.08976773383553044,0.820662546511743,0.8591841176414925,0.3466151432480137,0.0979012467765615,0.7697476586594029,0.7775553032981888
weak_border,weak_border_09,frame_wise,detail,ok,,5,True,5,5,0.021016855910420417,0.01928711123764515,0.030280832201242447,0.031520869582891464,0.022568929195404052,0.01992681436240673,0.0333941038697958,0.034834153950214386,0.938352068175363,0.9323768551099462,0.9698287605529877,0.9703116078927242,0.0023777970679012346,0.0021903935185185186,0.0027764274691358024,0.0028125,0.002025848765432099,0.002017746913580247,0.002213155864197531,0.0022337962962962962,0.8161027538918836,0.8392778511668868,0.9467026027862222,0.9673963670237541,0.9466916067376066,0.9447713897691263,0.985642572944297,0.9954907161803713,0.8727105268044625,0.8895595396595567,0.9446132914882482,0.9559500277983549
weak_border,weak_border_09,optical_flow,detail,ok,,5,True,5,5,0.023729556798934938,0.02373761497437954,0.031219448894262314,0.03155437484383583,0.022568929195404052,0.01992681436240673,0.0333941038697958,0.034834153950214386,1.0766637783127968,1.0812712378450589,1.233724777126601,1.244346013646486,0.0027450810185185187,0.002739679783950617,0.00331664737654321,0.003400848765432099,0.002025848765432099,0.002017746913580247,0.002213155864197531,0.0022337962962962962,0.5813239837675989,0.4748341155526784,0.9009286989161451,0.9767660173668153,0.7457980389404095,0.7005258126195029,0.9053117401323018,0.9409234947940245,0.6445617184807365,0.5660113922282276,0.8946585655615323,0.9585097992440202
weak_border,weak_border_09,proposed,detail,ok,,5,True,5,5,0.026469947770237923,0.025819512084126472,0.031930727139115336,0.03231007605791092,0.022568929195404052,0.01992681436240673,0.0333941038697958,0.034834153950214386,1.2496322352099751,1.1274865217060892,1.614309988023576,1.6596652615565388,0.003610146604938271,0.0036786265432098763,0.004668402777777777,0.004819155092592593,0.002025848765432099,0.002017746913580247,0.002213155864197531,0.0022337962962962962,0.18928718127553598,0.05814069848894226,0.6144776046500268,0.7457627118644068,0.2471137748986628,0.12435233160621761,0.7203778632865548,0.8650973291081937,0.2120162476783817,0.07923515122242268,0.6627128124888358,0.8010097882778823
weak_border,weak_border_10,frame_wise,detail,ok,,5,True,5,5,0.10625816360116005,0.08506517857313156,0.18238242864608764,0.18958042562007904,0.09701482355594634,0.08297409862279892,0.15732848048210143,0.16427162289619446,1.0573663750668492,1.025201598872905,1.1792251439993449,1.185514730830942,0.060139564043209894,0.04666666666666667,0.12541734182098765,0.13479263117283952,0.04922675540123457,0.04395978009259259,0.09756442901234567,0.10726610725308643,0.6463520692589195,0.7507781586084019,0.9000813356864283,0.9360929063805222,0.7182213101672462,0.7990565520267676,0.9109267587142676,0.9181664096535043,0.6742001530805217,0.776950709105301,0.8467336549780883,0.851897541518167
weak_border,weak_border_10,optical_flow,detail,ok,,5,True,5,5,0.1071624994277954,0.08830662816762924,0.17904568910598753,0.18492630124092102,0.09701482355594634,0.08297409862279892,0.15732848048210143,0.16427162289619446,1.082638027602728,1.096348041853894,1.1854936906796174,1.2004333848993887,0.05760050154320987,0.04651089891975309,0.1166333912037037,0.12438802083333333,0.04922675540123457,0.04395978009259259,0.09756442901234567,0.10726610725308643,0.6359655376651367,0.7457514645652963,0.9044785754557197,0.9329019362051734,0.6850359439401593,0.7868356096758269,0.8915029940430248,0.895511785889303,0.6545844547702092,0.7657428646635662,0.8480426072456518,0.8500791440251241
weak_border,weak_border_10,proposed,detail,ok,,5,True,5,5,0.1074163019657135,0.09795830398797989,0.17478231191635132,0.18026874959468842,0.09701482355594634,0.08297409862279892,0.15732848048210143,0.16427162289619446,1.0911743149764206,1.097382167512905,1.1804103160591852,1.1805889502132385,0.061142554012345675,0.05700038580246913,0.12165007716049384,0.13006221064814816,0.04922675540123457,0.04395978009259259,0.09756442901234567,0.10726610725308643,0.6349478308694303,0.7123520385795704,0.9190842559802935,0.9358987427794767,0.6991753186527869,0.7968787582947776,0.948492535789465,0.9490807616546291,0.6609221757772531,0.8138512917838443,0.8893698717108993,0.8965093411078296
