category,clip_id,method,metric,status,reason,sampled_frames,has_reference,rows,ok_rows,normalized_gradient_mean_mean,normalized_gradient_mean_p50,normalized_gradient_mean_p95,normalized_gradient_mean_max,reference_gradient_mean_mean,reference_gradient_mean_p50,reference_gradient_mean_p95,reference_gradient_mean_max,gradient_magnitude_ratio_mean,gradient_magnitude_ratio_p50,gradient_magnitude_ratio_p95,gradient_magnitude_ratio_max,normalized_edge_density_mean,normalized_edge_density_p50,normalized_edge_density_p95,normalized_edge_density_max,reference_edge_density_mean,reference_edge_density_p50,reference_edge_density_p95,reference_edge_density_max,edge_precision_mean,edge_precision_p50,edge_precision_p95,edge_precision_max,edge_recall_mean,edge_recall_p50,edge_recall_p95,edge_recall_max,edge_preservation_index_mean,edge_preservation_index_p50,edge_preservation_index_p95,edge_preservation_index_max,fft_angle_separation_deg_mean,fft_angle_separation_deg_p50,fft_angle_separation_deg_p95,fft_angle_separation_deg_max,fft_orthogonality_error_deg_mean,fft_orthogonality_error_deg_p50,fft_orthogonality_error_deg_p95,fft_orthogonality_error_deg_max,fft_axis_alignment_error_deg_mean,fft_axis_alignment_error_deg_p50,fft_axis_alignment_error_deg_p95,fft_axis_alignment_error_deg_max,fft_primary_weight_share_mean,fft_primary_weight_share_p50,fft_primary_weight_share_p95,fft_primary_weight_share_max,fft_peak_count_mean,fft_peak_count_p50,fft_peak_count_p95,fft_peak_count_max,interpretation,initialization_frame_excluded,video_frame_count,annotation_frames,estimate_frames,matched_frames,corner_rmse_px_mean,corner_rmse_px_p50,corner_rmse_px_p95,corner_rmse_px_max,corner_mean_px_mean,corner_mean_px_p50,corner_mean_px_p95,corner_mean_px_max,corner_max_px_mean,corner_max_px_p50,corner_max_px_p95,corner_max_px_max,quad_iou_mean,quad_iou_p50,quad_iou_p95,quad_iou_max,aspect_abs_error_mean,aspect_abs_error_p50,aspect_abs_error_p95,aspect_abs_error_max,aspect_relative_error_mean,aspect_relative_error_p50,aspect_relative_error_p95,aspect_relative_error_max,annotation_frames_before_initialization_exclusion,annotation_frames_after_initialization_exclusion,definition,translation_px_mean,translation_px_p50,translation_px_p95,translation_px_max,rotation_abs_deg_mean,rotation_abs_deg_p50,rotation_abs_deg_p95,rotation_abs_deg_max,scale_abs_delta_mean,scale_abs_delta_p50,scale_abs_delta_p95,scale_abs_delta_max
hard,hard_01,frame_wise,detail,ok,,5,True,5,5,0.032467440143227576,0.03182825818657875,0.03689366057515144,0.03794266656041145,0.0350711889564991,0.031882401555776596,0.042943818122148515,0.04346904158592224,0.9413073508687594,0.9592627892680928,1.0337385132949664,1.0342045679018113,0.006252121913580247,0.0064438657407407405,0.006608024691358025,0.006615547839506173,0.0051059992283950615,0.004987461419753087,0.005708526234567901,0.0058198302469135805,0.38761583730382193,0.25537764839074883,0.824030638864401,0.9524539877300614,0.43651968771203,0.3041093054549219,0.818782284906937,0.9287371561153464,0.40854371293866015,0.27476220507276417,0.8206036348080654,0.9404460687465697,,,,,,,,,,,,,,,,,,,,,,,,,,,,,,,,,,,,,,,,,,,,,,,,,,,,,,,,,,,,,,,,,
hard,hard_01,frame_wise,frequency,ok,,9,,9,9,,,,,,,,,,,,,,,,,,,,,,,,,,,,,,,,,90.0,90.0,90.0,90.0,0.0,0.0,0.0,0.0,0.0,0.0,0.0,0.0,0.05101657054889038,0.05088975419464832,0.05222271745737651,0.05228094638566156,1452.0,1452.0,1452.0,1452.0,frequency direction and axis regularity after geometric resampling; this is not a moire-suppression measurement,True,300,,,,,,,,,,,,,,,,,,,,,,,,,,,,,,,,,,,,,,,,,,
hard,hard_01,frame_wise,geometry,ok,,,,4,4,,,,,,,,,,,,,,,,,,,,,,,,,,,,,,,,,,,,,,,,,,,,,,,,,,,,,,True,,4,300,4,8.977789044380188,9.62011432647705,10.335507440567017,10.375409126281738,8.201722145080566,8.594258308410645,9.457684803009032,9.575850486755371,13.221432209014893,13.222346305847168,17.352146530151366,17.924320220947266,0.9911906175502105,0.9907034459734928,0.9929137630886966,0.993279157957325,0.0055053914588866215,0.005379765334721509,0.007616429846576011,0.007954808598639174,0.0031618828697056066,0.0030789908265137457,0.004337504598006956,0.004541861859741589,5,4,,,,,,,,,,,,,
hard,hard_01,frame_wise,temporal,ok,,,,299,299,,,,,,,,,,,,,,,,,,,,,,,,,,,,,,,,,,,,,,,,,,,,,,,,,,,,,,,,,,,,,,,,,,,,,,,,,,,,,,,,,,,,,frame-to-frame projective motion of the estimated screen quadrilateral,8.353794740693312,5.192223103099833,32.95875454617114,68.62640794337717,0.12017603656055123,0.07303519505044645,0.49419890519500054,1.0299833370167755,0.0045255457553142414,0.003319835685060335,0.013059163837749469,0.023431017300955537
hard,hard_01,optical_flow,detail,ok,,5,True,5,5,0.03278884291648865,0.03231748193502426,0.0404314823448658,0.042373016476631165,0.0350711889564991,0.031882401555776596,0.042943818122148515,0.04346904158592224,0.943657426108461,0.9894986264246778,1.0326995596902877,1.0374628466750562,0.006607831790123457,0.0062683256172839505,0.008079571759259259,0.00828173225308642,0.0051059992283950615,0.004987461419753087,0.005708526234567901,0.0058198302469135805,0.4485821313228618,0.43599015233112787,0.8555837889474412,0.9545650487110958,0.5214720495838188,0.5167674546454095,0.8456279543752294,0.9188763672522373,0.4783174990298432,0.47295454713943774,0.8494799790645504,0.9363807768865656,,,,,,,,,,,,,,,,,,,,,,,,,,,,,,,,,,,,,,,,,,,,,,,,,,,,,,,,,,,,,,,,,
hard,hard_01,optical_flow,frequency,ok,,9,,9,9,,,,,,,,,,,,,,,,,,,,,,,,,,,,,,,,,90.0,90.0,90.0,90.0,0.0,0.0,0.0,0.0,0.0,0.0,0.0,0.0,0.050750197047398755,0.05134176272106669,0.052396968863498476,0.052432517347450976,1452.0,1452.0,1452.0,1452.0,frequency direction and axis regularity after geometric resampling; this is not a moire-suppression measurement,True,300,,,,,,,,,,,,,,,,,,,,,,,,,,,,,,,,,,,,,,,,,,
hard,hard_01,optical_flow,geometry,ok,,,,4,4,,,,,,,,,,,,,,,,,,,,,,,,,,,,,,,,,,,,,,,,,,,,,,,,,,,,,,True,,4,300,4,27.789369106292725,24.90376853942871,44.58370084762573,47.75785446166992,23.79839062690735,20.79117774963379,39.223677158355706,42.07871627807617,45.22446632385254,41.742374420166016,69.3746124267578,73.8990707397461,0.9782555225582605,0.9820106238828372,0.9898152983707363,0.9903856553585394,0.014488268611912658,0.015571972475775242,0.020357657915684658,0.02061366565331424,0.00835693735278955,0.008875311963675525,0.011901054990266178,0.012139775642885636,5,4,,,,,,,,,,,,,
hard,hard_01,optical_flow,temporal,ok,,,,299,299,,,,,,,,,,,,,,,,,,,,,,,,,,,,,,,,,,,,,,,,,,,,,,,,,,,,,,,,,,,,,,,,,,,,,,,,,,,,,,,,,,,,,frame-to-frame projective motion of the estimated screen quadrilateral,12.310836663696794,8.561511254563642,32.95555733392437,65.87628387219208,0.07981738745649113,0.0591461164280806,0.2009640677949573,0.9931104585376618,0.00762031829012894,0.00555941548534622,0.0212821039799955,0.04986409455145191
hard,hard_01,proposed,detail,ok,,5,True,5,5,0.03901163786649704,0.03659730404615402,0.04712176471948624,0.0486464723944664,0.0350711889564991,0.031882401555776596,0.042943818122148515,0.04346904158592224,1.1429289519436545,1.1864870859506855,1.3971962884330922,1.4487297544575006,0.007750964506172839,0.007686149691358024,0.009294077932098766,0.00933690200617284,0.0051059992283950615,0.004987461419753087,0.005708526234567901,0.0058198302469135805,0.18571717671980267,0.0611022157946387,0.5757908769440326,0.7043058781490084,0.20606800212447424,0.09089151034616129,0.540693960117043,0.6447630096121976,0.19107123074277965,0.0717242423599524,0.5549674759185257,0.6732204438225795,,,,,,,,,,,,,,,,,,,,,,,,,,,,,,,,,,,,,,,,,,,,,,,,,,,,,,,,,,,,,,,,,
hard,hard_01,proposed,frequency,ok,,9,,9,9,,,,,,,,,,,,,,,,,,,,,,,,,,,,,,,,,88.66666666666667,88.0,90.0,90.0,1.3333333333333333,2.0,3.0,3.0,0.6666666666666666,1.0,1.5,1.5,0.05628830439437607,0.05639915079691024,0.06260935887964271,0.06444417239079239,1452.0,1452.0,1452.0,1452.0,frequency direction and axis regularity after geometric resampling; this is not a moire-suppression measurement,True,300,,,,,,,,,,,,,,,,,,,,,,,,,,,,,,,,,,,,,,,,,,
hard,hard_01,proposed,geometry,ok,,,,4,4,,,,,,,,,,,,,,,,,,,,,,,,,,,,,,,,,,,,,,,,,,,,,,,,,,,,,,True,,4,300,4,191.82797813415527,172.26799774169922,291.0158508300781,306.137451171875,174.4897518157959,156.0461196899414,267.31165847778317,282.3852233886719,254.3366928100586,233.38224029541016,383.0447387695312,400.58935546875,0.8486554019093623,0.855956078907548,0.8953341360193757,0.8984993717478659,0.05487217568562597,0.0625499258452451,0.08961065674160437,0.08976197469297853,0.03210842198192434,0.036494904195422666,0.05276874710409726,0.052862516175522546,5,4,,,,,,,,,,,,,
hard,hard_01,proposed,temporal,ok,,,,299,299,,,,,,,,,,,,,,,,,,,,,,,,,,,,,,,,,,,,,,,,,,,,,,,,,,,,,,,,,,,,,,,,,,,,,,,,,,,,,,,,,,,,,frame-to-frame projective motion of the estimated screen quadrilateral,0.026402502109331445,3.282296033180151e-14,3.282296033180151e-14,1.3221635090796846,8.753302258629587e-05,5.838428495717261e-16,5.838428495717261e-16,0.005048384542666595,5.828522185010015e-06,0.0,0.0,0.00037362364679149884
hard,hard_02,frame_wise,detail,ok,,5,True,5,5,0.032467440143227576,0.03182825818657875,0.03689366057515144,0.03794266656041145,0.0350711889564991,0.031882401555776596,0.042943818122148515,0.04346904158592224,0.9413073508687594,0.9592627892680928,1.0337385132949664,1.0342045679018113,0.006252121913580247,0.0064438657407407405,0.006608024691358025,0.006615547839506173,0.0051059992283950615,0.004987461419753087,0.005708526234567901,0.0058198302469135805,0.38761583730382193,0.25537764839074883,0.824030638864401,0.9524539877300614,0.43651968771203,0.3041093054549219,0.818782284906937,0.9287371561153464,0.40854371293866015,0.27476220507276417,0.8206036348080654,0.9404460687465697,,,,,,,,,,,,,,,,,,,,,,,,,,,,,,,,,,,,,,,,,,,,,,,,,,,,,,,,,,,,,,,,,
hard,hard_02,frame_wise,frequency,ok,,9,,9,9,,,,,,,,,,,,,,,,,,,,,,,,,,,,,,,,,90.0,90.0,90.0,90.0,0.0,0.0,0.0,0.0,0.0,0.0,0.0,0.0,0.05101657054889038,0.05088975419464832,0.05222271745737651,0.05228094638566156,1452.0,1452.0,1452.0,1452.0,frequency direction and axis regularity after geometric resampling; this is not a moire-suppression measurement,True,300,,,,,,,,,,,,,,,,,,,,,,,,,,,,,,,,,,,,,,,,,,
hard,hard_02,frame_wise,geometry,ok,,,,4,4,,,,,,,,,,,,,,,,,,,,,,,,,,,,,,,,,,,,,,,,,,,,,,,,,,,,,,True,,4,300,4,8.977789044380188,9.62011432647705,10.335507440567017,10.375409126281738,8.201722145080566,8.594258308410645,9.457684803009032,9.575850486755371,13.221432209014893,13.222346305847168,17.352146530151366,17.924320220947266,0.9911906175502105,0.9907034459734928,0.9929137630886966,0.993279157957325,0.0055053914588866215,0.005379765334721509,0.007616429846576011,0.007954808598639174,0.0031618828697056066,0.0030789908265137457,0.004337504598006956,0.004541861859741589,5,4,,,,,,,,,,,,,
hard,hard_02,frame_wise,temporal,ok,,,,299,299,,,,,,,,,,,,,,,,,,,,,,,,,,,,,,,,,,,,,,,,,,,,,,,,,,,,,,,,,,,,,,,,,,,,,,,,,,,,,,,,,,,,,frame-to-frame projective motion of the estimated screen quadrilateral,8.353794740693312,5.192223103099833,32.95875454617114,68.62640794337717,0.12017603656055123,0.07303519505044645,0.49419890519500054,1.0299833370167755,0.0045255457553142414,0.003319835685060335,0.013059163837749469,0.023431017300955537
hard,hard_02,optical_flow,detail,ok,,5,True,5,5,0.03278884291648865,0.03231748193502426,0.0404314823448658,0.042373016476631165,0.0350711889564991,0.031882401555776596,0.042943818122148515,0.04346904158592224,0.943657426108461,0.9894986264246778,1.0326995596902877,1.0374628466750562,0.006607831790123457,0.0062683256172839505,0.008079571759259259,0.00828173225308642,0.0051059992283950615,0.004987461419753087,0.005708526234567901,0.0058198302469135805,0.4485821313228618,0.43599015233112787,0.8555837889474412,0.9545650487110958,0.5214720495838188,0.5167674546454095,0.8456279543752294,0.9188763672522373,0.4783174990298432,0.47295454713943774,0.8494799790645504,0.9363807768865656,,,,,,,,,,,,,,,,,,,,,,,,,,,,,,,,,,,,,,,,,,,,,,,,,,,,,,,,,,,,,,,,,
hard,hard_02,optical_flow,frequency,ok,,9,,9,9,,,,,,,,,,,,,,,,,,,,,,,,,,,,,,,,,90.0,90.0,90.0,90.0,0.0,0.0,0.0,0.0,0.0,0.0,0.0,0.0,0.050750197047398755,0.05134176272106669,0.052396968863498476,0.052432517347450976,1452.0,1452.0,1452.0,1452.0,frequency direction and axis regularity after geometric resampling; this is not a moire-suppression measurement,True,300,,,,,,,,,,,,,,,,,,,,,,,,,,,,,,,,,,,,,,,,,,
hard,hard_02,optical_flow,geometry,ok,,,,4,4,,,,,,,,,,,,,,,,,,,,,,,,,,,,,,,,,,,,,,,,,,,,,,,,,,,,,,True,,4,300,4,27.789369106292725,24.90376853942871,44.58370084762573,47.75785446166992,23.79839062690735,20.79117774963379,39.223677158355706,42.07871627807617,45.22446632385254,41.742374420166016,69.3746124267578,73.8990707397461,0.9782555225582605,0.9820106238828372,0.9898152983707363,0.9903856553585394,0.014488268611912658,0.015571972475775242,0.020357657915684658,0.02061366565331424,0.00835693735278955,0.008875311963675525,0.011901054990266178,0.012139775642885636,5,4,,,,,,,,,,,,,
hard,hard_02,optical_flow,temporal,ok,,,,299,299,,,,,,,,,,,,,,,,,,,,,,,,,,,,,,,,,,,,,,,,,,,,,,,,,,,,,,,,,,,,,,,,,,,,,,,,,,,,,,,,,,,,,frame-to-frame projective motion of the estimated screen quadrilateral,12.310836663696794,8.561511254563642,32.95555733392437,65.87628387219208,0.07981738745649113,0.0591461164280806,0.2009640677949573,0.9931104585376618,0.00762031829012894,0.00555941548534622,0.0212821039799955,0.04986409455145191
hard,hard_02,proposed,detail,ok,,5,True,5,5,0.03901163786649704,0.03659730404615402,0.04712176471948624,0.0486464723944664,0.0350711889564991,0.031882401555776596,0.042943818122148515,0.04346904158592224,1.1429289519436545,1.1864870859506855,1.3971962884330922,1.4487297544575006,0.007750964506172839,0.007686149691358024,0.009294077932098766,0.00933690200617284,0.0051059992283950615,0.004987461419753087,0.005708526234567901,0.0058198302469135805,0.18571717671980267,0.0611022157946387,0.5757908769440326,0.7043058781490084,0.20606800212447424,0.09089151034616129,0.540693960117043,0.6447630096121976,0.19107123074277965,0.0717242423599524,0.5549674759185257,0.6732204438225795,,,,,,,,,,,,,,,,,,,,,,,,,,,,,,,,,,,,,,,,,,,,,,,,,,,,,,,,,,,,,,,,,
hard,hard_02,proposed,frequency,ok,,9,,9,9,,,,,,,,,,,,,,,,,,,,,,,,,,,,,,,,,88.66666666666667,88.0,90.0,90.0,1.3333333333333333,2.0,3.0,3.0,0.6666666666666666,1.0,1.5,1.5,0.05628830439437607,0.05639915079691024,0.06260935887964271,0.06444417239079239,1452.0,1452.0,1452.0,1452.0,frequency direction and axis regularity after geometric resampling; this is not a moire-suppression measurement,True,300,,,,,,,,,,,,,,,,,,,,,,,,,,,,,,,,,,,,,,,,,,
hard,hard_02,proposed,geometry,ok,,,,4,4,,,,,,,,,,,,,,,,,,,,,,,,,,,,,,,,,,,,,,,,,,,,,,,,,,,,,,True,,4,300,4,191.82797813415527,172.26799774169922,291.0158508300781,306.137451171875,174.4897518157959,156.0461196899414,267.31165847778317,282.3852233886719,254.3366928100586,233.38224029541016,383.0447387695312,400.58935546875,0.8486554019093623,0.855956078907548,0.8953341360193757,0.8984993717478659,0.05487217568562597,0.0625499258452451,0.08961065674160437,0.08976197469297853,0.03210842198192434,0.036494904195422666,0.05276874710409726,0.052862516175522546,5,4,,,,,,,,,,,,,
hard,hard_02,proposed,temporal,ok,,,,299,299,,,,,,,,,,,,,,,,,,,,,,,,,,,,,,,,,,,,,,,,,,,,,,,,,,,,,,,,,,,,,,,,,,,,,,,,,,,,,,,,,,,,,frame-to-frame projective motion of the estimated screen quadrilateral,0.026402502109331445,3.282296033180151e-14,3.282296033180151e-14,1.3221635090796846,8.753302258629587e-05,5.838428495717261e-16,5.838428495717261e-16,0.005048384542666595,5.828522185010015e-06,0.0,0.0,0.00037362364679149884
hard,hard_03,frame_wise,detail,ok,,5,True,5,5,0.032467440143227576,0.03182825818657875,0.03689366057515144,0.03794266656041145,0.0350711889564991,0.031882401555776596,0.042943818122148515,0.04346904158592224,0.9413073508687594,0.9592627892680928,1.0337385132949664,1.0342045679018113,0.006252121913580247,0.0064438657407407405,0.006608024691358025,0.006615547839506173,0.0051059992283950615,0.004987461419753087,0.005708526234567901,0.0058198302469135805,0.38761583730382193,0.25537764839074883,0.824030638864401,0.9524539877300614,0.43651968771203,0.3041093054549219,0.818782284906937,0.9287371561153464,0.40854371293866015,0.27476220507276417,0.8206036348080654,0.9404460687465697,,,,,,,,,,,,,,,,,,,,,,,,,,,,,,,,,,,,,,,,,,,,,,,,,,,,,,,,,,,,,,,,,
hard,hard_03,frame_wise,frequency,ok,,9,,9,9,,,,,,,,,,,,,,,,,,,,,,,,,,,,,,,,,90.0,90.0,90.0,90.0,0.0,0.0,0.0,0.0,0.0,0.0,0.0,0.0,0.05101657054889038,0.05088975419464832,0.05222271745737651,0.05228094638566156,1452.0,1452.0,1452.0,1452.0,frequency direction and axis regularity after geometric resampling; this is not a moire-suppression measurement,True,300,,,,,,,,,,,,,,,,,,,,,,,,,,,,,,,,,,,,,,,,,,
hard,hard_03,frame_wise,geometry,ok,,,,4,4,,,,,,,,,,,,,,,,,,,,,,,,,,,,,,,,,,,,,,,,,,,,,,,,,,,,,,True,,4,300,4,8.977789044380188,9.62011432647705,10.335507440567017,10.375409126281738,8.201722145080566,8.594258308410645,9.457684803009032,9.575850486755371,13.221432209014893,13.222346305847168,17.352146530151366,17.924320220947266,0.9911906175502105,0.9907034459734928,0.9929137630886966,0.993279157957325,0.0055053914588866215,0.005379765334721509,0.007616429846576011,0.007954808598639174,0.0031618828697056066,0.0030789908265137457,0.004337504598006956,0.004541861859741589,5,4,,,,,,,,,,,,,
hard,hard_03,frame_wise,temporal,ok,,,,299,299,,,,,,,,,,,,,,,,,,,,,,,,,,,,,,,,,,,,,,,,,,,,,,,,,,,,,,,,,,,,,,,,,,,,,,,,,,,,,,,,,,,,,frame-to-frame projective motion of the estimated screen quadrilateral,8.353794740693312,5.192223103099833,32.95875454617114,68.62640794337717,0.12017603656055123,0.07303519505044645,0.49419890519500054,1.0299833370167755,0.0045255457553142414,0.003319835685060335,0.013059163837749469,0.023431017300955537
hard,hard_03,optical_flow,detail,ok,,5,True,5,5,0.03278884291648865,0.03231748193502426,0.0404314823448658,0.042373016476631165,0.0350711889564991,0.031882401555776596,0.042943818122148515,0.04346904158592224,0.943657426108461,0.9894986264246778,1.0326995596902877,1.0374628466750562,0.006607831790123457,0.0062683256172839505,0.008079571759259259,0.00828173225308642,0.0051059992283950615,0.004987461419753087,0.005708526234567901,0.0058198302469135805,0.4485821313228618,0.43599015233112787,0.8555837889474412,0.9545650487110958,0.5214720495838188,0.5167674546454095,0.8456279543752294,0.9188763672522373,0.4783174990298432,0.47295454713943774,0.8494799790645504,0.9363807768865656,,,,,,,,,,,,,,,,,,,,,,,,,,,,,,,,,,,,,,,,,,,,,,,,,,,,,,,,,,,,,,,,,
hard,hard_03,optical_flow,frequency,ok,,9,,9,9,,,,,,,,,,,,,,,,,,,,,,,,,,,,,,,,,90.0,90.0,90.0,90.0,0.0,0.0,0.0,0.0,0.0,0.0,0.0,0.0,0.050750197047398755,0.05134176272106669,0.052396968863498476,0.052432517347450976,1452.0,1452.0,1452.0,1452.0,frequency direction and axis regularity after geometric resampling; this is not a moire-suppression measurement,True,300,,,,,,,,,,,,,,,,,,,,,,,,,,,,,,,,,,,,,,,,,,
hard,hard_03,optical_flow,geometry,ok,,,,4,4,,,,,,,,,,,,,,,,,,,,,,,,,,,,,,,,,,,,,,,,,,,,,,,,,,,,,,True,,4,300,4,27.789369106292725,24.90376853942871,44.58370084762573,47.75785446166992,23.79839062690735,20.79117774963379,39.223677158355706,42.07871627807617,45.22446632385254,41.742374420166016,69.3746124267578,73.8990707397461,0.9782555225582605,0.9820106238828372,0.9898152983707363,0.9903856553585394,0.014488268611912658,0.015571972475775242,0.020357657915684658,0.02061366565331424,0.00835693735278955,0.008875311963675525,0.011901054990266178,0.012139775642885636,5,4,,,,,,,,,,,,,
hard,hard_03,optical_flow,temporal,ok,,,,299,299,,,,,,,,,,,,,,,,,,,,,,,,,,,,,,,,,,,,,,,,,,,,,,,,,,,,,,,,,,,,,,,,,,,,,,,,,,,,,,,,,,,,,frame-to-frame projective motion of the estimated screen quadrilateral,12.310836663696794,8.561511254563642,32.95555733392437,65.87628387219208,0.07981738745649113,0.0591461164280806,0.2009640677949573,0.9931104585376618,0.00762031829012894,0.00555941548534622,0.0212821039799955,0.04986409455145191
hard,hard_03,proposed,detail,ok,,5,True,5,5,0.03901163786649704,0.03659730404615402,0.04712176471948624,0.0486464723944664,0.0350711889564991,0.031882401555776596,0.042943818122148515,0.04346904158592224,1.1429289519436545,1.1864870859506855,1.3971962884330922,1.4487297544575006,0.007750964506172839,0.007686149691358024,0.009294077932098766,0.00933690200617284,0.0051059992283950615,0.004987461419753087,0.005708526234567901,0.0058198302469135805,0.18571717671980267,0.0611022157946387,0.5757908769440326,0.7043058781490084,0.20606800212447424,0.09089151034616129,0.540693960117043,0.6447630096121976,0.19107123074277965,0.0717242423599524,0.5549674759185257,0.6732204438225795,,,,,,,,,,,,,,,,,,,,,,,,,,,,,,,,,,,,,,,,,,,,,,,,,,,,,,,,,,,,,,,,,
hard,hard_03,proposed,frequency,ok,,9,,9,9,,,,,,,,,,,,,,,,,,,,,,,,,,,,,,,,,88.66666666666667,88.0,90.0,90.0,1.3333333333333333,2.0,3.0,3.0,0.6666666666666666,1.0,1.5,1.5,0.05628830439437607,0.05639915079691024,0.06260935887964271,0.06444417239079239,1452.0,1452.0,1452.0,1452.0,frequency direction and axis regularity after geometric resampling; this is not a moire-suppression measurement,True,300,,,,,,,,,,,,,,,,,,,,,,,,,,,,,,,,,,,,,,,,,,
hard,hard_03,proposed,geometry,ok,,,,4,4,,,,,,,,,,,,,,,,,,,,,,,,,,,,,,,,,,,,,,,,,,,,,,,,,,,,,,True,,4,300,4,191.82797813415527,172.26799774169922,291.0158508300781,306.137451171875,174.4897518157959,156.0461196899414,267.31165847778317,282.3852233886719,254.3366928100586,233.38224029541016,383.0447387695312,400.58935546875,0.8486554019093623,0.855956078907548,0.8953341360193757,0.8984993717478659,0.05487217568562597,0.0625499258452451,0.08961065674160437,0.08976197469297853,0.03210842198192434,0.036494904195422666,0.05276874710409726,0.052862516175522546,5,4,,,,,,,,,,,,,
hard,hard_03,proposed,temporal,ok,,,,299,299,,,,,,,,,,,,,,,,,,,,,,,,,,,,,,,,,,,,,,,,,,,,,,,,,,,,,,,,,,,,,,,,,,,,,,,,,,,,,,,,,,,,,frame-to-frame projective motion of the estimated screen quadrilateral,0.026402502109331445,3.282296033180151e-14,3.282296033180151e-14,1.3221635090796846,8.753302258629587e-05,5.838428495717261e-16,5.838428495717261e-16,0.005048384542666595,5.828522185010015e-06,0.0,0.0,0.00037362364679149884
hard,hard_04,frame_wise,detail,ok,,5,True,5,5,0.032467440143227576,0.03182825818657875,0.03689366057515144,0.03794266656041145,0.0350711889564991,0.031882401555776596,0.042943818122148515,0.04346904158592224,0.9413073508687594,0.9592627892680928,1.0337385132949664,1.0342045679018113,0.006252121913580247,0.0064438657407407405,0.006608024691358025,0.006615547839506173,0.0051059992283950615,0.004987461419753087,0.005708526234567901,0.0058198302469135805,0.38761583730382193,0.25537764839074883,0.824030638864401,0.9524539877300614,0.43651968771203,0.3041093054549219,0.818782284906937,0.9287371561153464,0.40854371293866015,0.27476220507276417,0.8206036348080654,0.9404460687465697,,,,,,,,,,,,,,,,,,,,,,,,,,,,,,,,,,,,,,,,,,,,,,,,,,,,,,,,,,,,,,,,,
hard,hard_04,frame_wise,frequency,ok,,9,,9,9,,,,,,,,,,,,,,,,,,,,,,,,,,,,,,,,,90.0,90.0,90.0,90.0,0.0,0.0,0.0,0.0,0.0,0.0,0.0,0.0,0.05101657054889038,0.05088975419464832,0.05222271745737651,0.05228094638566156,1452.0,1452.0,1452.0,1452.0,frequency direction and axis regularity after geometric resampling; this is not a moire-suppression measurement,True,300,,,,,,,,,,,,,,,,,,,,,,,,,,,,,,,,,,,,,,,,,,
hard,hard_04,frame_wise,geometry,ok,,,,4,4,,,,,,,,,,,,,,,,,,,,,,,,,,,,,,,,,,,,,,,,,,,,,,,,,,,,,,True,,4,300,4,8.977789044380188,9.62011432647705,10.335507440567017,10.375409126281738,8.201722145080566,8.594258308410645,9.457684803009032,9.575850486755371,13.221432209014893,13.222346305847168,17.352146530151366,17.924320220947266,0.9911906175502105,0.9907034459734928,0.9929137630886966,0.993279157957325,0.0055053914588866215,0.005379765334721509,0.007616429846576011,0.007954808598639174,0.0031618828697056066,0.0030789908265137457,0.004337504598006956,0.004541861859741589,5,4,,,,,,,,,,,,,
hard,hard_04,frame_wise,temporal,ok,,,,299,299,,,,,,,,,,,,,,,,,,,,,,,,,,,,,,,,,,,,,,,,,,,,,,,,,,,,,,,,,,,,,,,,,,,,,,,,,,,,,,,,,,,,,frame-to-frame projective motion of the estimated screen quadrilateral,8.353794740693312,5.192223103099833,32.95875454617114,68.62640794337717,0.12017603656055123,0.07303519505044645,0.49419890519500054,1.0299833370167755,0.0045255457553142414,0.003319835685060335,0.013059163837749469,0.023431017300955537
hard,hard_04,optical_flow,detail,ok,,5,True,5,5,0.03278884291648865,0.03231748193502426,0.0404314823448658,0.042373016476631165,0.0350711889564991,0.031882401555776596,0.042943818122148515,0.04346904158592224,0.943657426108461,0.9894986264246778,1.0326995596902877,1.0374628466750562,0.006607831790123457,0.0062683256172839505,0.008079571759259259,0.00828173225308642,0.0051059992283950615,0.004987461419753087,0.005708526234567901,0.0058198302469135805,0.4485821313228618,0.43599015233112787,0.8555837889474412,0.9545650487110958,0.5214720495838188,0.5167674546454095,0.8456279543752294,0.9188763672522373,0.4783174990298432,0.47295454713943774,0.8494799790645504,0.9363807768865656,,,,,,,,,,,,,,,,,,,,,,,,,,,,,,,,,,,,,,,,,,,,,,,,,,,,,,,,,,,,,,,,,
hard,hard_04,optical_flow,frequency,ok,,9,,9,9,,,,,,,,,,,,,,,,,,,,,,,,,,,,,,,,,90.0,90.0,90.0,90.0,0.0,0.0,0.0,0.0,0.0,0.0,0.0,0.0,0.050750197047398755,0.05134176272106669,0.052396968863498476,0.052432517347450976,1452.0,1452.0,1452.0,1452.0,frequency direction and axis regularity after geometric resampling; this is not a moire-suppression measurement,True,300,,,,,,,,,,,,,,,,,,,,,,,,,,,,,,,,,,,,,,,,,,
hard,hard_04,optical_flow,geometry,ok,,,,4,4,,,,,,,,,,,,,,,,,,,,,,,,,,,,,,,,,,,,,,,,,,,,,,,,,,,,,,True,,4,300,4,27.789369106292725,24.90376853942871,44.58370084762573,47.75785446166992,23.79839062690735,20.79117774963379,39.223677158355706,42.07871627807617,45.22446632385254,41.742374420166016,69.3746124267578,73.8990707397461,0.9782555225582605,0.9820106238828372,0.9898152983707363,0.9903856553585394,0.014488268611912658,0.015571972475775242,0.020357657915684658,0.02061366565331424,0.00835693735278955,0.008875311963675525,0.011901054990266178,0.012139775642885636,5,4,,,,,,,,,,,,,
hard,hard_04,optical_flow,temporal,ok,,,,299,299,,,,,,,,,,,,,,,,,,,,,,,,,,,,,,,,,,,,,,,,,,,,,,,,,,,,,,,,,,,,,,,,,,,,,,,,,,,,,,,,,,,,,frame-to-frame projective motion of the estimated screen quadrilateral,12.310836663696794,8.561511254563642,32.95555733392437,65.87628387219208,0.07981738745649113,0.0591461164280806,0.2009640677949573,0.9931104585376618,0.00762031829012894,0.00555941548534622,0.0212821039799955,0.04986409455145191
hard,hard_04,proposed,detail,ok,,5,True,5,5,0.03901163786649704,0.03659730404615402,0.04712176471948624,0.0486464723944664,0.0350711889564991,0.031882401555776596,0.042943818122148515,0.04346904158592224,1.1429289519436545,1.1864870859506855,1.3971962884330922,1.4487297544575006,0.007750964506172839,0.007686149691358024,0.009294077932098766,0.00933690200617284,0.0051059992283950615,0.004987461419753087,0.005708526234567901,0.0058198302469135805,0.18571717671980267,0.0611022157946387,0.5757908769440326,0.7043058781490084,0.20606800212447424,0.09089151034616129,0.540693960117043,0.6447630096121976,0.19107123074277965,0.0717242423599524,0.5549674759185257,0.6732204438225795,,,,,,,,,,,,,,,,,,,,,,,,,,,,,,,,,,,,,,,,,,,,,,,,,,,,,,,,,,,,,,,,,
hard,hard_04,proposed,frequency,ok,,9,,9,9,,,,,,,,,,,,,,,,,,,,,,,,,,,,,,,,,88.66666666666667,88.0,90.0,90.0,1.3333333333333333,2.0,3.0,3.0,0.6666666666666666,1.0,1.5,1.5,0.05628830439437607,0.05639915079691024,0.06260935887964271,0.06444417239079239,1452.0,1452.0,1452.0,1452.0,frequency direction and axis regularity after geometric resampling; this is not a moire-suppression measurement,True,300,,,,,,,,,,,,,,,,,,,,,,,,,,,,,,,,,,,,,,,,,,
hard,hard_04,proposed,geometry,ok,,,,4,4,,,,,,,,,,,,,,,,,,,,,,,,,,,,,,,,,,,,,,,,,,,,,,,,,,,,,,True,,4,300,4,191.82797813415527,172.26799774169922,291.0158508300781,306.137451171875,174.4897518157959,156.0461196899414,267.31165847778317,282.3852233886719,254.3366928100586,233.38224029541016,383.0447387695312,400.58935546875,0.8486554019093623,0.855956078907548,0.8953341360193757,0.8984993717478659,0.05487217568562597,0.0625499258452451,0.08961065674160437,0.08976197469297853,0.03210842198192434,0.036494904195422666,0.05276874710409726,0.052862516175522546,5,4,,,,,,,,,,,,,
hard,hard_04,proposed,temporal,ok,,,,299,299,,,,,,,,,,,,,,,,,,,,,,,,,,,,,,,,,,,,,,,,,,,,,,,,,,,,,,,,,,,,,,,,,,,,,,,,,,,,,,,,,,,,,frame-to-frame projective motion of the estimated screen quadrilateral,0.026402502109331445,3.282296033180151e-14,3.282296033180151e-14,1.3221635090796846,8.753302258629587e-05,5.838428495717261e-16,5.838428495717261e-16,0.005048384542666595,5.828522185010015e-06,0.0,0.0,0.00037362364679149884
hard,hard_05,frame_wise,detail,ok,,5,True,5,5,0.032467440143227576,0.03182825818657875,0.03689366057515144,0.03794266656041145,0.0350711889564991,0.031882401555776596,0.042943818122148515,0.04346904158592224,0.9413073508687594,0.9592627892680928,1.0337385132949664,1.0342045679018113,0.006252121913580247,0.0064438657407407405,0.006608024691358025,0.006615547839506173,0.0051059992283950615,0.004987461419753087,0.005708526234567901,0.0058198302469135805,0.38761583730382193,0.25537764839074883,0.824030638864401,0.9524539877300614,0.43651968771203,0.3041093054549219,0.818782284906937,0.9287371561153464,0.40854371293866015,0.27476220507276417,0.8206036348080654,0.9404460687465697,,,,,,,,,,,,,,,,,,,,,,,,,,,,,,,,,,,,,,,,,,,,,,,,,,,,,,,,,,,,,,,,,
hard,hard_05,frame_wise,frequency,ok,,9,,9,9,,,,,,,,,,,,,,,,,,,,,,,,,,,,,,,,,90.0,90.0,90.0,90.0,0.0,0.0,0.0,0.0,0.0,0.0,0.0,0.0,0.05101657054889038,0.05088975419464832,0.05222271745737651,0.05228094638566156,1452.0,1452.0,1452.0,1452.0,frequency direction and axis regularity after geometric resampling; this is not a moire-suppression measurement,True,300,,,,,,,,,,,,,,,,,,,,,,,,,,,,,,,,,,,,,,,,,,
hard,hard_05,frame_wise,geometry,ok,,,,4,4,,,,,,,,,,,,,,,,,,,,,,,,,,,,,,,,,,,,,,,,,,,,,,,,,,,,,,True,,4,300,4,8.977789044380188,9.62011432647705,10.335507440567017,10.375409126281738,8.201722145080566,8.594258308410645,9.457684803009032,9.575850486755371,13.221432209014893,13.222346305847168,17.352146530151366,17.924320220947266,0.9911906175502105,0.9907034459734928,0.9929137630886966,0.993279157957325,0.0055053914588866215,0.005379765334721509,0.007616429846576011,0.007954808598639174,0.0031618828697056066,0.0030789908265137457,0.004337504598006956,0.004541861859741589,5,4,,,,,,,,,,,,,
hard,hard_05,frame_wise,temporal,ok,,,,299,299,,,,,,,,,,,,,,,,,,,,,,,,,,,,,,,,,,,,,,,,,,,,,,,,,,,,,,,,,,,,,,,,,,,,,,,,,,,,,,,,,,,,,frame-to-frame projective motion of the estimated screen quadrilateral,8.353794740693312,5.192223103099833,32.95875454617114,68.62640794337717,0.12017603656055123,0.07303519505044645,0.49419890519500054,1.0299833370167755,0.0045255457553142414,0.003319835685060335,0.013059163837749469,0.023431017300955537
hard,hard_05,optical_flow,detail,ok,,5,True,5,5,0.03278884291648865,0.03231748193502426,0.0404314823448658,0.042373016476631165,0.0350711889564991,0.031882401555776596,0.042943818122148515,0.04346904158592224,0.943657426108461,0.9894986264246778,1.0326995596902877,1.0374628466750562,0.006607831790123457,0.0062683256172839505,0.008079571759259259,0.00828173225308642,0.0051059992283950615,0.004987461419753087,0.005708526234567901,0.0058198302469135805,0.4485821313228618,0.43599015233112787,0.8555837889474412,0.9545650487110958,0.5214720495838188,0.5167674546454095,0.8456279543752294,0.9188763672522373,0.4783174990298432,0.47295454713943774,0.8494799790645504,0.9363807768865656,,,,,,,,,,,,,,,,,,,,,,,,,,,,,,,,,,,,,,,,,,,,,,,,,,,,,,,,,,,,,,,,,
hard,hard_05,optical_flow,frequency,ok,,9,,9,9,,,,,,,,,,,,,,,,,,,,,,,,,,,,,,,,,90.0,90.0,90.0,90.0,0.0,0.0,0.0,0.0,0.0,0.0,0.0,0.0,0.050750197047398755,0.05134176272106669,0.052396968863498476,0.052432517347450976,1452.0,1452.0,1452.0,1452.0,frequency direction and axis regularity after geometric resampling; this is not a moire-suppression measurement,True,300,,,,,,,,,,,,,,,,,,,,,,,,,,,,,,,,,,,,,,,,,,
hard,hard_05,optical_flow,geometry,ok,,,,4,4,,,,,,,,,,,,,,,,,,,,,,,,,,,,,,,,,,,,,,,,,,,,,,,,,,,,,,True,,4,300,4,27.789369106292725,24.90376853942871,44.58370084762573,47.75785446166992,23.79839062690735,20.79117774963379,39.223677158355706,42.07871627807617,45.22446632385254,41.742374420166016,69.3746124267578,73.8990707397461,0.9782555225582605,0.9820106238828372,0.9898152983707363,0.9903856553585394,0.014488268611912658,0.015571972475775242,0.020357657915684658,0.02061366565331424,0.00835693735278955,0.008875311963675525,0.011901054990266178,0.012139775642885636,5,4,,,,,,,,,,,,,
hard,hard_05,optical_flow,temporal,ok,,,,299,299,,,,,,,,,,,,,,,,,,,,,,,,,,,,,,,,,,,,,,,,,,,,,,,,,,,,,,,,,,,,,,,,,,,,,,,,,,,,,,,,,,,,,frame-to-frame projective motion of the estimated screen quadrilateral,12.310836663696794,8.561511254563642,32.95555733392437,65.87628387219208,0.07981738745649113,0.0591461164280806,0.2009640677949573,0.9931104585376618,0.00762031829012894,0.00555941548534622,0.0212821039799955,0.04986409455145191
hard,hard_05,proposed,detail,ok,,5,True,5,5,0.03901163786649704,0.03659730404615402,0.04712176471948624,0.0486464723944664,0.0350711889564991,0.031882401555776596,0.042943818122148515,0.04346904158592224,1.1429289519436545,1.1864870859506855,1.3971962884330922,1.4487297544575006,0.007750964506172839,0.007686149691358024,0.009294077932098766,0.00933690200617284,0.0051059992283950615,0.004987461419753087,0.005708526234567901,0.0058198302469135805,0.18571717671980267,0.0611022157946387,0.5757908769440326,0.7043058781490084,0.20606800212447424,0.09089151034616129,0.540693960117043,0.6447630096121976,0.19107123074277965,0.0717242423599524,0.5549674759185257,0.6732204438225795,,,,,,,,,,,,,,,,,,,,,,,,,,,,,,,,,,,,,,,,,,,,,,,,,,,,,,,,,,,,,,,,,
hard,hard_05,proposed,frequency,ok,,9,,9,9,,,,,,,,,,,,,,,,,,,,,,,,,,,,,,,,,88.66666666666667,88.0,90.0,90.0,1.3333333333333333,2.0,3.0,3.0,0.6666666666666666,1.0,1.5,1.5,0.05628830439437607,0.05639915079691024,0.06260935887964271,0.06444417239079239,1452.0,1452.0,1452.0,1452.0,frequency direction and axis regularity after geometric resampling; this is not a moire-suppression measurement,True,300,,,,,,,,,,,,,,,,,,,,,,,,,,,,,,,,,,,,,,,,,,
hard,hard_05,proposed,geometry,ok,,,,4,4,,,,,,,,,,,,,,,,,,,,,,,,,,,,,,,,,,,,,,,,,,,,,,,,,,,,,,True,,4,300,4,191.82797813415527,172.26799774169922,291.0158508300781,306.137451171875,174.4897518157959,156.0461196899414,267.31165847778317,282.3852233886719,254.3366928100586,233.38224029541016,383.0447387695312,400.58935546875,0.8486554019093623,0.855956078907548,0.8953341360193757,0.8984993717478659,0.05487217568562597,0.0625499258452451,0.08961065674160437,0.08976197469297853,0.03210842198192434,0.036494904195422666,0.05276874710409726,0.052862516175522546,5,4,,,,,,,,,,,,,
hard,hard_05,proposed,temporal,ok,,,,299,299,,,,,,,,,,,,,,,,,,,,,,,,,,,,,,,,,,,,,,,,,,,,,,,,,,,,,,,,,,,,,,,,,,,,,,,,,,,,,,,,,,,,,frame-to-frame projective motion of the estimated screen quadrilateral,0.026402502109331445,3.282296033180151e-14,3.282296033180151e-14,1.3221635090796846,8.753302258629587e-05,5.838428495717261e-16,5.838428495717261e-16,0.005048384542666595,5.828522185010015e-06,0.0,0.0,0.00037362364679149884
hard,hard_06,frame_wise,detail,ok,,5,True,5,5,0.032467440143227576,0.03182825818657875,0.03689366057515144,0.03794266656041145,0.0350711889564991,0.031882401555776596,0.042943818122148515,0.04346904158592224,0.9413073508687594,0.9592627892680928,1.0337385132949664,1.0342045679018113,0.006252121913580247,0.0064438657407407405,0.006608024691358025,0.006615547839506173,0.0051059992283950615,0.004987461419753087,0.005708526234567901,0.0058198302469135805,0.38761583730382193,0.25537764839074883,0.824030638864401,0.9524539877300614,0.43651968771203,0.3041093054549219,0.818782284906937,0.9287371561153464,0.40854371293866015,0.27476220507276417,0.8206036348080654,0.9404460687465697,,,,,,,,,,,,,,,,,,,,,,,,,,,,,,,,,,,,,,,,,,,,,,,,,,,,,,,,,,,,,,,,,
hard,hard_06,frame_wise,frequency,ok,,9,,9,9,,,,,,,,,,,,,,,,,,,,,,,,,,,,,,,,,90.0,90.0,90.0,90.0,0.0,0.0,0.0,0.0,0.0,0.0,0.0,0.0,0.05101657054889038,0.05088975419464832,0.05222271745737651,0.05228094638566156,1452.0,1452.0,1452.0,1452.0,frequency direction and axis regularity after geometric resampling; this is not a moire-suppression measurement,True,300,,,,,,,,,,,,,,,,,,,,,,,,,,,,,,,,,,,,,,,,,,
hard,hard_06,frame_wise,geometry,ok,,,,4,4,,,,,,,,,,,,,,,,,,,,,,,,,,,,,,,,,,,,,,,,,,,,,,,,,,,,,,True,,4,300,4,8.977789044380188,9.62011432647705,10.335507440567017,10.375409126281738,8.201722145080566,8.594258308410645,9.457684803009032,9.575850486755371,13.221432209014893,13.222346305847168,17.352146530151366,17.924320220947266,0.9911906175502105,0.9907034459734928,0.9929137630886966,0.993279157957325,0.0055053914588866215,0.005379765334721509,0.007616429846576011,0.007954808598639174,0.0031618828697056066,0.0030789908265137457,0.004337504598006956,0.004541861859741589,5,4,,,,,,,,,,,,,
hard,hard_06,frame_wise,temporal,ok,,,,299,299,,,,,,,,,,,,,,,,,,,,,,,,,,,,,,,,,,,,,,,,,,,,,,,,,,,,,,,,,,,,,,,,,,,,,,,,,,,,,,,,,,,,,frame-to-frame projective motion of the estimated screen quadrilateral,8.353794740693312,5.192223103099833,32.95875454617114,68.62640794337717,0.12017603656055123,0.07303519505044645,0.49419890519500054,1.0299833370167755,0.0045255457553142414,0.003319835685060335,0.013059163837749469,0.023431017300955537
hard,hard_06,optical_flow,detail,ok,,5,True,5,5,0.03278884291648865,0.03231748193502426,0.0404314823448658,0.042373016476631165,0.0350711889564991,0.031882401555776596,0.042943818122148515,0.04346904158592224,0.943657426108461,0.9894986264246778,1.0326995596902877,1.0374628466750562,0.006607831790123457,0.0062683256172839505,0.008079571759259259,0.00828173225308642,0.0051059992283950615,0.004987461419753087,0.005708526234567901,0.0058198302469135805,0.4485821313228618,0.43599015233112787,0.8555837889474412,0.9545650487110958,0.5214720495838188,0.5167674546454095,0.8456279543752294,0.9188763672522373,0.4783174990298432,0.47295454713943774,0.8494799790645504,0.9363807768865656,,,,,,,,,,,,,,,,,,,,,,,,,,,,,,,,,,,,,,,,,,,,,,,,,,,,,,,,,,,,,,,,,
hard,hard_06,optical_flow,frequency,ok,,9,,9,9,,,,,,,,,,,,,,,,,,,,,,,,,,,,,,,,,90.0,90.0,90.0,90.0,0.0,0.0,0.0,0.0,0.0,0.0,0.0,0.0,0.050750197047398755,0.05134176272106669,0.052396968863498476,0.052432517347450976,1452.0,1452.0,1452.0,1452.0,frequency direction and axis regularity after geometric resampling; this is not a moire-suppression measurement,True,300,,,,,,,,,,,,,,,,,,,,,,,,,,,,,,,,,,,,,,,,,,
hard,hard_06,optical_flow,geometry,ok,,,,4,4,,,,,,,,,,,,,,,,,,,,,,,,,,,,,,,,,,,,,,,,,,,,,,,,,,,,,,True,,4,300,4,27.789369106292725,24.90376853942871,44.58370084762573,47.75785446166992,23.79839062690735,20.79117774963379,39.223677158355706,42.07871627807617,45.22446632385254,41.742374420166016,69.3746124267578,73.8990707397461,0.9782555225582605,0.9820106238828372,0.9898152983707363,0.9903856553585394,0.014488268611912658,0.015571972475775242,0.020357657915684658,0.02061366565331424,0.00835693735278955,0.008875311963675525,0.011901054990266178,0.012139775642885636,5,4,,,,,,,,,,,,,
hard,hard_06,optical_flow,temporal,ok,,,,299,299,,,,,,,,,,,,,,,,,,,,,,,,,,,,,,,,,,,,,,,,,,,,,,,,,,,,,,,,,,,,,,,,,,,,,,,,,,,,,,,,,,,,,frame-to-frame projective motion of the estimated screen quadrilateral,12.310836663696794,8.561511254563642,32.95555733392437,65.87628387219208,0.07981738745649113,0.0591461164280806,0.2009640677949573,0.9931104585376618,0.00762031829012894,0.00555941548534622,0.0212821039799955,0.04986409455145191
hard,hard_06,proposed,detail,ok,,5,True,5,5,0.03901163786649704,0.03659730404615402,0.04712176471948624,0.0486464723944664,0.0350711889564991,0.031882401555776596,0.042943818122148515,0.04346904158592224,1.1429289519436545,1.1864870859506855,1.3971962884330922,1.4487297544575006,0.007750964506172839,0.007686149691358024,0.009294077932098766,0.00933690200617284,0.0051059992283950615,0.004987461419753087,0.005708526234567901,0.0058198302469135805,0.18571717671980267,0.0611022157946387,0.5757908769440326,0.7043058781490084,0.20606800212447424,0.09089151034616129,0.540693960117043,0.6447630096121976,0.19107123074277965,0.0717242423599524,0.5549674759185257,0.6732204438225795,,,,,,,,,,,,,,,,,,,,,,,,,,,,,,,,,,,,,,,,,,,,,,,,,,,,,,,,,,,,,,,,,
hard,hard_06,proposed,frequency,ok,,9,,9,9,,,,,,,,,,,,,,,,,,,,,,,,,,,,,,,,,88.66666666666667,88.0,90.0,90.0,1.3333333333333333,2.0,3.0,3.0,0.6666666666666666,1.0,1.5,1.5,0.05628830439437607,0.05639915079691024,0.06260935887964271,0.06444417239079239,1452.0,1452.0,1452.0,1452.0,frequency direction and axis regularity after geometric resampling; this is not a moire-suppression measurement,True,300,,,,,,,,,,,,,,,,,,,,,,,,,,,,,,,,,,,,,,,,,,
hard,hard_06,proposed,geometry,ok,,,,4,4,,,,,,,,,,,,,,,,,,,,,,,,,,,,,,,,,,,,,,,,,,,,,,,,,,,,,,True,,4,300,4,191.82797813415527,172.26799774169922,291.0158508300781,306.137451171875,174.4897518157959,156.0461196899414,267.31165847778317,282.3852233886719,254.3366928100586,233.38224029541016,383.0447387695312,400.58935546875,0.8486554019093623,0.855956078907548,0.8953341360193757,0.8984993717478659,0.05487217568562597,0.0625499258452451,0.08961065674160437,0.08976197469297853,0.03210842198192434,0.036494904195422666,0.05276874710409726,0.052862516175522546,5,4,,,,,,,,,,,,,
hard,hard_06,proposed,temporal,ok,,,,299,299,,,,,,,,,,,,,,,,,,,,,,,,,,,,,,,,,,,,,,,,,,,,,,,,,,,,,,,,,,,,,,,,,,,,,,,,,,,,,,,,,,,,,frame-to-frame projective motion of the estimated screen quadrilateral,0.026402502109331445,3.282296033180151e-14,3.282296033180151e-14,1.3221635090796846,8.753302258629587e-05,5.838428495717261e-16,5.838428495717261e-16,0.005048384542666595,5.828522185010015e-06,0.0,0.0,0.00037362364679149884
hard,hard_07,frame_wise,detail,ok,,5,True,5,5,0.032467440143227576,0.03182825818657875,0.03689366057515144,0.03794266656041145,0.0350711889564991,0.031882401555776596,0.042943818122148515,0.04346904158592224,0.9413073508687594,0.9592627892680928,1.0337385132949664,1.0342045679018113,0.006252121913580247,0.0064438657407407405,0.006608024691358025,0.006615547839506173,0.0051059992283950615,0.004987461419753087,0.005708526234567901,0.0058198302469135805,0.38761583730382193,0.25537764839074883,0.824030638864401,0.9524539877300614,0.43651968771203,0.3041093054549219,0.818782284906937,0.9287371561153464,0.40854371293866015,0.27476220507276417,0.8206036348080654,0.9404460687465697,,,,,,,,,,,,,,,,,,,,,,,,,,,,,,,,,,,,,,,,,,,,,,,,,,,,,,,,,,,,,,,,,
hard,hard_07,frame_wise,frequency,ok,,9,,9,9,,,,,,,,,,,,,,,,,,,,,,,,,,,,,,,,,90.0,90.0,90.0,90.0,0.0,0.0,0.0,0.0,0.0,0.0,0.0,0.0,0.05101657054889038,0.05088975419464832,0.05222271745737651,0.05228094638566156,1452.0,1452.0,1452.0,1452.0,frequency direction and axis regularity after geometric resampling; this is not a moire-suppression measurement,True,300,,,,,,,,,,,,,,,,,,,,,,,,,,,,,,,,,,,,,,,,,,
hard,hard_07,frame_wise,geometry,ok,,,,4,4,,,,,,,,,,,,,,,,,,,,,,,,,,,,,,,,,,,,,,,,,,,,,,,,,,,,,,True,,4,300,4,8.977789044380188,9.62011432647705,10.335507440567017,10.375409126281738,8.201722145080566,8.594258308410645,9.457684803009032,9.575850486755371,13.221432209014893,13.222346305847168,17.352146530151366,17.924320220947266,0.9911906175502105,0.9907034459734928,0.9929137630886966,0.993279157957325,0.0055053914588866215,0.005379765334721509,0.007616429846576011,0.007954808598639174,0.0031618828697056066,0.0030789908265137457,0.004337504598006956,0.004541861859741589,5,4,,,,,,,,,,,,,
hard,hard_07,frame_wise,temporal,ok,,,,299,299,,,,,,,,,,,,,,,,,,,,,,,,,,,,,,,,,,,,,,,,,,,,,,,,,,,,,,,,,,,,,,,,,,,,,,,,,,,,,,,,,,,,,frame-to-frame projective motion of the estimated screen quadrilateral,8.353794740693312,5.192223103099833,32.95875454617114,68.62640794337717,0.12017603656055123,0.07303519505044645,0.49419890519500054,1.0299833370167755,0.0045255457553142414,0.003319835685060335,0.013059163837749469,0.023431017300955537
hard,hard_07,optical_flow,detail,ok,,5,True,5,5,0.03278884291648865,0.03231748193502426,0.0404314823448658,0.042373016476631165,0.0350711889564991,0.031882401555776596,0.042943818122148515,0.04346904158592224,0.943657426108461,0.9894986264246778,1.0326995596902877,1.0374628466750562,0.006607831790123457,0.0062683256172839505,0.008079571759259259,0.00828173225308642,0.0051059992283950615,0.004987461419753087,0.005708526234567901,0.0058198302469135805,0.4485821313228618,0.43599015233112787,0.8555837889474412,0.9545650487110958,0.5214720495838188,0.5167674546454095,0.8456279543752294,0.9188763672522373,0.4783174990298432,0.47295454713943774,0.8494799790645504,0.9363807768865656,,,,,,,,,,,,,,,,,,,,,,,,,,,,,,,,,,,,,,,,,,,,,,,,,,,,,,,,,,,,,,,,,
hard,hard_07,optical_flow,frequency,ok,,9,,9,9,,,,,,,,,,,,,,,,,,,,,,,,,,,,,,,,,90.0,90.0,90.0,90.0,0.0,0.0,0.0,0.0,0.0,0.0,0.0,0.0,0.050750197047398755,0.05134176272106669,0.052396968863498476,0.052432517347450976,1452.0,1452.0,1452.0,1452.0,frequency direction and axis regularity after geometric resampling; this is not a moire-suppression measurement,True,300,,,,,,,,,,,,,,,,,,,,,,,,,,,,,,,,,,,,,,,,,,
hard,hard_07,optical_flow,geometry,ok,,,,4,4,,,,,,,,,,,,,,,,,,,,,,,,,,,,,,,,,,,,,,,,,,,,,,,,,,,,,,True,,4,300,4,27.789369106292725,24.90376853942871,44.58370084762573,47.75785446166992,23.79839062690735,20.79117774963379,39.223677158355706,42.07871627807617,45.22446632385254,41.742374420166016,69.3746124267578,73.8990707397461,0.9782555225582605,0.9820106238828372,0.9898152983707363,0.9903856553585394,0.014488268611912658,0.015571972475775242,0.020357657915684658,0.02061366565331424,0.00835693735278955,0.008875311963675525,0.011901054990266178,0.012139775642885636,5,4,,,,,,,,,,,,,
hard,hard_07,optical_flow,temporal,ok,,,,299,299,,,,,,,,,,,,,,,,,,,,,,,,,,,,,,,,,,,,,,,,,,,,,,,,,,,,,,,,,,,,,,,,,,,,,,,,,,,,,,,,,,,,,frame-to-frame projective motion of the estimated screen quadrilateral,12.310836663696794,8.561511254563642,32.95555733392437,65.87628387219208,0.07981738745649113,0.0591461164280806,0.2009640677949573,0.9931104585376618,0.00762031829012894,0.00555941548534622,0.0212821039799955,0.04986409455145191
hard,hard_07,proposed,detail,ok,,5,True,5,5,0.03901163786649704,0.03659730404615402,0.04712176471948624,0.0486464723944664,0.0350711889564991,0.031882401555776596,0.042943818122148515,0.04346904158592224,1.1429289519436545,1.1864870859506855,1.3971962884330922,1.4487297544575006,0.007750964506172839,0.007686149691358024,0.009294077932098766,0.00933690200617284,0.0051059992283950615,0.004987461419753087,0.005708526234567901,0.0058198302469135805,0.18571717671980267,0.0611022157946387,0.5757908769440326,0.7043058781490084,0.20606800212447424,0.09089151034616129,0.540693960117043,0.6447630096121976,0.19107123074277965,0.0717242423599524,0.5549674759185257,0.6732204438225795,,,,,,,,,,,,,,,,,,,,,,,,,,,,,,,,,,,,,,,,,,,,,,,,,,,,,,,,,,,,,,,,,
hard,hard_07,proposed,frequency,ok,,9,,9,9,,,,,,,,,,,,,,,,,,,,,,,,,,,,,,,,,88.66666666666667,88.0,90.0,90.0,1.3333333333333333,2.0,3.0,3.0,0.6666666666666666,1.0,1.5,1.5,0.05628830439437607,0.05639915079691024,0.06260935887964271,0.06444417239079239,1452.0,1452.0,1452.0,1452.0,frequency direction and axis regularity after geometric resampling; this is not a moire-suppression measurement,True,300,,,,,,,,,,,,,,,,,,,,,,,,,,,,,,,,,,,,,,,,,,
hard,hard_07,proposed,geometry,ok,,,,4,4,,,,,,,,,,,,,,,,,,,,,,,,,,,,,,,,,,,,,,,,,,,,,,,,,,,,,,True,,4,300,4,191.82797813415527,172.26799774169922,291.0158508300781,306.137451171875,174.4897518157959,156.0461196899414,267.31165847778317,282.3852233886719,254.3366928100586,233.38224029541016,383.0447387695312,400.58935546875,0.8486554019093623,0.855956078907548,0.8953341360193757,0.8984993717478659,0.05487217568562597,0.0625499258452451,0.08961065674160437,0.08976197469297853,0.03210842198192434,0.036494904195422666,0.05276874710409726,0.052862516175522546,5,4,,,,,,,,,,,,,
hard,hard_07,proposed,temporal,ok,,,,299,299,,,,,,,,,,,,,,,,,,,,,,,,,,,,,,,,,,,,,,,,,,,,,,,,,,,,,,,,,,,,,,,,,,,,,,,,,,,,,,,,,,,,,frame-to-frame projective motion of the estimated screen quadrilateral,0.026402502109331445,3.282296033180151e-14,3.282296033180151e-14,1.3221635090796846,8.753302258629587e-05,5.838428495717261e-16,5.838428495717261e-16,0.005048384542666595,5.828522185010015e-06,0.0,0.0,0.00037362364679149884
hard,hard_08,frame_wise,detail,ok,,5,True,5,5,0.032467440143227576,0.03182825818657875,0.03689366057515144,0.03794266656041145,0.0350711889564991,0.031882401555776596,0.042943818122148515,0.04346904158592224,0.9413073508687594,0.9592627892680928,1.0337385132949664,1.0342045679018113,0.006252121913580247,0.0064438657407407405,0.006608024691358025,0.006615547839506173,0.0051059992283950615,0.004987461419753087,0.005708526234567901,0.0058198302469135805,0.38761583730382193,0.25537764839074883,0.824030638864401,0.9524539877300614,0.43651968771203,0.3041093054549219,0.818782284906937,0.9287371561153464,0.40854371293866015,0.27476220507276417,0.8206036348080654,0.9404460687465697,,,,,,,,,,,,,,,,,,,,,,,,,,,,,,,,,,,,,,,,,,,,,,,,,,,,,,,,,,,,,,,,,
hard,hard_08,frame_wise,frequency,ok,,9,,9,9,,,,,,,,,,,,,,,,,,,,,,,,,,,,,,,,,90.0,90.0,90.0,90.0,0.0,0.0,0.0,0.0,0.0,0.0,0.0,0.0,0.05101657054889038,0.05088975419464832,0.05222271745737651,0.05228094638566156,1452.0,1452.0,1452.0,1452.0,frequency direction and axis regularity after geometric resampling; this is not a moire-suppression measurement,True,300,,,,,,,,,,,,,,,,,,,,,,,,,,,,,,,,,,,,,,,,,,
hard,hard_08,frame_wise,geometry,ok,,,,4,4,,,,,,,,,,,,,,,,,,,,,,,,,,,,,,,,,,,,,,,,,,,,,,,,,,,,,,True,,4,300,4,8.977789044380188,9.62011432647705,10.335507440567017,10.375409126281738,8.201722145080566,8.594258308410645,9.457684803009032,9.575850486755371,13.221432209014893,13.222346305847168,17.352146530151366,17.924320220947266,0.9911906175502105,0.9907034459734928,0.9929137630886966,0.993279157957325,0.0055053914588866215,0.005379765334721509,0.007616429846576011,0.007954808598639174,0.0031618828697056066,0.0030789908265137457,0.004337504598006956,0.004541861859741589,5,4,,,,,,,,,,,,,
hard,hard_08,frame_wise,temporal,ok,,,,299,299,,,,,,,,,,,,,,,,,,,,,,,,,,,,,,,,,,,,,,,,,,,,,,,,,,,,,,,,,,,,,,,,,,,,,,,,,,,,,,,,,,,,,frame-to-frame projective motion of the estimated screen quadrilateral,8.353794740693312,5.192223103099833,32.95875454617114,68.62640794337717,0.12017603656055123,0.07303519505044645,0.49419890519500054,1.0299833370167755,0.0045255457553142414,0.003319835685060335,0.013059163837749469,0.023431017300955537
hard,hard_08,optical_flow,detail,ok,,5,True,5,5,0.03278884291648865,0.03231748193502426,0.0404314823448658,0.042373016476631165,0.0350711889564991,0.031882401555776596,0.042943818122148515,0.04346904158592224,0.943657426108461,0.9894986264246778,1.0326995596902877,1.0374628466750562,0.006607831790123457,0.0062683256172839505,0.008079571759259259,0.00828173225308642,0.0051059992283950615,0.004987461419753087,0.005708526234567901,0.0058198302469135805,0.4485821313228618,0.43599015233112787,0.8555837889474412,0.9545650487110958,0.5214720495838188,0.5167674546454095,0.8456279543752294,0.9188763672522373,0.4783174990298432,0.47295454713943774,0.8494799790645504,0.9363807768865656,,,,,,,,,,,,,,,,,,,,,,,,,,,,,,,,,,,,,,,,,,,,,,,,,,,,,,,,,,,,,,,,,
hard,hard_08,optical_flow,frequency,ok,,9,,9,9,,,,,,,,,,,,,,,,,,,,,,,,,,,,,,,,,90.0,90.0,90.0,90.0,0.0,0.0,0.0,0.0,0.0,0.0,0.0,0.0,0.050750197047398755,0.05134176272106669,0.052396968863498476,0.052432517347450976,1452.0,1452.0,1452.0,1452.0,frequency direction and axis regularity after geometric resampling; this is not a moire-suppression measurement,True,300,,,,,,,,,,,,,,,,,,,,,,,,,,,,,,,,,,,,,,,,,,
hard,hard_08,optical_flow,geometry,ok,,,,4,4,,,,,,,,,,,,,,,,,,,,,,,,,,,,,,,,,,,,,,,,,,,,,,,,,,,,,,True,,4,300,4,27.789369106292725,24.90376853942871,44.58370084762573,47.75785446166992,23.79839062690735,20.79117774963379,39.223677158355706,42.07871627807617,45.22446632385254,41.742374420166016,69.3746124267578,73.8990707397461,0.9782555225582605,0.9820106238828372,0.9898152983707363,0.9903856553585394,0.014488268611912658,0.015571972475775242,0.020357657915684658,0.02061366565331424,0.00835693735278955,0.008875311963675525,0.011901054990266178,0.012139775642885636,5,4,,,,,,,,,,,,,
hard,hard_08,optical_flow,temporal,ok,,,,299,299,,,,,,,,,,,,,,,,,,,,,,,,,,,,,,,,,,,,,,,,,,,,,,,,,,,,,,,,,,,,,,,,,,,,,,,,,,,,,,,,,,,,,frame-to-frame projective motion of the estimated screen quadrilateral,12.310836663696794,8.561511254563642,32.95555733392437,65.87628387219208,0.07981738745649113,0.0591461164280806,0.2009640677949573,0.9931104585376618,0.00762031829012894,0.00555941548534622,0.0212821039799955,0.04986409455145191
hard,hard_08,proposed,detail,ok,,5,True,5,5,0.03901163786649704,0.03659730404615402,0.04712176471948624,0.0486464723944664,0.0350711889564991,0.031882401555776596,0.042943818122148515,0.04346904158592224,1.1429289519436545,1.1864870859506855,1.3971962884330922,1.4487297544575006,0.007750964506172839,0.007686149691358024,0.009294077932098766,0.00933690200617284,0.0051059992283950615,0.004987461419753087,0.005708526234567901,0.0058198302469135805,0.18571717671980267,0.0611022157946387,0.5757908769440326,0.7043058781490084,0.20606800212447424,0.09089151034616129,0.540693960117043,0.6447630096121976,0.19107123074277965,0.0717242423599524,0.5549674759185257,0.6732204438225795,,,,,,,,,,,,,,,,,,,,,,,,,,,,,,,,,,,,,,,,,,,,,,,,,,,,,,,,,,,,,,,,,
hard,hard_08,proposed,frequency,ok,,9,,9,9,,,,,,,,,,,,,,,,,,,,,,,,,,,,,,,,,88.66666666666667,88.0,90.0,90.0,1.3333333333333333,2.0,3.0,3.0,0.6666666666666666,1.0,1.5,1.5,0.05628830439437607,0.05639915079691024,0.06260935887964271,0.06444417239079239,1452.0,1452.0,1452.0,1452.0,frequency direction and axis regularity after geometric resampling; this is not a moire-suppression measurement,True,300,,,,,,,,,,,,,,,,,,,,,,,,,,,,,,,,,,,,,,,,,,
hard,hard_08,proposed,geometry,ok,,,,4,4,,,,,,,,,,,,,,,,,,,,,,,,,,,,,,,,,,,,,,,,,,,,,,,,,,,,,,True,,4,300,4,191.82797813415527,172.26799774169922,291.0158508300781,306.137451171875,174.4897518157959,156.0461196899414,267.31165847778317,282.3852233886719,254.3366928100586,233.38224029541016,383.0447387695312,400.58935546875,0.8486554019093623,0.855956078907548,0.8953341360193757,0.8984993717478659,0.05487217568562597,0.0625499258452451,0.08961065674160437,0.08976197469297853,0.03210842198192434,0.036494904195422666,0.05276874710409726,0.052862516175522546,5,4,,,,,,,,,,,,,
hard,hard_08,proposed,temporal,ok,,,,299,299,,,,,,,,,,,,,,,,,,,,,,,,,,,,,,,,,,,,,,,,,,,,,,,,,,,,,,,,,,,,,,,,,,,,,,,,,,,,,,,,,,,,,frame-to-frame projective motion of the estimated screen quadrilateral,0.026402502109331445,3.282296033180151e-14,3.282296033180151e-14,1.3221635090796846,8.753302258629587e-05,5.838428495717261e-16,5.838428495717261e-16,0.005048384542666595,5.828522185010015e-06,0.0,0.0,0.00037362364679149884
hard,hard_09,frame_wise,detail,ok,,5,True,5,5,0.032467440143227576,0.03182825818657875,0.03689366057515144,0.03794266656041145,0.0350711889564991,0.031882401555776596,0.042943818122148515,0.04346904158592224,0.9413073508687594,0.9592627892680928,1.0337385132949664,1.0342045679018113,0.006252121913580247,0.0064438657407407405,0.006608024691358025,0.006615547839506173,0.0051059992283950615,0.004987461419753087,0.005708526234567901,0.0058198302469135805,0.38761583730382193,0.25537764839074883,0.824030638864401,0.9524539877300614,0.43651968771203,0.3041093054549219,0.818782284906937,0.9287371561153464,0.40854371293866015,0.27476220507276417,0.8206036348080654,0.9404460687465697,,,,,,,,,,,,,,,,,,,,,,,,,,,,,,,,,,,,,,,,,,,,,,,,,,,,,,,,,,,,,,,,,
hard,hard_09,frame_wise,frequency,ok,,9,,9,9,,,,,,,,,,,,,,,,,,,,,,,,,,,,,,,,,90.0,90.0,90.0,90.0,0.0,0.0,0.0,0.0,0.0,0.0,0.0,0.0,0.05101657054889038,0.05088975419464832,0.05222271745737651,0.05228094638566156,1452.0,1452.0,1452.0,1452.0,frequency direction and axis regularity after geometric resampling; this is not a moire-suppression measurement,True,300,,,,,,,,,,,,,,,,,,,,,,,,,,,,,,,,,,,,,,,,,,
hard,hard_09,frame_wise,geometry,ok,,,,4,4,,,,,,,,,,,,,,,,,,,,,,,,,,,,,,,,,,,,,,,,,,,,,,,,,,,,,,True,,4,300,4,8.977789044380188,9.62011432647705,10.335507440567017,10.375409126281738,8.201722145080566,8.594258308410645,9.457684803009032,9.575850486755371,13.221432209014893,13.222346305847168,17.352146530151366,17.924320220947266,0.9911906175502105,0.9907034459734928,0.9929137630886966,0.993279157957325,0.0055053914588866215,0.005379765334721509,0.007616429846576011,0.007954808598639174,0.0031618828697056066,0.0030789908265137457,0.004337504598006956,0.004541861859741589,5,4,,,,,,,,,,,,,
hard,hard_09,frame_wise,temporal,ok,,,,299,299,,,,,,,,,,,,,,,,,,,,,,,,,,,,,,,,,,,,,,,,,,,,,,,,,,,,,,,,,,,,,,,,,,,,,,,,,,,,,,,,,,,,,frame-to-frame projective motion of the estimated screen quadrilateral,8.353794740693312,5.192223103099833,32.95875454617114,68.62640794337717,0.12017603656055123,0.07303519505044645,0.49419890519500054,1.0299833370167755,0.0045255457553142414,0.003319835685060335,0.013059163837749469,0.023431017300955537
hard,hard_09,optical_flow,detail,ok,,5,True,5,5,0.03278884291648865,0.03231748193502426,0.0404314823448658,0.042373016476631165,0.0350711889564991,0.031882401555776596,0.042943818122148515,0.04346904158592224,0.943657426108461,0.9894986264246778,1.0326995596902877,1.0374628466750562,0.006607831790123457,0.0062683256172839505,0.008079571759259259,0.00828173225308642,0.0051059992283950615,0.004987461419753087,0.005708526234567901,0.0058198302469135805,0.4485821313228618,0.43599015233112787,0.8555837889474412,0.9545650487110958,0.5214720495838188,0.5167674546454095,0.8456279543752294,0.9188763672522373,0.4783174990298432,0.47295454713943774,0.8494799790645504,0.9363807768865656,,,,,,,,,,,,,,,,,,,,,,,,,,,,,,,,,,,,,,,,,,,,,,,,,,,,,,,,,,,,,,,,,
hard,hard_09,optical_flow,frequency,ok,,9,,9,9,,,,,,,,,,,,,,,,,,,,,,,,,,,,,,,,,90.0,90.0,90.0,90.0,0.0,0.0,0.0,0.0,0.0,0.0,0.0,0.0,0.050750197047398755,0.05134176272106669,0.052396968863498476,0.052432517347450976,1452.0,1452.0,1452.0,1452.0,frequency direction and axis regularity after geometric resampling; this is not a moire-suppression measurement,True,300,,,,,,,,,,,,,,,,,,,,,,,,,,,,,,,,,,,,,,,,,,
hard,hard_09,optical_flow,geometry,ok,,,,4,4,,,,,,,,,,,,,,,,,,,,,,,,,,,,,,,,,,,,,,,,,,,,,,,,,,,,,,True,,4,300,4,27.789369106292725,24.90376853942871,44.58370084762573,47.75785446166992,23.79839062690735,20.79117774963379,39.223677158355706,42.07871627807617,45.22446632385254,41.742374420166016,69.3746124267578,73.8990707397461,0.9782555225582605,0.9820106238828372,0.9898152983707363,0.9903856553585394,0.014488268611912658,0.015571972475775242,0.020357657915684658,0.02061366565331424,0.00835693735278955,0.008875311963675525,0.011901054990266178,0.012139775642885636,5,4,,,,,,,,,,,,,
hard,hard_09,optical_flow,temporal,ok,,,,299,299,,,,,,,,,,,,,,,,,,,,,,,,,,,,,,,,,,,,,,,,,,,,,,,,,,,,,,,,,,,,,,,,,,,,,,,,,,,,,,,,,,,,,frame-to-frame projective motion of the estimated screen quadrilateral,12.310836663696794,8.561511254563642,32.95555733392437,65.87628387219208,0.07981738745649113,0.0591461164280806,0.2009640677949573,0.9931104585376618,0.00762031829012894,0.00555941548534622,0.0212821039799955,0.04986409455145191
hard,hard_09,proposed,detail,ok,,5,True,5,5,0.03901163786649704,0.03659730404615402,0.04712176471948624,0.0486464723944664,0.0350711889564991,0.031882401555776596,0.042943818122148515,0.04346904158592224,1.1429289519436545,1.1864870859506855,1.3971962884330922,1.4487297544575006,0.007750964506172839,0.007686149691358024,0.009294077932098766,0.00933690200617284,0.0051059992283950615,0.004987461419753087,0.005708526234567901,0.0058198302469135805,0.18571717671980267,0.0611022157946387,0.5757908769440326,0.7043058781490084,0.20606800212447424,0.09089151034616129,0.540693960117043,0.6447630096121976,0.19107123074277965,0.0717242423599524,0.5549674759185257,0.6732204438225795,,,,,,,,,,,,,,,,,,,,,,,,,,,,,,,,,,,,,,,,,,,,,,,,,,,,,,,,,,,,,,,,,
hard,hard_09,proposed,frequency,ok,,9,,9,9,,,,,,,,,,,,,,,,,,,,,,,,,,,,,,,,,88.66666666666667,88.0,90.0,90.0,1.3333333333333333,2.0,3.0,3.0,0.6666666666666666,1.0,1.5,1.5,0.05628830439437607,0.05639915079691024,0.06260935887964271,0.06444417239079239,1452.0,1452.0,1452.0,1452.0,frequency direction and axis regularity after geometric resampling; this is not a moire-suppression measurement,True,300,,,,,,,,,,,,,,,,,,,,,,,,,,,,,,,,,,,,,,,,,,
hard,hard_09,proposed,geometry,ok,,,,4,4,,,,,,,,,,,,,,,,,,,,,,,,,,,,,,,,,,,,,,,,,,,,,,,,,,,,,,True,,4,300,4,191.82797813415527,172.26799774169922,291.0158508300781,306.137451171875,174.4897518157959,156.0461196899414,267.31165847778317,282.3852233886719,254.3366928100586,233.38224029541016,383.0447387695312,400.58935546875,0.8486554019093623,0.855956078907548,0.8953341360193757,0.8984993717478659,0.05487217568562597,0.0625499258452451,0.08961065674160437,0.08976197469297853,0.03210842198192434,0.036494904195422666,0.05276874710409726,0.052862516175522546,5,4,,,,,,,,,,,,,
hard,hard_09,proposed,temporal,ok,,,,299,299,,,,,,,,,,,,,,,,,,,,,,,,,,,,,,,,,,,,,,,,,,,,,,,,,,,,,,,,,,,,,,,,,,,,,,,,,,,,,,,,,,,,,frame-to-frame projective motion of the estimated screen quadrilateral,0.026402502109331445,3.282296033180151e-14,3.282296033180151e-14,1.3221635090796846,8.753302258629587e-05,5.838428495717261e-16,5.838428495717261e-16,0.005048384542666595,5.828522185010015e-06,0.0,0.0,0.00037362364679149884
hard,hard_10,frame_wise,detail,ok,,5,True,5,5,0.032467440143227576,0.03182825818657875,0.03689366057515144,0.03794266656041145,0.0350711889564991,0.031882401555776596,0.042943818122148515,0.04346904158592224,0.9413073508687594,0.9592627892680928,1.0337385132949664,1.0342045679018113,0.006252121913580247,0.0064438657407407405,0.006608024691358025,0.006615547839506173,0.0051059992283950615,0.004987461419753087,0.005708526234567901,0.0058198302469135805,0.38761583730382193,0.25537764839074883,0.824030638864401,0.9524539877300614,0.43651968771203,0.3041093054549219,0.818782284906937,0.9287371561153464,0.40854371293866015,0.27476220507276417,0.8206036348080654,0.9404460687465697,,,,,,,,,,,,,,,,,,,,,,,,,,,,,,,,,,,,,,,,,,,,,,,,,,,,,,,,,,,,,,,,,
hard,hard_10,frame_wise,frequency,ok,,9,,9,9,,,,,,,,,,,,,,,,,,,,,,,,,,,,,,,,,90.0,90.0,90.0,90.0,0.0,0.0,0.0,0.0,0.0,0.0,0.0,0.0,0.05101657054889038,0.05088975419464832,0.05222271745737651,0.05228094638566156,1452.0,1452.0,1452.0,1452.0,frequency direction and axis regularity after geometric resampling; this is not a moire-suppression measurement,True,300,,,,,,,,,,,,,,,,,,,,,,,,,,,,,,,,,,,,,,,,,,
hard,hard_10,frame_wise,geometry,ok,,,,4,4,,,,,,,,,,,,,,,,,,,,,,,,,,,,,,,,,,,,,,,,,,,,,,,,,,,,,,True,,4,300,4,8.977789044380188,9.62011432647705,10.335507440567017,10.375409126281738,8.201722145080566,8.594258308410645,9.457684803009032,9.575850486755371,13.221432209014893,13.222346305847168,17.352146530151366,17.924320220947266,0.9911906175502105,0.9907034459734928,0.9929137630886966,0.993279157957325,0.0055053914588866215,0.005379765334721509,0.007616429846576011,0.007954808598639174,0.0031618828697056066,0.0030789908265137457,0.004337504598006956,0.004541861859741589,5,4,,,,,,,,,,,,,
hard,hard_10,frame_wise,temporal,ok,,,,299,299,,,,,,,,,,,,,,,,,,,,,,,,,,,,,,,,,,,,,,,,,,,,,,,,,,,,,,,,,,,,,,,,,,,,,,,,,,,,,,,,,,,,,frame-to-frame projective motion of the estimated screen quadrilateral,8.353794740693312,5.192223103099833,32.95875454617114,68.62640794337717,0.12017603656055123,0.07303519505044645,0.49419890519500054,1.0299833370167755,0.0045255457553142414,0.003319835685060335,0.013059163837749469,0.023431017300955537
hard,hard_10,optical_flow,detail,ok,,5,True,5,5,0.03278884291648865,0.03231748193502426,0.0404314823448658,0.042373016476631165,0.0350711889564991,0.031882401555776596,0.042943818122148515,0.04346904158592224,0.943657426108461,0.9894986264246778,1.0326995596902877,1.0374628466750562,0.006607831790123457,0.0062683256172839505,0.008079571759259259,0.00828173225308642,0.0051059992283950615,0.004987461419753087,0.005708526234567901,0.0058198302469135805,0.4485821313228618,0.43599015233112787,0.8555837889474412,0.9545650487110958,0.5214720495838188,0.5167674546454095,0.8456279543752294,0.9188763672522373,0.4783174990298432,0.47295454713943774,0.8494799790645504,0.9363807768865656,,,,,,,,,,,,,,,,,,,,,,,,,,,,,,,,,,,,,,,,,,,,,,,,,,,,,,,,,,,,,,,,,
hard,hard_10,optical_flow,frequency,ok,,9,,9,9,,,,,,,,,,,,,,,,,,,,,,,,,,,,,,,,,90.0,90.0,90.0,90.0,0.0,0.0,0.0,0.0,0.0,0.0,0.0,0.0,0.050750197047398755,0.05134176272106669,0.052396968863498476,0.052432517347450976,1452.0,1452.0,1452.0,1452.0,frequency direction and axis regularity after geometric resampling; this is not a moire-suppression measurement,True,300,,,,,,,,,,,,,,,,,,,,,,,,,,,,,,,,,,,,,,,,,,
hard,hard_10,optical_flow,geometry,ok,,,,4,4,,,,,,,,,,,,,,,,,,,,,,,,,,,,,,,,,,,,,,,,,,,,,,,,,,,,,,True,,4,300,4,27.789369106292725,24.90376853942871,44.58370084762573,47.75785446166992,23.79839062690735,20.79117774963379,39.223677158355706,42.07871627807617,45.22446632385254,41.742374420166016,69.3746124267578,73.8990707397461,0.9782555225582605,0.9820106238828372,0.9898152983707363,0.9903856553585394,0.014488268611912658,0.015571972475775242,0.020357657915684658,0.02061366565331424,0.00835693735278955,0.008875311963675525,0.011901054990266178,0.012139775642885636,5,4,,,,,,,,,,,,,
hard,hard_10,optical_flow,temporal,ok,,,,299,299,,,,,,,,,,,,,,,,,,,,,,,,,,,,,,,,,,,,,,,,,,,,,,,,,,,,,,,,,,,,,,,,,,,,,,,,,,,,,,,,,,,,,frame-to-frame projective motion of the estimated screen quadrilateral,12.310836663696794,8.561511254563642,32.95555733392437,65.87628387219208,0.07981738745649113,0.0591461164280806,0.2009640677949573,0.9931104585376618,0.00762031829012894,0.00555941548534622,0.0212821039799955,0.04986409455145191
hard,hard_10,proposed,detail,ok,,5,True,5,5,0.03901163786649704,0.03659730404615402,0.04712176471948624,0.0486464723944664,0.0350711889564991,0.031882401555776596,0.042943818122148515,0.04346904158592224,1.1429289519436545,1.1864870859506855,1.3971962884330922,1.4487297544575006,0.007750964506172839,0.007686149691358024,0.009294077932098766,0.00933690200617284,0.0051059992283950615,0.004987461419753087,0.005708526234567901,0.0058198302469135805,0.18571717671980267,0.0611022157946387,0.5757908769440326,0.7043058781490084,0.20606800212447424,0.09089151034616129,0.540693960117043,0.6447630096121976,0.19107123074277965,0.0717242423599524,0.5549674759185257,0.6732204438225795,,,,,,,,,,,,,,,,,,,,,,,,,,,,,,,,,,,,,,,,,,,,,,,,,,,,,,,,,,,,,,,,,
hard,hard_10,proposed,frequency,ok,,9,,9,9,,,,,,,,,,,,,,,,,,,,,,,,,,,,,,,,,88.66666666666667,88.0,90.0,90.0,1.3333333333333333,2.0,3.0,3.0,0.6666666666666666,1.0,1.5,1.5,0.05628830439437607,0.05639915079691024,0.06260935887964271,0.06444417239079239,1452.0,1452.0,1452.0,1452.0,frequency direction and axis regularity after geometric resampling; this is not a moire-suppression measurement,True,300,,,,,,,,,,,,,,,,,,,,,,,,,,,,,,,,,,,,,,,,,,
hard,hard_10,proposed,geometry,ok,,,,4,4,,,,,,,,,,,,,,,,,,,,,,,,,,,,,,,,,,,,,,,,,,,,,,,,,,,,,,True,,4,300,4,191.82797813415527,172.26799774169922,291.0158508300781,306.137451171875,174.4897518157959,156.0461196899414,267.31165847778317,282.3852233886719,254.3366928100586,233.38224029541016,383.0447387695312,400.58935546875,0.8486554019093623,0.855956078907548,0.8953341360193757,0.8984993717478659,0.05487217568562597,0.0625499258452451,0.08961065674160437,0.08976197469297853,0.03210842198192434,0.036494904195422666,0.05276874710409726,0.052862516175522546,5,4,,,,,,,,,,,,,
hard,hard_10,proposed,temporal,ok,,,,299,299,,,,,,,,,,,,,,,,,,,,,,,,,,,,,,,,,,,,,,,,,,,,,,,,,,,,,,,,,,,,,,,,,,,,,,,,,,,,,,,,,,,,,frame-to-frame projective motion of the estimated screen quadrilateral,0.026402502109331445,3.282296033180151e-14,3.282296033180151e-14,1.3221635090796846,8.753302258629587e-05,5.838428495717261e-16,5.838428495717261e-16,0.005048384542666595,5.828522185010015e-06,0.0,0.0,0.00037362364679149884
screen_video,screen_video_01,frame_wise,detail,ok,,5,True,5,5,0.10811925232410431,0.11463199555873871,0.12043158262968064,0.12104740738868713,0.11142377108335495,0.11986017972230911,0.12771863788366317,0.12909746170043945,0.9742785760094168,0.9653441638156172,1.015361868750267,1.0215950640524103,0.04351687885802469,0.042215470679012344,0.051259934413580246,0.051901523919753084,0.04502073688271605,0.04563416280864198,0.054326292438271605,0.054928626543209874,0.5016973021602703,0.40581237961372274,0.8470024646946879,0.9502243944138334,0.4835165291970983,0.4097069341879151,0.8040814454946581,0.9007111501316944,0.4922596317000085,0.41160366037058,0.8241559860425195,0.9248055230208742,,,,,,,,,,,,,,,,,,,,,,,,,,,,,,,,,,,,,,,,,,,,,,,,,,,,,,,,,,,,,,,,,
screen_video,screen_video_01,frame_wise,frequency,ok,,9,,9,9,,,,,,,,,,,,,,,,,,,,,,,,,,,,,,,,,89.44444444444444,89.0,90.0,90.0,0.5555555555555556,1.0,1.0,1.0,0.2777777777777778,0.5,0.5,0.5,0.10976110235006664,0.11528057103712445,0.1367497350172365,0.1481695223958136,1452.0,1452.0,1452.0,1452.0,frequency direction and axis regularity after geometric resampling; this is not a moire-suppression measurement,True,300,,,,,,,,,,,,,,,,,,,,,,,,,,,,,,,,,,,,,,,,,,
screen_video,screen_video_01,frame_wise,geometry,ok,,,,4,4,,,,,,,,,,,,,,,,,,,,,,,,,,,,,,,,,,,,,,,,,,,,,,,,,,,,,,True,,4,300,4,30.396820545196533,30.66080379486084,31.092972183227538,31.149600982666016,17.90114116668701,17.893381118774414,18.361180686950682,18.395444869995117,60.239654541015625,60.9067497253418,61.912970542907715,62.05268859863281,0.9797983844258163,0.9796708654136149,0.9803966071609682,0.980474377534312,0.034306581510800904,0.0343567515370482,0.0355089614578174,0.03551551505088679,0.0195572724242454,0.019670078429364114,0.019995081203463452,0.020000085510476148,5,4,,,,,,,,,,,,,
screen_video,screen_video_01,frame_wise,temporal,ok,,,,299,299,,,,,,,,,,,,,,,,,,,,,,,,,,,,,,,,,,,,,,,,,,,,,,,,,,,,,,,,,,,,,,,,,,,,,,,,,,,,,,,,,,,,,frame-to-frame projective motion of the estimated screen quadrilateral,3.8817329087335444,2.9704587403580875,12.123078934278345,17.438535039601653,0.02733722780317076,0.023035575845596058,0.06799880885313758,0.1502368099560097,0.0016058080420332077,0.0011414982093879145,0.004153946579824107,0.026200188787336653
screen_video,screen_video_01,optical_flow,detail,ok,,5,True,5,5,0.1078826680779457,0.11441391706466675,0.12043654024600983,0.12109945714473724,0.11142377108335495,0.11986017972230911,0.12771863788366317,0.12909746170043945,0.9718275647842027,0.9638432969929316,1.008140457475949,1.0126720220731364,0.043282310956790124,0.04226128472222222,0.051177565586419754,0.05195360725308642,0.04502073688271605,0.04563416280864198,0.054326292438271605,0.054928626543209874,0.5110586311896947,0.4361385486632425,0.8511895312871368,0.9522700058478989,0.48917294751897195,0.4155310947006642,0.8106184343724049,0.9039771729587357,0.49975260804349864,0.43063003404630124,0.8293283874792894,0.9274953870456012,,,,,,,,,,,,,,,,,,,,,,,,,,,,,,,,,,,,,,,,,,,,,,,,,,,,,,,,,,,,,,,,,
screen_video,screen_video_01,optical_flow,frequency,ok,,9,,9,9,,,,,,,,,,,,,,,,,,,,,,,,,,,,,,,,,89.44444444444444,89.0,90.0,90.0,0.5555555555555556,1.0,1.0,1.0,0.2777777777777778,0.5,0.5,0.5,0.11041429967044869,0.11389321924867471,0.13605995985486968,0.14727243590693478,1452.0,1452.0,1452.0,1452.0,frequency direction and axis regularity after geometric resampling; this is not a moire-suppression measurement,True,300,,,,,,,,,,,,,,,,,,,,,,,,,,,,,,,,,,,,,,,,,,
screen_video,screen_video_01,optical_flow,geometry,ok,,,,4,4,,,,,,,,,,,,,,,,,,,,,,,,,,,,,,,,,,,,,,,,,,,,,,,,,,,,,,True,,4,300,4,29.337695598602295,29.360478401184082,30.214080238342284,30.289445877075195,16.80013418197632,16.823835372924805,17.642434215545656,17.7359676361084,58.306833267211914,58.14799690246582,60.29043388366699,60.48625946044922,0.9806214963235034,0.9803461101466099,0.9815335966500331,0.9817275944483824,0.03393291700710338,0.03356876823814581,0.036778014323855836,0.03715427246039971,0.019337050720198857,0.018970240442582567,0.020728068399053116,0.020948700502987833,5,4,,,,,,,,,,,,,
screen_video,screen_video_01,optical_flow,temporal,ok,,,,299,299,,,,,,,,,,,,,,,,,,,,,,,,,,,,,,,,,,,,,,,,,,,,,,,,,,,,,,,,,,,,,,,,,,,,,,,,,,,,,,,,,,,,,frame-to-frame projective motion of the estimated screen quadrilateral,3.3603667037375926,2.643037211139446,11.729647827198153,16.098302431971042,0.014395218509711904,0.011416732319788818,0.054214882046123285,0.07279870495259606,0.0007513074247652529,0.0005372046000691189,0.00239753345138912,0.003478816447014088
screen_video,screen_video_01,proposed,detail,ok,,5,True,5,5,0.10589104443788529,0.11102627962827682,0.11926736533641816,0.12084439396858215,0.11142377108335495,0.11986017972230911,0.12771863788366317,0.12909746170043945,0.954710775677945,0.9424251746448656,0.9990824389324561,1.002963898570518,0.041684413580246917,0.040880594135802466,0.05035493827160494,0.05217544367283951,0.04502073688271605,0.04563416280864198,0.054326292438271605,0.054928626543209874,0.9268011593222161,0.9267591574160512,0.9481736674544456,0.9503672354337409,0.865290647650394,0.8659444820582262,0.9347306111156701,0.9468746335170635,0.8941825113471603,0.8843015721131279,0.9356981858584308,0.9431222024738795,,,,,,,,,,,,,,,,,,,,,,,,,,,,,,,,,,,,,,,,,,,,,,,,,,,,,,,,,,,,,,,,,
screen_video,screen_video_01,proposed,frequency,ok,,9,,9,9,,,,,,,,,,,,,,,,,,,,,,,,,,,,,,,,,90.0,90.0,90.0,90.0,0.0,0.0,0.0,0.0,0.0,0.0,0.0,0.0,0.10085735446568332,0.10463736339673536,0.12396756124428591,0.13260084182147144,1452.0,1452.0,1452.0,1452.0,frequency direction and axis regularity after geometric resampling; this is not a moire-suppression measurement,True,300,,,,,,,,,,,,,,,,,,,,,,,,,,,,,,,,,,,,,,,,,,
screen_video,screen_video_01,proposed,geometry,ok,,,,4,4,,,,,,,,,,,,,,,,,,,,,,,,,,,,,,,,,,,,,,,,,,,,,,,,,,,,,,True,,4,300,4,2.6873496770858765,2.6867507696151733,2.852820837497711,2.8745052814483643,2.4278997778892517,2.434538245201111,2.5531078457832335,2.563340902328491,3.8953322172164917,3.7932552099227905,4.362612986564636,4.438893795013428,0.9973570640010823,0.99721062489736,0.9979062680336699,0.997994282770702,0.0008509624429769991,0.0007141574324773803,0.001762745127125542,0.0018544156070363638,0.0004902921891761421,0.0004020552572729375,0.0010302975995991868,0.0010887675242663049,5,4,,,,,,,,,,,,,
screen_video,screen_video_01,proposed,temporal,ok,,,,299,299,,,,,,,,,,,,,,,,,,,,,,,,,,,,,,,,,,,,,,,,,,,,,,,,,,,,,,,,,,,,,,,,,,,,,,,,,,,,,,,,,,,,,frame-to-frame projective motion of the estimated screen quadrilateral,3.2569149896142906,2.591821396626457,11.72493854877574,15.86070388269927,0.013685249323533542,0.010939682297400525,0.05192639447814512,0.06889589248815821,0.0006321088139551159,0.0003219671710487093,0.0025799211418471957,0.0034780792603918975
screen_video,screen_video_02,frame_wise,detail,ok,,5,True,5,5,0.09479338079690933,0.09600389003753662,0.10964025259017944,0.11197277903556824,0.0961848959326744,0.09600432217121124,0.11070520281791686,0.11333328485488892,0.9841066923350047,0.9879955317534239,1.0009354708481644,1.0011704638576526,0.03837702546296296,0.03789207175925926,0.048086130401234564,0.049518711419753086,0.03886641589506172,0.0383690200617284,0.04862201003086419,0.05015480324074074,0.49952244229126785,0.39476665012154305,0.8643194318221755,0.9789160697391539,0.49064877781618826,0.3832357155425957,0.8513540638411821,0.9644411351038306,0.49503985454698823,0.38891573164443033,0.8577876604019229,0.9716246947476547,,,,,,,,,,,,,,,,,,,,,,,,,,,,,,,,,,,,,,,,,,,,,,,,,,,,,,,,,,,,,,,,,
screen_video,screen_video_02,frame_wise,frequency,ok,,9,,9,9,,,,,,,,,,,,,,,,,,,,,,,,,,,,,,,,,89.77777777777777,90.0,90.0,90.0,0.2222222222222222,0.0,1.0,1.0,0.1111111111111111,0.0,0.5,0.5,0.10986680441783113,0.10735866675735847,0.12774688537830642,0.13061132344985335,1452.0,1452.0,1452.0,1452.0,frequency direction and axis regularity after geometric resampling; this is not a moire-suppression measurement,True,300,,,,,,,,,,,,,,,,,,,,,,,,,,,,,,,,,,,,,,,,,,
screen_video,screen_video_02,frame_wise,geometry,ok,,,,4,4,,,,,,,,,,,,,,,,,,,,,,,,,,,,,,,,,,,,,,,,,,,,,,,,,,,,,,True,,4,300,4,29.35742425918579,29.49661922454834,30.67282876968384,30.788692474365234,17.58631420135498,17.510526657104492,18.677316188812256,18.81808853149414,58.12105655670166,58.3179931640625,60.718919563293454,60.981937408447266,0.9796913893479868,0.9797520860938619,0.9803811229389933,0.9804791532088986,0.03661507268409686,0.036247310449516346,0.03906541022818562,0.039340506298192635,0.020845080416681223,0.020788280693527315,0.02200260090923027,0.022095486205282705,5,4,,,,,,,,,,,,,
screen_video,screen_video_02,frame_wise,temporal,ok,,,,299,299,,,,,,,,,,,,,,,,,,,,,,,,,,,,,,,,,,,,,,,,,,,,,,,,,,,,,,,,,,,,,,,,,,,,,,,,,,,,,,,,,,,,,frame-to-frame projective motion of the estimated screen quadrilateral,5.344844846863354,4.473823425586455,12.110200507477172,19.53542771224043,0.026656176451375992,0.021076924867850493,0.07520399474093925,0.1392023172969186,0.0018450060198245241,0.0014040762825046071,0.004449306102516637,0.028965718783757755
screen_video,screen_video_02,optical_flow,detail,ok,,5,True,5,5,0.09435905069112778,0.09546767920255661,0.1086408942937851,0.11073359847068787,0.0961848959326744,0.09600432217121124,0.11070520281791686,0.11333328485488892,0.9799978316054544,0.9770615809157065,0.9994984785319805,1.0007705429792246,0.0380619212962963,0.03696903935185185,0.047659047067901236,0.04899257330246914,0.03886641589506172,0.0383690200617284,0.04862201003086419,0.05015480324074074,0.49749838449256484,0.3947456516992941,0.8619630286948852,0.9776983941508363,0.48658470220096317,0.3795935647756139,0.8557795622700411,0.9727806734508149,0.4919466277228663,0.38702136200811543,0.8588502602426179,0.9752333343041776,,,,,,,,,,,,,,,,,,,,,,,,,,,,,,,,,,,,,,,,,,,,,,,,,,,,,,,,,,,,,,,,,
screen_video,screen_video_02,optical_flow,frequency,ok,,9,,9,9,,,,,,,,,,,,,,,,,,,,,,,,,,,,,,,,,89.55555555555556,90.0,90.0,90.0,0.4444444444444444,0.0,1.0,1.0,0.2222222222222222,0.0,0.5,0.5,0.10957547186173029,0.1100446520776189,0.12759179376753307,0.13056292683755563,1452.0,1452.0,1452.0,1452.0,frequency direction and axis regularity after geometric resampling; this is not a moire-suppression measurement,True,300,,,,,,,,,,,,,,,,,,,,,,,,,,,,,,,,,,,,,,,,,,
screen_video,screen_video_02,optical_flow,geometry,ok,,,,4,4,,,,,,,,,,,,,,,,,,,,,,,,,,,,,,,,,,,,,,,,,,,,,,,,,,,,,,True,,4,300,4,29.120040893554688,29.56013298034668,30.039197635650634,30.11638832092285,17.443120002746582,17.5544490814209,18.187324905395506,18.259723663330078,57.671852111816406,58.48686408996582,59.54259204864502,59.70236587524414,0.9797604522900617,0.9796227317981154,0.9803196983875494,0.9804425892860001,0.03625182429300933,0.036802158224844894,0.03764975035136191,0.03765488499561909,0.02063995568159781,0.020815139417360535,0.021482671634728306,0.021541596921255193,5,4,,,,,,,,,,,,,
screen_video,screen_video_02,optical_flow,temporal,ok,,,,299,299,,,,,,,,,,,,,,,,,,,,,,,,,,,,,,,,,,,,,,,,,,,,,,,,,,,,,,,,,,,,,,,,,,,,,,,,,,,,,,,,,,,,,frame-to-frame projective motion of the estimated screen quadrilateral,4.673111710795595,4.074137544189327,11.073869750117568,12.374403140712513,0.012777174702470915,0.003775674237827438,0.06561553438459482,0.08463835152836724,0.0007704307357037207,0.0005450741178376628,0.0023302803874003294,0.003849294866366204
screen_video,screen_video_02,proposed,detail,ok,,5,True,5,5,0.09448878765106201,0.09525179862976074,0.10875034779310226,0.11065515875816345,0.0961848959326744,0.09600432217121124,0.11070520281791686,0.11333328485488892,0.9813192356105642,0.9763694655091439,1.005923698321643,1.0093642313978788,0.037666763117283945,0.036389853395061726,0.047039158950617284,0.04831983024691358,0.03886641589506172,0.0383690200617284,0.04862201003086419,0.05015480324074074,0.831090014342767,0.8240295450884741,0.8949265783391945,0.9093893519306004,0.804803752677476,0.8138442156873872,0.8691804618323533,0.8824853148010259,0.8176923634301525,0.8189052109951199,0.8818649704903355,0.895735358521448,,,,,,,,,,,,,,,,,,,,,,,,,,,,,,,,,,,,,,,,,,,,,,,,,,,,,,,,,,,,,,,,,
screen_video,screen_video_02,proposed,frequency,ok,,9,,9,9,,,,,,,,,,,,,,,,,,,,,,,,,,,,,,,,,90.0,90.0,90.0,90.0,0.0,0.0,0.0,0.0,0.0,0.0,0.0,0.0,0.10576044487434769,0.1015276981312576,0.12359805032570105,0.12472306579699395,1452.0,1452.0,1452.0,1452.0,frequency direction and axis regularity after geometric resampling; this is not a moire-suppression measurement,True,300,,,,,,,,,,,,,,,,,,,,,,,,,,,,,,,,,,,,,,,,,,
screen_video,screen_video_02,proposed,geometry,ok,,,,4,4,,,,,,,,,,,,,,,,,,,,,,,,,,,,,,,,,,,,,,,,,,,,,,,,,,,,,,True,,4,300,4,3.560397446155548,3.024041175842285,6.139730823040008,6.620791912078857,3.2103609442710876,2.714742660522461,5.509398138523101,5.959029674530029,5.399720728397369,4.572033762931824,9.61719558238983,10.300296783447266,0.9966927856169095,0.997298567265227,0.9985722044850585,0.9986282098890616,0.0024086689778718418,0.0024394731640721146,0.003868467889425175,0.004053761384102517,0.0013714906460069675,0.0013807519549339162,0.0022136437419558556,0.002321184891485065,5,4,,,,,,,,,,,,,
screen_video,screen_video_02,proposed,temporal,ok,,,,299,299,,,,,,,,,,,,,,,,,,,,,,,,,,,,,,,,,,,,,,,,,,,,,,,,,,,,,,,,,,,,,,,,,,,,,,,,,,,,,,,,,,,,,frame-to-frame projective motion of the estimated screen quadrilateral,4.45208077639421,3.8317672721800107,10.321725921499771,11.51966575473426,0.011390975037672448,0.003050834404885508,0.05767430613311251,0.08025994201547758,0.0006426871588317369,0.0004954994949669667,0.0019600574013963943,0.002420685318821336
screen_video,screen_video_03,frame_wise,detail,ok,,5,True,5,5,0.1131923958659172,0.11633475124835968,0.11893953382968903,0.11944485455751419,0.11414112001657487,0.11686725169420242,0.12307944595813751,0.12429504841566086,0.9927654735541986,1.0004363859288776,1.0104384137794187,1.011285729427727,0.04659529320987654,0.049406828703703706,0.053534047067901235,0.05406780478395062,0.04793036265432099,0.050381944444444444,0.05564313271604938,0.05636911651234568,0.5887183453014384,0.44929175098202595,0.9293344739714571,0.9769611559559381,0.5707900902741272,0.4297629196138516,0.8968127214306211,0.9399762163457014,0.5796025953849698,0.4393104117848949,0.9127734579560157,0.9581118967799884,,,,,,,,,,,,,,,,,,,,,,,,,,,,,,,,,,,,,,,,,,,,,,,,,,,,,,,,,,,,,,,,,
screen_video,screen_video_03,frame_wise,frequency,ok,,9,,9,9,,,,,,,,,,,,,,,,,,,,,,,,,,,,,,,,,89.0,89.0,90.0,90.0,1.0,1.0,2.799999999999999,4.0,1.1666666666666667,0.5,3.6999999999999993,4.5,0.09608397241037496,0.09909466585981182,0.11301692314768509,0.11662096994046334,1452.0,1452.0,1452.0,1452.0,frequency direction and axis regularity after geometric resampling; this is not a moire-suppression measurement,True,299,,,,,,,,,,,,,,,,,,,,,,,,,,,,,,,,,,,,,,,,,,
screen_video,screen_video_03,frame_wise,geometry,ok,,,,4,4,,,,,,,,,,,,,,,,,,,,,,,,,,,,,,,,,,,,,,,,,,,,,,,,,,,,,,True,,4,299,4,20.76168704032898,22.76754093170166,31.237874889373778,31.255563735961914,12.281150698661804,13.047518730163574,17.29245090484619,17.39012908935547,40.741843700408936,45.17805862426758,62.37999839782715,62.424869537353516,0.9854276064635715,0.983902123380818,0.9929298636326,0.9938540160515869,0.0271978189297698,0.029195987442592553,0.0387439622125856,0.03903126829028447,0.015178998016494851,0.016267939338503585,0.02161405595620866,0.021787593019156837,5,4,,,,,,,,,,,,,
screen_video,screen_video_03,frame_wise,temporal,ok,,,,298,298,,,,,,,,,,,,,,,,,,,,,,,,,,,,,,,,,,,,,,,,,,,,,,,,,,,,,,,,,,,,,,,,,,,,,,,,,,,,,,,,,,,,,frame-to-frame projective motion of the estimated screen quadrilateral,16.88927036678041,5.124762376823281,95.22044467065777,260.41274972890204,0.8204231750916728,0.04710269302823057,6.2339411244955265,12.322828129957118,0.03049001065288576,0.004211081794358029,0.2049219569479809,0.4016096493960237
screen_video,screen_video_03,optical_flow,detail,ok,,5,True,5,5,0.11316433697938919,0.1169593334197998,0.11909572631120682,0.11946439743041992,0.11414112001657487,0.11686725169420242,0.12307944595813751,0.12429504841566086,0.9922433098620292,1.0000774707627103,1.0059984605433758,1.0064499689110886,0.046638406635802473,0.04917872299382716,0.05334702932098766,0.05380738811728395,0.04793036265432099,0.050381944444444444,0.05564313271604938,0.05636911651234568,0.5149707623805941,0.4408500761587002,0.867844574100967,0.9722876988572708,0.49841357341103576,0.41627306868188835,0.8333590726031633,0.9319684823804187,0.5064991277030237,0.4282092138938964,0.8502463622084656,0.9517012469952493,,,,,,,,,,,,,,,,,,,,,,,,,,,,,,,,,,,,,,,,,,,,,,,,,,,,,,,,,,,,,,,,,
screen_video,screen_video_03,optical_flow,frequency,ok,,9,,9,9,,,,,,,,,,,,,,,,,,,,,,,,,,,,,,,,,89.22222222222223,89.0,90.0,90.0,0.7777777777777778,1.0,1.5999999999999996,2.0,0.6111111111111112,0.5,1.9999999999999991,3.0,0.08917451983272964,0.0873748685166679,0.10534581918078155,0.11082861054964703,1452.0,1452.0,1452.0,1452.0,frequency direction and axis regularity after geometric resampling; this is not a moire-suppression measurement,True,299,,,,,,,,,,,,,,,,,,,,,,,,,,,,,,,,,,,,,,,,,,
screen_video,screen_video_03,optical_flow,geometry,ok,,,,4,4,,,,,,,,,,,,,,,,,,,,,,,,,,,,,,,,,,,,,,,,,,,,,,,,,,,,,,True,,4,299,4,33.426294803619385,24.676597595214844,60.79187602996825,66.67459869384766,21.045266151428223,14.389727115631104,40.452560997009265,44.654178619384766,64.24968719482422,49.00033950805664,113.51938400268553,123.9607925415039,0.9727940933995936,0.9831235562965388,0.9857523170240209,0.9857586444119971,0.051096794415653624,0.03245836278404857,0.10138311795550253,0.11283006624012537,0.028626170386449015,0.018075380100943422,0.056974694490394606,0.0634470823337916,5,4,,,,,,,,,,,,,
screen_video,screen_video_03,optical_flow,temporal,ok,,,,298,298,,,,,,,,,,,,,,,,,,,,,,,,,,,,,,,,,,,,,,,,,,,,,,,,,,,,,,,,,,,,,,,,,,,,,,,,,,,,,,,,,,,,,frame-to-frame projective motion of the estimated screen quadrilateral,4.071620062118601,3.4731188172999516,10.439498621292698,11.934054585517236,0.09971524221055365,0.038088675204925634,0.4206575791758354,0.6232355358203002,0.003359100529428348,0.0014841138474979698,0.012581285413734536,0.019371724986293692
screen_video,screen_video_03,proposed,detail,ok,,5,True,5,5,0.11331347227096558,0.1161222904920578,0.12123077511787414,0.12222748249769211,0.11414112001657487,0.11686725169420242,0.12307944595813751,0.12429504841566086,0.993104909444335,0.9951368269543163,1.0028822677288636,1.0032232631377824,0.04652536651234568,0.049388503086419754,0.05342853009259259,0.053871527777777775,0.04793036265432099,0.050381944444444444,0.05564313271604938,0.05636911651234568,0.6870930621180322,0.7084500917963088,0.7154348475502832,0.7160341688839098,0.6689303614359137,0.6774301315577265,0.6980789641405145,0.7016002194586686,0.6778567917227353,0.6925929539944892,0.7066377406004216,0.7087437129910484,,,,,,,,,,,,,,,,,,,,,,,,,,,,,,,,,,,,,,,,,,,,,,,,,,,,,,,,,,,,,,,,,
screen_video,screen_video_03,proposed,frequency,ok,,9,,9,9,,,,,,,,,,,,,,,,,,,,,,,,,,,,,,,,,89.66666666666667,90.0,90.0,90.0,0.3333333333333333,0.0,1.0,1.0,0.16666666666666666,0.0,0.5,0.5,0.08830506500360091,0.08699404381001269,0.10546031705599856,0.10910354821018624,1452.0,1452.0,1452.0,1452.0,frequency direction and axis regularity after geometric resampling; this is not a moire-suppression measurement,True,299,,,,,,,,,,,,,,,,,,,,,,,,,,,,,,,,,,,,,,,,,,
screen_video,screen_video_03,proposed,geometry,ok,,,,4,4,,,,,,,,,,,,,,,,,,,,,,,,,,,,,,,,,,,,,,,,,,,,,,,,,,,,,,True,,4,299,4,2.0052225589752197,2.083516299724579,2.2216144442558288,2.2277045249938965,1.8306653201580048,1.8469643592834473,2.070692044496536,2.1039414405822754,2.7670578062534332,2.694345235824585,3.5621903777122497,3.686535120010376,0.9978531263854801,0.9979484392626721,0.9980072780131543,0.9980097567934306,0.0020255662438735667,0.0020446472357610324,0.003483674225496391,0.0036633406257022827,0.0011310202070894543,0.0011417670495934254,0.0019437429908837267,0.002044908560227649,5,4,,,,,,,,,,,,,
screen_video,screen_video_03,proposed,temporal,ok,,,,298,298,,,,,,,,,,,,,,,,,,,,,,,,,,,,,,,,,,,,,,,,,,,,,,,,,,,,,,,,,,,,,,,,,,,,,,,,,,,,,,,,,,,,,frame-to-frame projective motion of the estimated screen quadrilateral,3.0980729561088807,2.367089558341948,8.153562607342504,9.14512198718221,0.016385647261341858,0.014048464248650711,0.047119299240927864,0.05973972907873403,0.0006614265694590959,0.00047818292643642124,0.001669961568902122,0.0019686443708123447
screen_video,screen_video_04,frame_wise,detail,ok,,5,True,5,5,0.11623743027448655,0.10975668579339981,0.14856809079647063,0.15779311954975128,0.11865663826465607,0.11223958432674408,0.15125508606433868,0.16000080108642578,0.9795537586406287,0.980378652127414,0.9915671158002087,0.9929083798804667,0.044777970679012354,0.04115644290123457,0.0603984375,0.06500916280864198,0.04584471450617284,0.041793499228395065,0.06252391975308641,0.06748456790123457,0.5222669637266201,0.4091181543505119,0.8795320626274834,0.9815096904220665,0.5097866125334025,0.3901516047397176,0.865628760540219,0.9689717641900234,0.5159222863242127,0.3994098428788031,0.8725075841773097,0.9752004296672675,,,,,,,,,,,,,,,,,,,,,,,,,,,,,,,,,,,,,,,,,,,,,,,,,,,,,,,,,,,,,,,,,
screen_video,screen_video_04,frame_wise,frequency,ok,,9,,9,9,,,,,,,,,,,,,,,,,,,,,,,,,,,,,,,,,89.88888888888889,90.0,90.0,90.0,0.1111111111111111,0.0,0.5999999999999996,1.0,0.05555555555555555,0.0,0.2999999999999998,0.5,0.09518193426136655,0.08997573375423255,0.11858613903132202,0.12519819227607615,1452.0,1452.0,1452.0,1452.0,frequency direction and axis regularity after geometric resampling; this is not a moire-suppression measurement,True,299,,,,,,,,,,,,,,,,,,,,,,,,,,,,,,,,,,,,,,,,,,
screen_video,screen_video_04,frame_wise,geometry,ok,,,,4,4,,,,,,,,,,,,,,,,,,,,,,,,,,,,,,,,,,,,,,,,,,,,,,,,,,,,,,True,,4,299,4,31.62579107284546,31.46778392791748,39.14211483001709,39.24402618408203,19.800607681274414,19.492859840393066,26.222415256500245,26.629106521606445,61.374796867370605,60.202741622924805,76.19364204406737,76.95187377929688,0.9788493496672346,0.978423244045133,0.9833991487199891,0.9837883901144642,0.03348118215631796,0.03282987179607533,0.03842543397144271,0.039118828970234,0.01871547072190641,0.018388207691059193,0.021455588003622246,0.021830464152487856,5,4,,,,,,,,,,,,,
screen_video,screen_video_04,frame_wise,temporal,ok,,,,298,298,,,,,,,,,,,,,,,,,,,,,,,,,,,,,,,,,,,,,,,,,,,,,,,,,,,,,,,,,,,,,,,,,,,,,,,,,,,,,,,,,,,,,frame-to-frame projective motion of the estimated screen quadrilateral,5.065674769946292,3.138816359536983,17.321749303622806,37.9291100822133,0.05080270621761682,0.024567967321737876,0.12827891193162805,1.9998935039363828,0.0030075506009785767,0.0018027725768400282,0.008512370763456211,0.03575013735153254
screen_video,screen_video_04,optical_flow,detail,ok,,5,True,5,5,0.11616459339857102,0.10937133431434631,0.14818948209285734,0.1573251634836197,0.11865663826465607,0.11223958432674408,0.15125508606433868,0.16000080108642578,0.9791225158412896,0.9832773487092679,0.9891047553418799,0.9892841525723428,0.04448514660493827,0.04093942901234568,0.05978906249999999,0.06442467206790123,0.04584471450617284,0.041793499228395065,0.06252391975308641,0.06748456790123457,0.5273436743506922,0.4158957951244327,0.8849778108192666,0.9825425246195165,0.5122571026851992,0.4097259857507303,0.8654627503823125,0.9646677359426745,0.519664749698147,0.4127878371772451,0.8750840640179481,0.9735230877619303,,,,,,,,,,,,,,,,,,,,,,,,,,,,,,,,,,,,,,,,,,,,,,,,,,,,,,,,,,,,,,,,,
screen_video,screen_video_04,optical_flow,frequency,ok,,9,,9,9,,,,,,,,,,,,,,,,,,,,,,,,,,,,,,,,,89.77777777777777,90.0,90.0,90.0,0.2222222222222222,0.0,1.0,1.0,0.1111111111111111,0.0,0.5,0.5,0.09477337004480907,0.08960576445122928,0.12180140718619464,0.12699867275950283,1452.0,1452.0,1452.0,1452.0,frequency direction and axis regularity after geometric resampling; this is not a moire-suppression measurement,True,299,,,,,,,,,,,,,,,,,,,,,,,,,,,,,,,,,,,,,,,,,,
screen_video,screen_video_04,optical_flow,geometry,ok,,,,4,4,,,,,,,,,,,,,,,,,,,,,,,,,,,,,,,,,,,,,,,,,,,,,,,,,,,,,,True,,4,299,4,31.98649311065674,33.93177127838135,37.956638717651366,38.05978775024414,17.931578159332275,18.81174945831299,21.060203552246094,21.11455726623535,63.75971031188965,67.6303482055664,75.76896057128906,76.0038070678711,0.979728982360504,0.9790677221270555,0.9828892959179885,0.9834383985020669,0.03727841793190856,0.038674822966405786,0.0420975301549368,0.042249597474860234,0.020837146579037177,0.02162451008854121,0.023507179628324826,0.02357760565465262,5,4,,,,,,,,,,,,,
screen_video,screen_video_04,optical_flow,temporal,ok,,,,298,298,,,,,,,,,,,,,,,,,,,,,,,,,,,,,,,,,,,,,,,,,,,,,,,,,,,,,,,,,,,,,,,,,,,,,,,,,,,,,,,,,,,,,frame-to-frame projective motion of the estimated screen quadrilateral,3.726157255814034,2.4159814599630827,15.908588911067188,19.97527244330694,0.01609708968297479,0.009251800200330267,0.07209074888889115,0.14107312665072116,0.0013951641017796294,0.0011846588337434127,0.0037754575505746786,0.005015238052757276
screen_video,screen_video_04,proposed,detail,ok,,5,True,5,5,0.11365911364555359,0.10889890789985657,0.13997090607881546,0.1474907100200653,0.11865663826465607,0.11223958432674408,0.15125508606433868,0.16000080108642578,0.962076920321471,0.9702362010076376,0.9873790428768989,0.9878944331963692,0.04287972608024691,0.04018036265432099,0.05482185570987654,0.058384934413580246,0.04584471450617284,0.041793499228395065,0.06252391975308641,0.06748456790123457,0.7525961817299522,0.7266256991286397,0.8907461424936919,0.9122734026745913,0.7112217435386332,0.6886355418964114,0.8440534011049037,0.8779179119116578,0.7310706824045899,0.7071207315942492,0.8665264887087042,0.8947659998604398,,,,,,,,,,,,,,,,,,,,,,,,,,,,,,,,,,,,,,,,,,,,,,,,,,,,,,,,,,,,,,,,,
screen_video,screen_video_04,proposed,frequency,ok,,9,,9,9,,,,,,,,,,,,,,,,,,,,,,,,,,,,,,,,,90.0,90.0,90.0,90.0,0.0,0.0,0.0,0.0,0.0,0.0,0.0,0.0,0.09198528941654344,0.08545407587330883,0.1183127185333139,0.1249028803541864,1452.0,1452.0,1452.0,1452.0,frequency direction and axis regularity after geometric resampling; this is not a moire-suppression measurement,True,299,,,,,,,,,,,,,,,,,,,,,,,,,,,,,,,,,,,,,,,,,,
screen_video,screen_video_04,proposed,geometry,ok,,,,4,4,,,,,,,,,,,,,,,,,,,,,,,,,,,,,,,,,,,,,,,,,,,,,,,,,,,,,,True,,4,299,4,4.7801671624183655,5.075838327407837,5.855523324012756,5.955254077911377,4.56110018491745,4.9899492263793945,5.726259803771972,5.811680793762207,6.199880361557007,6.333857774734497,7.594909191131591,7.79501485824585,0.9947280162593763,0.994188813106363,0.9962886506857491,0.9966392124346164,0.001144261422710513,0.0006725930616494624,0.0025386347438997583,0.0028642148522890487,0.0006389980464550845,0.0003757891278677233,0.0014166619359824142,0.0015983898624751026,5,4,,,,,,,,,,,,,
screen_video,screen_video_04,proposed,temporal,ok,,,,298,298,,,,,,,,,,,,,,,,,,,,,,,,,,,,,,,,,,,,,,,,,,,,,,,,,,,,,,,,,,,,,,,,,,,,,,,,,,,,,,,,,,,,,frame-to-frame projective motion of the estimated screen quadrilateral,3.5860674823652317,2.3232583740993134,15.221965536945028,18.830562312998303,0.01401153669004135,0.009281690410671865,0.06993312773456564,0.08840191562488031,0.0012580368839217294,0.001125284754199929,0.0036262063038494862,0.004311494793371118
screen_video,screen_video_05,frame_wise,detail,ok,,5,True,5,5,0.11151310503482818,0.1124531701207161,0.11723104268312454,0.11783068627119064,0.11304860264062881,0.11322972923517227,0.12173755168914795,0.12330268323421478,0.9871598372526991,0.994025360070401,0.997757542772032,0.9985923514402597,0.0429669174382716,0.04167920524691358,0.04665094521604938,0.04712143132716049,0.043300829475308646,0.042083333333333334,0.04793586033950617,0.0485865162037037,0.477740305597532,0.37083015630956917,0.8477088643017425,0.9663906827276356,0.46822600983542184,0.36119060029999045,0.822360902744484,0.936584978510953,0.47290180782913316,0.3669914123121168,0.8346290951676608,0.9512544119734472,,,,,,,,,,,,,,,,,,,,,,,,,,,,,,,,,,,,,,,,,,,,,,,,,,,,,,,,,,,,,,,,,
screen_video,screen_video_05,frame_wise,frequency,ok,,9,,9,9,,,,,,,,,,,,,,,,,,,,,,,,,,,,,,,,,89.77777777777777,90.0,90.0,90.0,0.2222222222222222,0.0,1.0,1.0,0.1111111111111111,0.0,0.5,0.5,0.0967263865579197,0.09496042801322654,0.10721759222089189,0.10981248642604687,1452.0,1452.0,1452.0,1452.0,frequency direction and axis regularity after geometric resampling; this is not a moire-suppression measurement,True,300,,,,,,,,,,,,,,,,,,,,,,,,,,,,,,,,,,,,,,,,,,
screen_video,screen_video_05,frame_wise,geometry,ok,,,,4,4,,,,,,,,,,,,,,,,,,,,,,,,,,,,,,,,,,,,,,,,,,,,,,,,,,,,,,True,,4,300,4,33.38735055923462,33.553762435913086,34.644335174560545,34.8361930847168,19.495398998260498,19.49551773071289,21.678289318084715,21.79841423034668,65.87647151947021,66.28463745117188,67.71954879760742,67.83765411376953,0.9788310014458053,0.9792843910310678,0.980557813022563,0.9806205927465524,0.03491143272200403,0.034546548809184396,0.03822821385728703,0.03847780796166056,0.019788770767013582,0.01969367805236001,0.021568225372567428,0.02166098590773362,5,4,,,,,,,,,,,,,
screen_video,screen_video_05,frame_wise,temporal,ok,,,,299,299,,,,,,,,,,,,,,,,,,,,,,,,,,,,,,,,,,,,,,,,,,,,,,,,,,,,,,,,,,,,,,,,,,,,,,,,,,,,,,,,,,,,,frame-to-frame projective motion of the estimated screen quadrilateral,4.107098409364071,3.2641409518903557,10.111806138121294,28.017425114825123,0.02365255543287205,0.019295370764729317,0.07585281912614254,0.14260339119189622,0.0014824484230081736,0.0010615795058765976,0.0036126781681408543,0.026353530252522184
screen_video,screen_video_05,optical_flow,detail,ok,,5,True,5,5,0.11124343723058701,0.11236754059791565,0.11715283542871475,0.11778786033391953,0.11304860264062881,0.11322972923517227,0.12173755168914795,0.12330268323421478,0.9846957619881461,0.9923854923695358,0.9948159690508742,0.9953910904346803,0.04327806712962963,0.04178192515432099,0.047503279320987656,0.04804639274691358,0.043300829475308646,0.042083333333333334,0.04793586033950617,0.0485865162037037,0.4800182508457781,0.37281752824375214,0.844310405092542,0.96210942597035,0.4751417614354338,0.3620734473957841,0.8336537698224376,0.9503121619073143,0.47753652542672287,0.36566065192514563,0.8389479598983802,0.9561744067111793,,,,,,,,,,,,,,,,,,,,,,,,,,,,,,,,,,,,,,,,,,,,,,,,,,,,,,,,,,,,,,,,,
screen_video,screen_video_05,optical_flow,frequency,ok,,9,,9,9,,,,,,,,,,,,,,,,,,,,,,,,,,,,,,,,,89.88888888888889,90.0,90.0,90.0,0.1111111111111111,0.0,0.5999999999999996,1.0,0.05555555555555555,0.0,0.2999999999999998,0.5,0.09750763640478927,0.09705292941097966,0.10552011108983769,0.10807765949218452,1452.0,1452.0,1452.0,1452.0,frequency direction and axis regularity after geometric resampling; this is not a moire-suppression measurement,True,300,,,,,,,,,,,,,,,,,,,,,,,,,,,,,,,,,,,,,,,,,,
screen_video,screen_video_05,optical_flow,geometry,ok,,,,4,4,,,,,,,,,,,,,,,,,,,,,,,,,,,,,,,,,,,,,,,,,,,,,,,,,,,,,,True,,4,300,4,33.11838340759277,32.75973129272461,34.23480453491211,34.458740234375,18.84900188446045,18.692951202392578,20.486796569824218,20.686574935913086,65.72594261169434,65.35768127441406,67.65155487060547,67.961181640625,0.9793497417850507,0.9795440740114335,0.9807725962828516,0.9809215829438097,0.034829879786894447,0.035103051838585086,0.036772491496514036,0.036857436637305785,0.01974131722852595,0.019884042430144112,0.020748052143788793,0.02074880191697414,5,4,,,,,,,,,,,,,
screen_video,screen_video_05,optical_flow,temporal,ok,,,,299,299,,,,,,,,,,,,,,,,,,,,,,,,,,,,,,,,,,,,,,,,,,,,,,,,,,,,,,,,,,,,,,,,,,,,,,,,,,,,,,,,,,,,,frame-to-frame projective motion of the estimated screen quadrilateral,2.6364366895730695,2.4024513560883984,5.264716719738593,6.347437637842868,0.01002565826125727,0.010550229539867936,0.017554297627955153,0.023469499658587783,0.0004293420416619682,0.0003933599174894553,0.0009085744339998535,0.0016932384788110877
screen_video,screen_video_05,proposed,detail,ok,,5,True,5,5,0.11023105829954147,0.11053537577390671,0.1168033555150032,0.11765049397945404,0.11304860264062881,0.11322972923517227,0.12173755168914795,0.12330268323421478,0.9756039641426479,0.9809650888562951,0.9840670985209744,0.9845484492056171,0.04214322916666667,0.040432581018518515,0.04640480324074074,0.04691550925925926,0.043300829475308646,0.042083333333333334,0.04793586033950617,0.0485865162037037,0.9366554912861161,0.939906068100627,0.9543978616366966,0.9550907853740644,0.9122479480715121,0.913712862263807,0.9178917419528829,0.9179157499083241,0.9242622091160758,0.9266243990877866,0.9357884427903415,0.9361343465413886,,,,,,,,,,,,,,,,,,,,,,,,,,,,,,,,,,,,,,,,,,,,,,,,,,,,,,,,,,,,,,,,,
screen_video,screen_video_05,proposed,frequency,ok,,9,,9,9,,,,,,,,,,,,,,,,,,,,,,,,,,,,,,,,,90.0,90.0,90.0,90.0,0.0,0.0,0.0,0.0,0.0,0.0,0.0,0.0,0.09215765891363972,0.09230949607711184,0.09831420842846098,0.09832869880282041,1452.0,1452.0,1452.0,1452.0,frequency direction and axis regularity after geometric resampling; this is not a moire-suppression measurement,True,300,,,,,,,,,,,,,,,,,,,,,,,,,,,,,,,,,,,,,,,,,,
screen_video,screen_video_05,proposed,geometry,ok,,,,4,4,,,,,,,,,,,,,,,,,,,,,,,,,,,,,,,,,,,,,,,,,,,,,,,,,,,,,,True,,4,300,4,3.1078155040740967,2.9457746744155884,3.8973684430122373,4.0514092445373535,2.8654465079307556,2.7444599866867065,3.4506610631942745,3.561282157897949,4.29666793346405,3.8682552576065063,5.857105112075805,6.170352935791016,0.9972405892005551,0.997737436108498,0.9980828391592679,0.9981025189258913,0.0014525117130981258,0.0010226546751477272,0.002770414356167882,0.003050339499379051,0.0008252930478650467,0.000574512618271526,0.0015816604717721512,0.0017435564291069924,5,4,,,,,,,,,,,,,
screen_video,screen_video_05,proposed,temporal,ok,,,,299,299,,,,,,,,,,,,,,,,,,,,,,,,,,,,,,,,,,,,,,,,,,,,,,,,,,,,,,,,,,,,,,,,,,,,,,,,,,,,,,,,,,,,,frame-to-frame projective motion of the estimated screen quadrilateral,2.5585474814349167,2.347590845538195,5.071952171268585,5.523896851089806,0.009813683721538954,0.010879993789601139,0.015066873857739247,0.01569367225045001,0.00039350864421113934,0.0004057117334841376,0.0007443129681557801,0.0008393670724591296
screen_video,screen_video_06,frame_wise,detail,ok,,5,True,5,5,0.08002338036894799,0.07471472024917603,0.13291294425725936,0.14552272856235504,0.08248839154839516,0.07304669916629791,0.13540787696838377,0.1461392343044281,0.9736411259632417,0.9957813810575413,1.0365846889641717,1.0400221122065751,0.015195312499999999,0.0059220679012345675,0.04059789737654321,0.04724681712962963,0.01664168595679012,0.005960648148148148,0.044354841820987645,0.05125964506172839,0.49669441881348186,0.5126312888507824,0.8267175445273336,0.888031685896332,0.4766661046460127,0.4758401384864336,0.7528106198713899,0.7606546984410569,0.4829952329914836,0.4935510258224562,0.784323871178801,0.8194226393311995,,,,,,,,,,,,,,,,,,,,,,,,,,,,,,,,,,,,,,,,,,,,,,,,,,,,,,,,,,,,,,,,,
screen_video,screen_video_06,frame_wise,frequency,ok,,9,,9,9,,,,,,,,,,,,,,,,,,,,,,,,,,,,,,,,,78.0,77.0,89.2,90.0,12.0,13.0,22.799999999999997,24.0,6.666666666666667,7.5,12.599999999999998,14.0,0.04180303839750572,0.02153793500005801,0.0862449390311452,0.08780675009170642,1452.0,1452.0,1452.0,1452.0,frequency direction and axis regularity after geometric resampling; this is not a moire-suppression measurement,True,300,,,,,,,,,,,,,,,,,,,,,,,,,,,,,,,,,,,,,,,,,,
screen_video,screen_video_06,frame_wise,geometry,ok,,,,4,4,,,,,,,,,,,,,,,,,,,,,,,,,,,,,,,,,,,,,,,,,,,,,,,,,,,,,,True,,4,300,4,56.64220607280731,21.469518661499023,157.74201335906977,180.88893127441406,54.59398835897446,18.247559547424316,155.66420364379877,179.51040649414062,69.00267934799194,35.38023281097412,178.1845819473266,200.97189331054688,0.9385537170090037,0.9763900212285417,0.9941201408829397,0.9964704662449868,0.0051972431288184184,0.005755612696504597,0.009090505994073282,0.009249572744544743,0.004020523608378219,0.004492508216510512,0.006976933529971599,0.007075368388154687,5,4,,,,,,,,,,,,,
screen_video,screen_video_06,frame_wise,temporal,ok,,,,299,299,,,,,,,,,,,,,,,,,,,,,,,,,,,,,,,,,,,,,,,,,,,,,,,,,,,,,,,,,,,,,,,,,,,,,,,,,,,,,,,,,,,,,frame-to-frame projective motion of the estimated screen quadrilateral,8.708582270576725,3.459615914612869e-13,37.84846405348964,368.6057857651505,0.090074718015545,1.215120649256897e-15,0.21647348637484728,8.679980314529388,0.007135825250986364,2.220446049250313e-16,0.0400948259914094,0.3336984546836207
screen_video,screen_video_06,optical_flow,detail,ok,,5,True,5,5,0.0787278689444065,0.07050147652626038,0.12895119190216064,0.14060109853744507,0.08248839154839516,0.07304669916629791,0.13540787696838377,0.1461392343044281,0.9638608699354375,0.9651562265087011,1.0205257041207334,1.0336800876041985,0.014812114197530864,0.00613329475308642,0.039418885030864194,0.04587528935185185,0.01664168595679012,0.005960648148148148,0.044354841820987645,0.05125964506172839,0.5085922995771164,0.41923954292682414,0.8561580505073018,0.898747649625714,0.4682073056055172,0.3790501636999962,0.7479706970697011,0.7485519983863067,0.4859759128390257,0.39813319915500767,0.7963364217245473,0.8168026381650937,,,,,,,,,,,,,,,,,,,,,,,,,,,,,,,,,,,,,,,,,,,,,,,,,,,,,,,,,,,,,,,,,
screen_video,screen_video_06,optical_flow,frequency,ok,,9,,9,9,,,,,,,,,,,,,,,,,,,,,,,,,,,,,,,,,81.66666666666667,83.0,89.0,89.0,8.333333333333334,7.0,19.599999999999998,22.0,4.944444444444445,3.5,11.8,12.0,0.04277385843054315,0.020941204741014168,0.09208168270577366,0.09582413757252578,1452.0,1452.0,1452.0,1452.0,frequency direction and axis regularity after geometric resampling; this is not a moire-suppression measurement,True,300,,,,,,,,,,,,,,,,,,,,,,,,,,,,,,,,,,,,,,,,,,
screen_video,screen_video_06,optical_flow,geometry,ok,,,,4,4,,,,,,,,,,,,,,,,,,,,,,,,,,,,,,,,,,,,,,,,,,,,,,,,,,,,,,True,,4,300,4,67.75777411460876,64.36581230163574,128.9722988128662,134.76577758789062,56.16854703426361,51.89618396759033,108.57215080261228,114.51992797851562,104.37832713127136,101.52231979370117,195.38838806152341,201.77685546875,0.9389934737571104,0.939962966828682,0.9867519031332717,0.9899222661574381,0.047526185078266,0.05265048277534967,0.08343223161333363,0.08411950709282645,0.03654170749576616,0.04064204085330693,0.06390926843147203,0.06434637769217656,5,4,,,,,,,,,,,,,
screen_video,screen_video_06,optical_flow,temporal,ok,,,,299,299,,,,,,,,,,,,,,,,,,,,,,,,,,,,,,,,,,,,,,,,,,,,,,,,,,,,,,,,,,,,,,,,,,,,,,,,,,,,,,,,,,,,,frame-to-frame projective motion of the estimated screen quadrilateral,28.50100784827408,12.338615374904467,106.20231076567977,326.76078229807575,0.1111931112998296,0.06588397811904015,0.31434296316264365,3.1800008228126884,0.01468458652143961,0.00584416454304959,0.056107625501299954,0.17226865358382126
screen_video,screen_video_06,proposed,detail,ok,,5,True,5,5,0.07624744921922684,0.0648995116353035,0.12321799397468566,0.1330687254667282,0.08248839154839516,0.07304669916629791,0.13540787696838377,0.1461392343044281,0.9372652137790622,0.9105612609788811,1.0515991016431896,1.0718480183861427,0.01351147762345679,0.007544849537037037,0.034655960648148146,0.03962480709876543,0.01664168595679012,0.005960648148148148,0.044354841820987645,0.05125964506172839,0.1924463430112451,0.1828371832631502,0.4595015159479353,0.5222356357466802,0.1873378961461234,0.15418846197267905,0.43208856439318244,0.4701610811745382,0.18780470950958586,0.167295186448114,0.4436630037066388,0.4948320907232975,,,,,,,,,,,,,,,,,,,,,,,,,,,,,,,,,,,,,,,,,,,,,,,,,,,,,,,,,,,,,,,,,
screen_video,screen_video_06,proposed,frequency,ok,,9,,9,9,,,,,,,,,,,,,,,,,,,,,,,,,,,,,,,,,80.55555555555556,83.0,90.0,90.0,9.444444444444445,7.0,21.199999999999996,24.0,7.055555555555555,3.5,21.999999999999993,31.0,0.04786949312383572,0.02273129440482294,0.10304281456551555,0.10610744324604898,1452.0,1452.0,1452.0,1452.0,frequency direction and axis regularity after geometric resampling; this is not a moire-suppression measurement,True,300,,,,,,,,,,,,,,,,,,,,,,,,,,,,,,,,,,,,,,,,,,
screen_video,screen_video_06,proposed,geometry,ok,,,,4,4,,,,,,,,,,,,,,,,,,,,,,,,,,,,,,,,,,,,,,,,,,,,,,,,,,,,,,True,,4,300,4,174.46860122680664,183.10753631591797,262.28107833862305,269.9448547363281,167.0059461593628,177.20077514648438,253.15858001708983,260.1330261230469,227.71536445617676,233.74529266357422,343.5164627075195,354.1805114746094,0.8022799925920416,0.7859876953866519,0.9058206518189131,0.9220599536667339,0.04213753534717379,0.04450631553216433,0.054120121556936795,0.05554639476837808,0.032490473561142444,0.03433326968531645,0.04143734992134811,0.042489660492906034,5,4,,,,,,,,,,,,,
screen_video,screen_video_06,proposed,temporal,ok,,,,299,299,,,,,,,,,,,,,,,,,,,,,,,,,,,,,,,,,,,,,,,,,,,,,,,,,,,,,,,,,,,,,,,,,,,,,,,,,,,,,,,,,,,,,frame-to-frame projective motion of the estimated screen quadrilateral,0.43255352844575323,7.400035697277036e-14,0.3847006027915845,12.526472398369574,0.0016652339691071944,2.369183835271283e-16,0.0010478132691083876,0.0695138263494932,0.00030640161908698587,0.0,0.00028828324452293127,0.008524872722588617
screen_video,screen_video_07,frame_wise,detail,ok,,5,True,5,5,0.04529820382595062,0.04206780344247818,0.0642269618809223,0.06938134878873825,0.050039543956518176,0.04104858264327049,0.07804200574755668,0.08533839136362076,0.9293567349448045,0.920862491138085,1.0478027913622334,1.062385384378379,0.005515432098765432,0.004756462191358024,0.009892939814814814,0.010875771604938272,0.006832272376543211,0.005899884259259259,0.012795717592592591,0.014517746913580248,0.4954485604512808,0.5226604481395113,0.9538049715531614,0.98638337833079,0.4675626252914431,0.4196734693877551,0.9515357292699126,0.9813519813519813,0.4796633285394399,0.46553927329294237,0.9526605492990374,0.9838612473311821,,,,,,,,,,,,,,,,,,,,,,,,,,,,,,,,,,,,,,,,,,,,,,,,,,,,,,,,,,,,,,,,,
screen_video,screen_video_07,frame_wise,frequency,ok,,9,,9,9,,,,,,,,,,,,,,,,,,,,,,,,,,,,,,,,,81.0,85.0,89.2,90.0,9.0,5.0,21.799999999999997,25.0,4.722222222222222,2.5,10.899999999999999,12.5,0.03029538965491681,0.0211671549402963,0.05369056044246686,0.055495358394961,1452.0,1452.0,1452.0,1452.0,frequency direction and axis regularity after geometric resampling; this is not a moire-suppression measurement,True,300,,,,,,,,,,,,,,,,,,,,,,,,,,,,,,,,,,,,,,,,,,
screen_video,screen_video_07,frame_wise,geometry,ok,,,,4,4,,,,,,,,,,,,,,,,,,,,,,,,,,,,,,,,,,,,,,,,,,,,,,,,,,,,,,True,,4,300,4,77.89477837085724,78.2454764842987,152.45682373046876,152.6186981201172,56.3422737121582,46.88247728347778,123.19458389282225,129.18360900878906,144.79877042770386,136.22768807411194,297.94710540771484,303.64990234375,0.9285665721353176,0.9374970595944822,0.9958703586090709,0.9964361974959384,0.08149593364970331,0.08023540196215917,0.1633250281325162,0.1645707724155221,0.06251603627160657,0.061692611173628044,0.12506478312924516,0.12594729179196998,5,4,,,,,,,,,,,,,
screen_video,screen_video_07,frame_wise,temporal,ok,,,,299,299,,,,,,,,,,,,,,,,,,,,,,,,,,,,,,,,,,,,,,,,,,,,,,,,,,,,,,,,,,,,,,,,,,,,,,,,,,,,,,,,,,,,,frame-to-frame projective motion of the estimated screen quadrilateral,5.878516156060151,0.9779869222907557,17.216615106442323,459.03318357481703,0.08096116518536703,0.0019185678233537495,0.14356303578437501,3.7709108619220233,0.004202860293580678,0.00012887274762718448,0.012149106989885226,0.1950868054709416
screen_video,screen_video_07,optical_flow,detail,ok,,5,True,5,5,0.048045247048139575,0.043755095452070236,0.06720111817121505,0.07264841347932816,0.050039543956518176,0.04104858264327049,0.07804200574755668,0.08533839136362076,0.9956465128058275,0.9200914343862878,1.217840938009215,1.2457268426898807,0.0051504629629629635,0.006204668209876543,0.0071606867283950625,0.007258873456790124,0.006832272376543211,0.005899884259259259,0.012795717592592591,0.014517746913580248,0.4530347711872052,0.35948711134732925,0.9109340531496829,0.9966848212171442,0.433887416684291,0.44310204081632654,0.9059178193067353,0.9831002331002331,0.43462610137788005,0.396939012334637,0.9083151837610677,0.9898459208278894,,,,,,,,,,,,,,,,,,,,,,,,,,,,,,,,,,,,,,,,,,,,,,,,,,,,,,,,,,,,,,,,,
screen_video,screen_video_07,optical_flow,frequency,ok,,9,,9,9,,,,,,,,,,,,,,,,,,,,,,,,,,,,,,,,,79.55555555555556,79.0,89.0,89.0,10.444444444444445,11.0,23.4,25.0,6.111111111111111,6.5,12.899999999999999,14.5,0.025272657726996963,0.02164343130351745,0.036063503781028045,0.03643530774117157,1452.0,1452.0,1452.0,1452.0,frequency direction and axis regularity after geometric resampling; this is not a moire-suppression measurement,True,300,,,,,,,,,,,,,,,,,,,,,,,,,,,,,,,,,,,,,,,,,,
screen_video,screen_video_07,optical_flow,geometry,ok,,,,4,4,,,,,,,,,,,,,,,,,,,,,,,,,,,,,,,,,,,,,,,,,,,,,,,,,,,,,,True,,4,300,4,96.99378156661987,78.32408142089844,199.58001747131345,213.51788330078125,80.94247531890869,65.41908264160156,168.0707897186279,179.34823608398438,155.2154998779297,121.90688705444336,322.74080200195306,346.7366638183594,0.8872758159428483,0.910001012835018,0.9733299122478167,0.9767579742556822,0.05272810772764136,0.04248881676571836,0.11501893240910319,0.12281073972477796,0.04050216687628415,0.03279733663465889,0.08805702194103186,0.09398801405786802,5,4,,,,,,,,,,,,,
screen_video,screen_video_07,optical_flow,temporal,ok,,,,299,299,,,,,,,,,,,,,,,,,,,,,,,,,,,,,,,,,,,,,,,,,,,,,,,,,,,,,,,,,,,,,,,,,,,,,,,,,,,,,,,,,,,,,frame-to-frame projective motion of the estimated screen quadrilateral,40.86997306622531,14.448440708502355,158.43027028513222,583.5854915697658,0.18489274481552656,0.08233577474350143,0.6607531468979495,2.459389863919072,0.022631447378593413,0.006403649466270034,0.09104838401006997,0.3572966287941637
screen_video,screen_video_07,proposed,detail,ok,,5,True,5,5,0.05188416540622711,0.04173082858324051,0.08087591752409934,0.08740053325891495,0.050039543956518176,0.04104858264327049,0.07804200574755668,0.08533839136362076,1.0377201976754857,1.0241642930261896,1.118319087192708,1.1211915661435201,0.007242091049382717,0.005706018518518518,0.01420630787037037,0.01631317515432099,0.006832272376543211,0.005899884259259259,0.012795717592592591,0.014517746913580248,0.2541273374797718,0.11691843793419458,0.8108778435149745,0.9793006665887031,0.2605597422356005,0.1305142173797502,0.8129297468298641,0.9764568764568765,0.2571101071874712,0.12334280133624957,0.8117440171847982,0.9778767040010914,,,,,,,,,,,,,,,,,,,,,,,,,,,,,,,,,,,,,,,,,,,,,,,,,,,,,,,,,,,,,,,,,
screen_video,screen_video_07,proposed,frequency,ok,,9,,9,9,,,,,,,,,,,,,,,,,,,,,,,,,,,,,,,,,85.22222222222223,84.0,90.0,90.0,4.777777777777778,6.0,9.999999999999998,12.0,3.0555555555555554,3.0,5.8,6.0,0.032961163037598,0.03604544703914734,0.040855919113863784,0.04094019284862174,1452.0,1452.0,1452.0,1452.0,frequency direction and axis regularity after geometric resampling; this is not a moire-suppression measurement,True,300,,,,,,,,,,,,,,,,,,,,,,,,,,,,,,,,,,,,,,,,,,
screen_video,screen_video_07,proposed,geometry,ok,,,,4,4,,,,,,,,,,,,,,,,,,,,,,,,,,,,,,,,,,,,,,,,,,,,,,,,,,,,,,True,,4,300,4,192.8842544555664,189.68479537963867,322.409765625,325.7310791015625,180.6691780090332,172.62928009033203,307.7893081665039,312.75592041015625,255.90145683288574,251.8066520690918,429.45178070068357,436.3591003417969,0.7864538677205638,0.7938710517811669,0.9191313040587205,0.9192649764019162,0.01359372348002802,0.009456575633599251,0.027375224372222565,0.030406699051275243,0.01061827181262796,0.007286176593598474,0.02158482965169546,0.02401678625026825,5,4,,,,,,,,,,,,,
screen_video,screen_video_07,proposed,temporal,ok,,,,299,299,,,,,,,,,,,,,,,,,,,,,,,,,,,,,,,,,,,,,,,,,,,,,,,,,,,,,,,,,,,,,,,,,,,,,,,,,,,,,,,,,,,,,frame-to-frame projective motion of the estimated screen quadrilateral,1.5245079151402206e-13,1.5245079151402208e-13,1.5245079151402208e-13,1.5245079151402208e-13,2.410804466574915e-15,2.410804466574915e-15,2.410804466574915e-15,2.410804466574915e-15,0.0,0.0,0.0,0.0
screen_video,screen_video_08,frame_wise,detail,ok,,5,True,5,5,0.06073296889662742,0.059707168489694595,0.09946373552083969,0.10310912132263184,0.06903875730931759,0.07507159560918808,0.11169483214616775,0.11563349515199661,0.8961579431584792,0.8916890489827201,0.9627842015255832,0.9682991641318495,0.014197820216049381,0.005361207561728395,0.03909162808641975,0.0451514274691358,0.016589795524691357,0.010096450617283951,0.042598572530864194,0.04884982638888889,0.3944133955339609,0.3529735682819383,0.8881217150023244,0.9730855169612025,0.3473426649298891,0.19366515837104073,0.8708684401660154,0.9615037593984962,0.3656040191812418,0.2501055218706042,0.8793163719859376,0.9672599700697031,,,,,,,,,,,,,,,,,,,,,,,,,,,,,,,,,,,,,,,,,,,,,,,,,,,,,,,,,,,,,,,,,
screen_video,screen_video_08,frame_wise,frequency,ok,,9,,9,9,,,,,,,,,,,,,,,,,,,,,,,,,,,,,,,,,78.88888888888889,82.0,85.2,86.0,11.11111111111111,8.0,20.999999999999996,25.0,7.0,7.0,11.899999999999999,12.5,0.02819869451767331,0.02345963108823591,0.05099395708860236,0.05962660091780365,1452.0,1452.0,1452.0,1452.0,frequency direction and axis regularity after geometric resampling; this is not a moire-suppression measurement,True,299,,,,,,,,,,,,,,,,,,,,,,,,,,,,,,,,,,,,,,,,,,
screen_video,screen_video_08,frame_wise,geometry,ok,,,,4,4,,,,,,,,,,,,,,,,,,,,,,,,,,,,,,,,,,,,,,,,,,,,,,,,,,,,,,True,,4,299,4,215.28500366210938,222.01087188720703,310.75555419921875,316.79473876953125,203.57352828979492,212.5006561279297,295.4393142700195,301.941650390625,289.3223457336426,287.0364074707031,434.4310623168945,442.46075439453125,0.7794030375858245,0.7614651287058123,0.8799555374099591,0.8943614161100849,0.02209354727017898,0.018019179287323106,0.037217039314381056,0.04040478915075285,0.017027338221979667,0.013786506897775188,0.028932996818119547,0.031450701786421106,5,4,,,,,,,,,,,,,
screen_video,screen_video_08,frame_wise,temporal,ok,,,,298,298,,,,,,,,,,,,,,,,,,,,,,,,,,,,,,,,,,,,,,,,,,,,,,,,,,,,,,,,,,,,,,,,,,,,,,,,,,,,,,,,,,,,,frame-to-frame projective motion of the estimated screen quadrilateral,5.372308364426455,2.3512646433527564e-13,50.54072187098397,135.492834370772,0.028477506868679114,3.637720621538542e-15,0.17534099201701012,1.1087815398930618,0.004637847975066869,2.220446049250313e-16,0.022736531527478704,0.14292766194570983
screen_video,screen_video_08,optical_flow,detail,ok,,5,True,5,5,0.06670134589076042,0.07106482982635498,0.10955124646425246,0.11705578118562698,0.06903875730931759,0.07507159560918808,0.11169483214616775,0.11563349515199661,1.0145787982165761,0.9660441066872343,1.2576088681353434,1.3189360980476692,0.014709104938271605,0.010072337962962963,0.03683198302469135,0.04289592978395062,0.016589795524691357,0.010096450617283951,0.042598572530864194,0.04884982638888889,0.3746134775376414,0.10388066569522203,0.8977506451919398,0.9623270376729623,0.37536147705753586,0.16923076923076924,0.881536808109419,0.9566917293233083,0.3712401147857295,0.10902726602800294,0.8893564101995519,0.9595011092955215,,,,,,,,,,,,,,,,,,,,,,,,,,,,,,,,,,,,,,,,,,,,,,,,,,,,,,,,,,,,,,,,,
screen_video,screen_video_08,optical_flow,frequency,ok,,9,,9,9,,,,,,,,,,,,,,,,,,,,,,,,,,,,,,,,,79.88888888888889,84.0,88.4,90.0,10.11111111111111,6.0,23.4,25.0,6.833333333333333,7.5,12.8,13.0,0.03285126861837583,0.02751701430723225,0.05376377461221583,0.053991154389279906,1452.0,1452.0,1452.0,1452.0,frequency direction and axis regularity after geometric resampling; this is not a moire-suppression measurement,True,299,,,,,,,,,,,,,,,,,,,,,,,,,,,,,,,,,,,,,,,,,,
screen_video,screen_video_08,optical_flow,geometry,ok,,,,4,4,,,,,,,,,,,,,,,,,,,,,,,,,,,,,,,,,,,,,,,,,,,,,,,,,,,,,,True,,4,299,4,337.4075527191162,327.22208404541016,601.3697372436523,620.4484252929688,273.3968172073364,273.31092834472656,471.14462127685545,484.63458251953125,560.4496021270752,536.0630493164062,1031.6538482666015,1065.4075927734375,0.7740340662869726,0.7811449311257475,0.9125755430340277,0.9238974198373805,0.23026783055010264,0.18438702086538084,0.5138127187576588,0.5452581747741614,0.17574109934847437,0.14117673149319063,0.39141999665317934,0.4152209238544897,5,4,,,,,,,,,,,,,
screen_video,screen_video_08,optical_flow,temporal,ok,,,,298,298,,,,,,,,,,,,,,,,,,,,,,,,,,,,,,,,,,,,,,,,,,,,,,,,,,,,,,,,,,,,,,,,,,,,,,,,,,,,,,,,,,,,,frame-to-frame projective motion of the estimated screen quadrilateral,22.47609022514965,10.494718982493072,107.59560318411063,278.18641401661006,0.1010721836666934,0.050965298404220524,0.33299601937210993,1.4995886598137511,0.011374393830308957,0.004243746116702363,0.05859503277776249,0.144972435109594
screen_video,screen_video_08,proposed,detail,ok,,5,True,5,5,0.05576369725167751,0.05403093621134758,0.0918848305940628,0.09610514342784882,0.06903875730931759,0.07507159560918808,0.11169483214616775,0.11563349515199661,0.8309806370203099,0.8311185552380096,0.9450816738305259,0.9677078641681011,0.011764371141975307,0.004204764660493827,0.03267930169753086,0.0375390625,0.016589795524691357,0.010096450617283951,0.042598572530864194,0.04884982638888889,0.18025733087471313,0.08297213622291022,0.3956701577306486,0.39721997404966536,0.1402569845998671,0.052409407378981414,0.33105503578285267,0.3392072659065107,0.15684421644681434,0.06424096479795317,0.36033016122695255,0.36592861874272964,,,,,,,,,,,,,,,,,,,,,,,,,,,,,,,,,,,,,,,,,,,,,,,,,,,,,,,,,,,,,,,,,
screen_video,screen_video_08,proposed,frequency,ok,,9,,9,9,,,,,,,,,,,,,,,,,,,,,,,,,,,,,,,,,86.33333333333333,87.0,89.6,90.0,3.6666666666666665,3.0,8.2,9.0,6.388888888888889,4.0,14.1,14.5,0.02773384601360993,0.028094285631308964,0.04451991071388793,0.0524161755837812,1452.0,1452.0,1452.0,1452.0,frequency direction and axis regularity after geometric resampling; this is not a moire-suppression measurement,True,299,,,,,,,,,,,,,,,,,,,,,,,,,,,,,,,,,,,,,,,,,,
screen_video,screen_video_08,proposed,geometry,ok,,,,4,4,,,,,,,,,,,,,,,,,,,,,,,,,,,,,,,,,,,,,,,,,,,,,,,,,,,,,,True,,4,299,4,412.689453125,422.12013244628906,507.0276306152344,510.6230163574219,376.52528381347656,391.5497741699219,458.8490875244141,462.15960693359375,581.7894744873047,579.103515625,749.1036254882812,757.1337890625,0.5879664171860419,0.5733789329791906,0.6658964923077249,0.6781143922031412,0.009388331955560436,0.004539790013402878,0.023737650040460825,0.026925399876832623,0.007271372379085571,0.0034739646105308775,0.01846637986451886,0.020958473978093355,5,4,,,,,,,,,,,,,
screen_video,screen_video_08,proposed,temporal,ok,,,,298,298,,,,,,,,,,,,,,,,,,,,,,,,,,,,,,,,,,,,,,,,,,,,,,,,,,,,,,,,,,,,,,,,,,,,,,,,,,,,,,,,,,,,,frame-to-frame projective motion of the estimated screen quadrilateral,0.5294105342492444,4.5195814409206015e-13,4.5195814409206015e-13,23.44236241941405,0.0007318542767819071,3.669013058396396e-15,3.669013058396396e-15,0.03422952186956618,0.00026637513785162075,2.220446049250313e-16,2.220446049250313e-16,0.012050670356219206
screen_video,screen_video_09,frame_wise,detail,ok,,5,True,5,5,0.07181766405701637,0.06871961802244186,0.0876918226480484,0.08786799013614655,0.07534130886197091,0.07002288848161697,0.09188121259212494,0.09291599690914154,0.9498570449982152,0.9456712843760239,0.989394480152436,0.9913961161094658,0.010354552469135803,0.009771412037037037,0.014344328703703703,0.014683159722222222,0.010047067901234568,0.00876784336419753,0.013974440586419752,0.014047067901234568,0.21008831418358836,0.04565195933274109,0.7245366808738551,0.8869087398826762,0.2041060387858825,0.05197733898025411,0.693391084890993,0.8474361233480177,0.2069000579005796,0.048609739214622874,0.7086014626428169,0.8667232454444981,,,,,,,,,,,,,,,,,,,,,,,,,,,,,,,,,,,,,,,,,,,,,,,,,,,,,,,,,,,,,,,,,
screen_video,screen_video_09,frame_wise,frequency,ok,,9,,9,9,,,,,,,,,,,,,,,,,,,,,,,,,,,,,,,,,88.22222222222223,88.0,90.0,90.0,1.7777777777777777,2.0,3.0,3.0,0.8888888888888888,1.0,1.5,1.5,0.04374925915165218,0.04148017226547603,0.05299304153276426,0.05346295618168802,1452.0,1452.0,1452.0,1452.0,frequency direction and axis regularity after geometric resampling; this is not a moire-suppression measurement,True,299,,,,,,,,,,,,,,,,,,,,,,,,,,,,,,,,,,,,,,,,,,
screen_video,screen_video_09,frame_wise,geometry,ok,,,,4,4,,,,,,,,,,,,,,,,,,,,,,,,,,,,,,,,,,,,,,,,,,,,,,,,,,,,,,True,,4,299,4,299.14331817626953,279.99546813964844,418.21464233398433,441.71881103515625,278.86840438842773,255.61370849609375,395.2078994750976,418.8600769042969,402.2306900024414,390.13372802734375,554.3378494262695,581.2282104492188,0.7152358407473813,0.7340029932670666,0.7766653365598154,0.7825680627023912,0.028851451472470813,0.030382107854101004,0.04939003922650937,0.05198945896247387,0.022741408650909553,0.023780813313827462,0.039248281372609356,0.041373179240896736,5,4,,,,,,,,,,,,,
screen_video,screen_video_09,frame_wise,temporal,ok,,,,298,298,,,,,,,,,,,,,,,,,,,,,,,,,,,,,,,,,,,,,,,,,,,,,,,,,,,,,,,,,,,,,,,,,,,,,,,,,,,,,,,,,,,,,frame-to-frame projective motion of the estimated screen quadrilateral,3.332812171305379e-14,3.332812171305378e-14,3.332812171305378e-14,3.332812171305378e-14,1.7739371868481857e-16,1.7739371868481857e-16,1.7739371868481857e-16,1.7739371868481857e-16,0.0,0.0,0.0,0.0
screen_video,screen_video_09,optical_flow,detail,ok,,5,True,5,5,0.07454665452241897,0.07185100764036179,0.08761546462774276,0.08770807832479477,0.07534130886197091,0.07002288848161697,0.09188121259212494,0.09291599690914154,0.9922258064926627,0.994334924462546,1.0222197491080358,1.0261074514117587,0.011886670524691358,0.011566840277777778,0.015399594907407409,0.01603877314814815,0.010047067901234568,0.00876784336419753,0.013974440586419752,0.014047067901234568,0.24052773878306638,0.0819953093992423,0.7279306042342772,0.8847583643122676,0.24736232725427745,0.10670480171607723,0.6913221074949067,0.8356651982378854,0.24254788598883414,0.09109295408697238,0.7089831822916429,0.859511331976523,,,,,,,,,,,,,,,,,,,,,,,,,,,,,,,,,,,,,,,,,,,,,,,,,,,,,,,,,,,,,,,,,
screen_video,screen_video_09,optical_flow,frequency,ok,,9,,9,9,,,,,,,,,,,,,,,,,,,,,,,,,,,,,,,,,74.88888888888889,72.0,86.8,90.0,15.11111111111111,18.0,23.6,24.0,8.222222222222221,9.0,11.8,12.0,0.04183603908638957,0.03762212459740284,0.05460332659498039,0.05589531703665035,1452.0,1452.0,1452.0,1452.0,frequency direction and axis regularity after geometric resampling; this is not a moire-suppression measurement,True,299,,,,,,,,,,,,,,,,,,,,,,,,,,,,,,,,,,,,,,,,,,
screen_video,screen_video_09,optical_flow,geometry,ok,,,,4,4,,,,,,,,,,,,,,,,,,,,,,,,,,,,,,,,,,,,,,,,,,,,,,,,,,,,,,True,,4,299,4,653.7207565307617,696.6792602539062,829.4615356445312,838.5564575195312,460.9510917663574,499.0425567626953,587.8600250244141,591.450439453125,1230.0763244628906,1290.4939575195312,1571.7556701660155,1601.187255859375,0.6307412187306494,0.6083263534687033,0.715694316373597,0.7341239131309878,0.03677686697787508,0.03921314740298454,0.05829535548856217,0.05876410842155666,0.028747321680733216,0.03024607060441593,0.04614049154512466,0.046764441084325224,5,4,,,,,,,,,,,,,
screen_video,screen_video_09,optical_flow,temporal,ok,,,,298,298,,,,,,,,,,,,,,,,,,,,,,,,,,,,,,,,,,,,,,,,,,,,,,,,,,,,,,,,,,,,,,,,,,,,,,,,,,,,,,,,,,,,,frame-to-frame projective motion of the estimated screen quadrilateral,7.197188192616688,2.931315835546605,25.007260636069486,146.36099536925994,0.06481501762903207,0.040845878324488175,0.2173060268601067,0.49952023969170023,0.0035134169613814216,0.0014970112365864097,0.010703983584470677,0.08949717885888764
screen_video,screen_video_09,proposed,detail,ok,,5,True,5,5,0.07195756435394288,0.06955548375844955,0.08789183497428894,0.08798887580633163,0.07534130886197091,0.07002288848161697,0.09188121259212494,0.09291599690914154,0.9506937228625567,0.9469723054510417,0.9964913173230127,0.997282903589186,0.010351851851851852,0.009905960648148148,0.014504726080246914,0.014826388888888889,0.010047067901234568,0.00876784336419753,0.013974440586419752,0.014047067901234568,0.19447760675778533,0.07195365366827321,0.6447903775678127,0.7868948155715276,0.19162335636781921,0.08101864583906276,0.6221584644776148,0.7573568281938327,0.19287395913097966,0.07621755837038771,0.633232622621102,0.7718433249522585,,,,,,,,,,,,,,,,,,,,,,,,,,,,,,,,,,,,,,,,,,,,,,,,,,,,,,,,,,,,,,,,,
screen_video,screen_video_09,proposed,frequency,ok,,9,,9,9,,,,,,,,,,,,,,,,,,,,,,,,,,,,,,,,,88.33333333333333,88.0,90.0,90.0,1.6666666666666667,2.0,3.0,3.0,0.8333333333333334,1.0,1.5,1.5,0.043643892353181266,0.04322399909830765,0.05296104638025344,0.05430317654280107,1452.0,1452.0,1452.0,1452.0,frequency direction and axis regularity after geometric resampling; this is not a moire-suppression measurement,True,299,,,,,,,,,,,,,,,,,,,,,,,,,,,,,,,,,,,,,,,,,,
screen_video,screen_video_09,proposed,geometry,ok,,,,4,4,,,,,,,,,,,,,,,,,,,,,,,,,,,,,,,,,,,,,,,,,,,,,,,,,,,,,,True,,4,299,4,291.8086395263672,270.10536193847656,409.92918243408195,433.7231750488281,274.5402183532715,249.14166259765625,390.2408012390136,414.09161376953125,385.76114654541016,373.8755187988281,536.7217803955077,563.6363525390625,0.7158646390105747,0.7369980670211216,0.7727477700834484,0.7773639312154765,0.022223353811975044,0.019778043752316843,0.03878597512472521,0.041385394860689706,0.017498217705374828,0.015484664394756379,0.030826792716020363,0.03293447159668473,5,4,,,,,,,,,,,,,
screen_video,screen_video_09,proposed,temporal,ok,,,,298,298,,,,,,,,,,,,,,,,,,,,,,,,,,,,,,,,,,,,,,,,,,,,,,,,,,,,,,,,,,,,,,,,,,,,,,,,,,,,,,,,,,,,,frame-to-frame projective motion of the estimated screen quadrilateral,0.07640580114087851,4.750847859042647e-14,4.750847859042647e-14,2.8019897524022546,0.0003589673023670947,3.896340984006445e-16,3.896340984006445e-16,0.01633971302511493,3.146292356615532e-05,1.1102230246251565e-16,1.1102230246251565e-16,0.0011748715583832503
screen_video,screen_video_10,frame_wise,detail,ok,,5,True,5,5,0.058423548564314844,0.06304880976676941,0.07772917449474334,0.08047477900981903,0.059307681396603584,0.06814168393611908,0.07526401877403259,0.07569944858551025,1.004606937035992,0.993415583517763,1.1193622488618868,1.1334321201623694,0.013458140432098767,0.011772280092592593,0.02654079861111111,0.02859905478395062,0.012433256172839507,0.013625096450617285,0.020018614969135803,0.020141300154320987,0.5501354921526351,0.5712007654281613,0.8791335966922356,0.9378605484287332,0.5546135537513716,0.5993255179058937,0.8347838998316773,0.8814362976316894,0.5508109501331999,0.5820196679078921,0.8512117662100979,0.9087734432035541,,,,,,,,,,,,,,,,,,,,,,,,,,,,,,,,,,,,,,,,,,,,,,,,,,,,,,,,,,,,,,,,,
screen_video,screen_video_10,frame_wise,frequency,ok,,9,,9,9,,,,,,,,,,,,,,,,,,,,,,,,,,,,,,,,,81.55555555555556,86.0,88.6,89.0,8.444444444444445,4.0,23.799999999999997,25.0,7.888888888888889,4.5,22.199999999999996,26.0,0.020311702238405793,0.020300198625813927,0.024995781534262306,0.025767764370152015,1452.0,1452.0,1452.0,1452.0,frequency direction and axis regularity after geometric resampling; this is not a moire-suppression measurement,True,300,,,,,,,,,,,,,,,,,,,,,,,,,,,,,,,,,,,,,,,,,,
screen_video,screen_video_10,frame_wise,geometry,ok,,,,4,4,,,,,,,,,,,,,,,,,,,,,,,,,,,,,,,,,,,,,,,,,,,,,,,,,,,,,,True,,4,300,4,122.08296471834183,111.59642219543457,255.58057479858397,261.9775085449219,92.02680695056915,89.05648148059845,185.41916122436524,187.37660217285156,207.03688883781433,163.1987020969391,470.83726654052725,497.1999816894531,0.9051165049850022,0.909999032517582,0.996139225311569,0.9963936579514646,0.03643536127752356,0.019184738861818262,0.09632329893004346,0.10671255526740864,0.02773036019313786,0.01462538171536285,0.07327110819672128,0.08116404606978275,5,4,,,,,,,,,,,,,
screen_video,screen_video_10,frame_wise,temporal,ok,,,,299,299,,,,,,,,,,,,,,,,,,,,,,,,,,,,,,,,,,,,,,,,,,,,,,,,,,,,,,,,,,,,,,,,,,,,,,,,,,,,,,,,,,,,,frame-to-frame projective motion of the estimated screen quadrilateral,2.863992030813331,1.9730530982860324e-13,7.361791299284861,353.78530408492384,0.026958835721645067,2.584664791765332e-15,0.0800393286492023,3.341125437280448,0.0017484820761591888,2.220446049250313e-16,0.004663081388373122,0.1609523073890783
screen_video,screen_video_10,optical_flow,detail,ok,,5,True,5,5,0.05897897705435753,0.06670460104942322,0.07112956941127777,0.07178588956594467,0.059307681396603584,0.06814168393611908,0.07526401877403259,0.07569944858551025,1.0482562892805303,1.00144721673989,1.3042172336327824,1.3789412078184227,0.012143518518518517,0.01412181712962963,0.01757841435185185,0.017913773148148147,0.012433256172839507,0.013625096450617285,0.020018614969135803,0.020141300154320987,0.3907660075543262,0.2277089096062562,0.8605436387543196,0.9410972917676197,0.3796781281029099,0.27436968042396015,0.787105694493034,0.8662237917664781,0.3830345655560362,0.2342343178347156,0.8221297257853508,0.9021096161862276,,,,,,,,,,,,,,,,,,,,,,,,,,,,,,,,,,,,,,,,,,,,,,,,,,,,,,,,,,,,,,,,,
screen_video,screen_video_10,optical_flow,frequency,ok,,9,,9,9,,,,,,,,,,,,,,,,,,,,,,,,,,,,,,,,,80.11111111111111,80.0,90.0,90.0,9.88888888888889,10.0,23.4,25.0,9.5,7.5,22.299999999999997,25.5,0.021003315119653046,0.021030306034111972,0.02488210144048643,0.026072514364213765,1452.0,1452.0,1452.0,1452.0,frequency direction and axis regularity after geometric resampling; this is not a moire-suppression measurement,True,300,,,,,,,,,,,,,,,,,,,,,,,,,,,,,,,,,,,,,,,,,,
screen_video,screen_video_10,optical_flow,geometry,ok,,,,4,4,,,,,,,,,,,,,,,,,,,,,,,,,,,,,,,,,,,,,,,,,,,,,,,,,,,,,,True,,4,300,4,160.1096019744873,178.77164459228516,207.55401763916015,208.88644409179688,119.47735118865967,133.2665901184082,156.39196853637696,157.15000915527344,267.4783420562744,296.0934600830078,351.2942657470703,354.549560546875,0.8638246550582077,0.8626397007888276,0.9129302800726065,0.9141927994527674,0.06768908801943818,0.06796126820990511,0.10463472084842321,0.10490783739116405,0.05176579544980524,0.05182629148054818,0.08027223788048307,0.08060147754246583,5,4,,,,,,,,,,,,,
screen_video,screen_video_10,optical_flow,temporal,ok,,,,299,299,,,,,,,,,,,,,,,,,,,,,,,,,,,,,,,,,,,,,,,,,,,,,,,,,,,,,,,,,,,,,,,,,,,,,,,,,,,,,,,,,,,,,frame-to-frame projective motion of the estimated screen quadrilateral,31.489153289539697,11.536197109408558,124.86491392359366,427.4854533133188,0.17380193325333942,0.09506457252838586,0.5363761287394517,3.4388279106646915,0.01751998709395772,0.005700889937371945,0.07257879851227807,0.24267002466810328
screen_video,screen_video_10,proposed,detail,ok,,5,True,5,5,0.05871518515050411,0.05879975110292435,0.07877573370933533,0.0812295526266098,0.059307681396603584,0.06814168393611908,0.07526401877403259,0.07569944858551025,1.0202169538631796,1.0431921859152375,1.1833250880086401,1.2108930035913252,0.013908371913580245,0.012633584104938271,0.02677488425925926,0.02884934413580247,0.012433256172839507,0.013625096450617285,0.020018614969135803,0.020141300154320987,0.27992993255986787,0.2331564682978967,0.6510645547966545,0.7082006577230255,0.29363368552138686,0.19941245177503275,0.648556524553305,0.670757908774356,0.2844908627384172,0.2149683013872218,0.6474866470933854,0.6889709433018301,,,,,,,,,,,,,,,,,,,,,,,,,,,,,,,,,,,,,,,,,,,,,,,,,,,,,,,,,,,,,,,,,
screen_video,screen_video_10,proposed,frequency,ok,,9,,9,9,,,,,,,,,,,,,,,,,,,,,,,,,,,,,,,,,84.44444444444444,86.0,88.0,88.0,5.555555555555555,4.0,13.399999999999997,17.0,3.888888888888889,2.0,8.8,9.0,0.026583730231071426,0.022868518154119354,0.04356711671864862,0.0449388442392777,1452.0,1452.0,1452.0,1452.0,frequency direction and axis regularity after geometric resampling; this is not a moire-suppression measurement,True,300,,,,,,,,,,,,,,,,,,,,,,,,,,,,,,,,,,,,,,,,,,
screen_video,screen_video_10,proposed,geometry,ok,,,,4,4,,,,,,,,,,,,,,,,,,,,,,,,,,,,,,,,,,,,,,,,,,,,,,,,,,,,,,True,,4,300,4,332.52415466308594,320.2292175292969,452.91224822998043,467.846435546875,310.48785400390625,293.43196868896484,422.6093612670898,437.81353759765625,446.47528076171875,443.5118865966797,596.007989501953,612.5062866210938,0.6840661453591407,0.6918263779224774,0.7823056777326887,0.7879263820200856,0.006153238494556013,0.005699487863826125,0.010717349842249911,0.01113107466176766,0.004693696336178368,0.004354169216846661,0.00815347143610433,0.008466136476537215,5,4,,,,,,,,,,,,,
screen_video,screen_video_10,proposed,temporal,ok,,,,299,299,,,,,,,,,,,,,,,,,,,,,,,,,,,,,,,,,,,,,,,,,,,,,,,,,,,,,,,,,,,,,,,,,,,,,,,,,,,,,,,,,,,,,frame-to-frame projective motion of the estimated screen quadrilateral,0.7158874093219393,7.930967075084831e-14,0.5785291216561251,21.33906983600899,0.0008877398109186958,5.15145674754076e-16,0.00012561603637996344,0.032619688476324876,0.00011580051347793165,2.220446049250313e-16,3.590248335832876e-05,0.003881701943517557
scrolling,scrolling_01,frame_wise,detail,ok,,5,True,5,5,0.23210541903972626,0.22699010372161865,0.2685550212860107,0.27179110050201416,0.23609006702899932,0.22950498759746552,0.2740112006664276,0.2774443030357361,0.9826467360673403,0.9820650513018424,1.0000729124056127,1.0028306058909424,0.1059543788580247,0.09958622685185185,0.14413483796296295,0.15109278549382715,0.10885850694444443,0.10311342592592593,0.14859230324074071,0.15547984182098765,0.6759118177259984,0.6053631108862775,0.9267579743960491,0.9769396130545241,0.6638450537992336,0.5869446558270549,0.9119454695645919,0.9617968630255965,0.6698066153813864,0.5960116216452862,0.9192917593073644,0.9693091008439361,,,,,,,,,,,,,,,,,,,,,,,,,,,,,,,,,,,,,,,,,,,,,,,,,,,,,,,,,,,,,,,,,
scrolling,scrolling_01,frame_wise,frequency,ok,,9,,9,9,,,,,,,,,,,,,,,,,,,,,,,,,,,,,,,,,89.0,89.0,89.0,89.0,1.0,1.0,1.0,1.0,0.5,0.5,0.5,0.5,0.058609999993736075,0.05720911704705687,0.06883534200417704,0.0689103748774398,1452.0,1452.0,1452.0,1452.0,frequency direction and axis regularity after geometric resampling; this is not a moire-suppression measurement,True,299,,,,,,,,,,,,,,,,,,,,,,,,,,,,,,,,,,,,,,,,,,
scrolling,scrolling_01,frame_wise,geometry,ok,,,,4,4,,,,,,,,,,,,,,,,,,,,,,,,,,,,,,,,,,,,,,,,,,,,,,,,,,,,,,True,,4,299,4,33.426992416381836,33.434335708618164,33.855684471130374,33.91932678222656,18.079604148864746,18.03887367248535,18.302387619018553,18.34528923034668,66.7559814453125,66.77731704711914,67.61589202880859,67.74217987060547,0.9788975372633899,0.9789943281447602,0.9793768880035365,0.9794078252305861,0.04068955017010112,0.0407827291674806,0.04210934052535441,0.0422403324567342,0.022764520218402532,0.02280500355123433,0.02360787736245937,0.02369033725316104,5,4,,,,,,,,,,,,,
scrolling,scrolling_01,frame_wise,temporal,ok,,,,298,298,,,,,,,,,,,,,,,,,,,,,,,,,,,,,,,,,,,,,,,,,,,,,,,,,,,,,,,,,,,,,,,,,,,,,,,,,,,,,,,,,,,,,frame-to-frame projective motion of the estimated screen quadrilateral,2.1621110783503577,1.790259570278919,4.633511081854215,34.33279153842493,0.021820215732548536,0.017865397480239752,0.05463567056522314,0.3088103263767368,0.001053872467807217,0.0007375987287548957,0.002427422235261437,0.035949452116047276
scrolling,scrolling_01,optical_flow,detail,ok,,5,True,5,5,0.23350680470466614,0.2307274490594864,0.2686655104160309,0.27247142791748047,0.23609006702899932,0.22950498759746552,0.2740112006664276,0.2774443030357361,0.9890403083375416,0.9820761318079215,1.0198694325222601,1.0235051622263387,0.10518479938271605,0.09893518518518518,0.14227671682098764,0.1491459297839506,0.10885850694444443,0.10311342592592593,0.14859230324074071,0.15547984182098765,0.5886548434988745,0.4731420841927502,0.9088314508080515,0.9767419057517699,0.5765463786172539,0.45556648990210885,0.8912771011276704,0.9586100751034589,0.5825163017992991,0.46418798002535305,0.8999678704022425,0.9675910541250938,,,,,,,,,,,,,,,,,,,,,,,,,,,,,,,,,,,,,,,,,,,,,,,,,,,,,,,,,,,,,,,,,
scrolling,scrolling_01,optical_flow,frequency,ok,,9,,9,9,,,,,,,,,,,,,,,,,,,,,,,,,,,,,,,,,89.0,89.0,89.0,89.0,1.0,1.0,1.0,1.0,0.5,0.5,0.5,0.5,0.0591990767123765,0.06007871657565592,0.0685417132863748,0.06888747418250696,1452.0,1452.0,1452.0,1452.0,frequency direction and axis regularity after geometric resampling; this is not a moire-suppression measurement,True,299,,,,,,,,,,,,,,,,,,,,,,,,,,,,,,,,,,,,,,,,,,
scrolling,scrolling_01,optical_flow,geometry,ok,,,,4,4,,,,,,,,,,,,,,,,,,,,,,,,,,,,,,,,,,,,,,,,,,,,,,,,,,,,,,True,,4,299,4,72.89779949188232,76.1143798828125,85.33652038574219,85.82942199707031,67.128737449646,71.20735168457031,80.95411987304688,81.44953918457031,114.60320472717285,117.38240432739258,127.55096588134765,128.20594787597656,0.9212515272070825,0.9160219043846137,0.9452581243538019,0.9490175908336754,0.04225954260923581,0.03908259005685066,0.053318357087460674,0.05566724795852096,0.023638385826197327,0.02189033532673003,0.029787105636084235,0.031094181777792003,5,4,,,,,,,,,,,,,
scrolling,scrolling_01,optical_flow,temporal,ok,,,,298,298,,,,,,,,,,,,,,,,,,,,,,,,,,,,,,,,,,,,,,,,,,,,,,,,,,,,,,,,,,,,,,,,,,,,,,,,,,,,,,,,,,,,,frame-to-frame projective motion of the estimated screen quadrilateral,2.4801986298375747,2.2049408751949984,5.263839694429148,17.490403198429746,0.009542348125198774,0.006432763815701631,0.028738373948991532,0.09691933906085341,0.001211418029690771,0.0009309993517497284,0.003087424373193359,0.01122666622122448
scrolling,scrolling_01,proposed,detail,ok,,5,True,5,5,0.19441045820713043,0.19024844467639923,0.21588191986083985,0.22044330835342407,0.23609006702899932,0.22950498759746552,0.2740112006664276,0.2774443030357361,0.8393199680703274,0.8611419209640108,0.9901322473875817,0.9933845985869936,0.08309654706790123,0.08300202546296297,0.09801514274691359,0.10097463348765433,0.10885850694444443,0.10311342592592593,0.14859230324074071,0.15547984182098765,0.46401680651576027,0.3873617913812437,0.6867188102027761,0.746745592956545,0.3841762538935735,0.30765237400381634,0.6583150503168201,0.7342065600572217,0.41668053406859606,0.36113699969699337,0.664798419334747,0.7404229933111397,,,,,,,,,,,,,,,,,,,,,,,,,,,,,,,,,,,,,,,,,,,,,,,,,,,,,,,,,,,,,,,,,
scrolling,scrolling_01,proposed,frequency,ok,,9,,9,9,,,,,,,,,,,,,,,,,,,,,,,,,,,,,,,,,90.0,90.0,90.0,90.0,0.0,0.0,0.0,0.0,0.0,0.0,0.0,0.0,0.07931279961983997,0.07868071687068559,0.08958664836937967,0.09146085964309042,1452.0,1452.0,1452.0,1452.0,frequency direction and axis regularity after geometric resampling; this is not a moire-suppression measurement,True,299,,,,,,,,,,,,,,,,,,,,,,,,,,,,,,,,,,,,,,,,,,
scrolling,scrolling_01,proposed,geometry,ok,,,,4,4,,,,,,,,,,,,,,,,,,,,,,,,,,,,,,,,,,,,,,,,,,,,,,,,,,,,,,True,,4,299,4,578.3390960693359,635.5261077880859,839.7025665283203,842.4498901367188,577.2695236206055,634.2802124023438,838.1930084228516,840.9931030273438,619.0030708312988,681.5321044921875,897.6989074707031,899.70458984375,0.5642031242263417,0.521777521492814,0.7578810523507836,0.7834968746340483,0.03301953736605223,0.03383273706928991,0.049075656052952575,0.05041762699555252,0.018477695126684568,0.018955984998090925,0.027443171702194832,0.028181564414815573,5,4,,,,,,,,,,,,,
scrolling,scrolling_01,proposed,temporal,ok,,,,298,298,,,,,,,,,,,,,,,,,,,,,,,,,,,,,,,,,,,,,,,,,,,,,,,,,,,,,,,,,,,,,,,,,,,,,,,,,,,,,,,,,,,,,frame-to-frame projective motion of the estimated screen quadrilateral,3.228341121396104,3.468296836854904,6.146118472292386,6.93045727025327,0.0024403382874887587,0.0022161898285164615,0.006590832458419831,0.013814109342563694,0.0002571039704541989,0.0002761726095263928,0.0005826112600206872,0.0009999248528984594
scrolling,scrolling_02,frame_wise,detail,ok,,5,True,5,5,0.21437146365642548,0.19898755848407745,0.2554883360862732,0.26195940375328064,0.21832708418369293,0.2024274617433548,0.26151620149612426,0.2684709131717682,0.9825313974215751,0.9824846567950192,0.996011565221972,0.9976850335951073,0.09148707561728395,0.08079571759259259,0.12051832561728394,0.12675202546296296,0.09416338734567901,0.08479214891975309,0.12413966049382714,0.130093074845679,0.5859422223506444,0.49561293557282526,0.8841551516677695,0.9630069283537456,0.5697556588308903,0.47349921797241573,0.8621649308900144,0.9415037755642958,0.5777126485904387,0.48430377547585024,0.8730114661800853,0.9521339597350402,,,,,,,,,,,,,,,,,,,,,,,,,,,,,,,,,,,,,,,,,,,,,,,,,,,,,,,,,,,,,,,,,
scrolling,scrolling_02,frame_wise,frequency,ok,,9,,9,9,,,,,,,,,,,,,,,,,,,,,,,,,,,,,,,,,89.0,89.0,89.0,89.0,1.0,1.0,1.0,1.0,0.5,0.5,0.5,0.5,0.0588623748262694,0.06114999297960211,0.06604953906317483,0.06725621945787065,1452.0,1452.0,1452.0,1452.0,frequency direction and axis regularity after geometric resampling; this is not a moire-suppression measurement,True,300,,,,,,,,,,,,,,,,,,,,,,,,,,,,,,,,,,,,,,,,,,
scrolling,scrolling_02,frame_wise,geometry,ok,,,,4,4,,,,,,,,,,,,,,,,,,,,,,,,,,,,,,,,,,,,,,,,,,,,,,,,,,,,,,True,,4,300,4,30.184364318847656,30.087735176086426,31.459371471405028,31.688335418701172,16.76514959335327,16.645846366882324,17.273604774475096,17.355911254882812,60.14793395996094,59.93355369567871,62.8531078338623,63.31593322753906,0.9799873248036508,0.9799237507951328,0.980826468415518,0.9809248843111951,0.03572080101419234,0.034389042356651744,0.04035281517404707,0.04121922505081388,0.02049659610484205,0.019810765925282643,0.02294380849638047,0.023361487558989476,5,4,,,,,,,,,,,,,
scrolling,scrolling_02,frame_wise,temporal,ok,,,,299,299,,,,,,,,,,,,,,,,,,,,,,,,,,,,,,,,,,,,,,,,,,,,,,,,,,,,,,,,,,,,,,,,,,,,,,,,,,,,,,,,,,,,,frame-to-frame projective motion of the estimated screen quadrilateral,3.333099275562252,2.648938782005477,7.526476824407517,25.53424426983224,0.0228921127923987,0.02075276831366524,0.056035878400499124,0.19833090512918597,0.001576763793305172,0.0011329558595420952,0.0038648644781710856,0.031576257988443324
scrolling,scrolling_02,optical_flow,detail,ok,,5,True,5,5,0.21376323699951172,0.19859062135219574,0.25558989942073823,0.2621508240699768,0.21832708418369293,0.2024274617433548,0.26151620149612426,0.2684709131717682,0.9793525605221017,0.9813812442438273,0.9878147417420233,0.9879323729387554,0.0899572723765432,0.07858603395061728,0.12036516203703702,0.1268262924382716,0.09416338734567901,0.08479214891975309,0.12413966049382714,0.130093074845679,0.44115763403277,0.2864883772306635,0.8545187814991237,0.963199701886405,0.4281724665562516,0.2717645386037253,0.8338781219148678,0.9422748284592658,0.4345467559748853,0.2789322883770425,0.8440601523668131,0.9526223724463861,,,,,,,,,,,,,,,,,,,,,,,,,,,,,,,,,,,,,,,,,,,,,,,,,,,,,,,,,,,,,,,,,
scrolling,scrolling_02,optical_flow,frequency,ok,,9,,9,9,,,,,,,,,,,,,,,,,,,,,,,,,,,,,,,,,89.0,89.0,89.0,89.0,1.0,1.0,1.0,1.0,0.5,0.5,0.5,0.5,0.057817243031357636,0.06014893746946525,0.06582280451950208,0.06771794460999232,1452.0,1452.0,1452.0,1452.0,frequency direction and axis regularity after geometric resampling; this is not a moire-suppression measurement,True,300,,,,,,,,,,,,,,,,,,,,,,,,,,,,,,,,,,,,,,,,,,
scrolling,scrolling_02,optical_flow,geometry,ok,,,,4,4,,,,,,,,,,,,,,,,,,,,,,,,,,,,,,,,,,,,,,,,,,,,,,,,,,,,,,True,,4,300,4,86.92357063293457,87.23045349121094,87.54652519226075,87.57836151123047,84.1771297454834,84.41390609741211,84.87499618530273,84.89759826660156,120.79952812194824,120.1146469116211,124.3000259399414,124.80999755859375,0.8971971054992888,0.8971923941878677,0.89786992186663,0.8979709071097793,0.03007010483155209,0.029800924794686212,0.03369572122400908,0.03435359727520737,0.01725192696234175,0.017162655243274056,0.0191304297952416,0.019470311107545803,5,4,,,,,,,,,,,,,
scrolling,scrolling_02,optical_flow,temporal,ok,,,,299,299,,,,,,,,,,,,,,,,,,,,,,,,,,,,,,,,,,,,,,,,,,,,,,,,,,,,,,,,,,,,,,,,,,,,,,,,,,,,,,,,,,,,,frame-to-frame projective motion of the estimated screen quadrilateral,2.5250950760932036,2.2532810907952587,5.663759782872691,7.871762668595243,0.012006616688148281,0.012396831469209989,0.023010955752413267,0.04503909584935782,0.0006982130424077131,0.000627071696104764,0.0014387476247973824,0.002723458507756238
scrolling,scrolling_02,proposed,detail,ok,,5,True,5,5,0.1709515407681465,0.13203899562358856,0.25433013439178465,0.26608362793922424,0.21832708418369293,0.2024274617433548,0.26151620149612426,0.2684709131717682,0.7637293369012712,0.6522780777194777,0.970309045274534,0.9911078440329342,0.06763300540123457,0.04541570216049383,0.11901253858024691,0.12819396219135804,0.09416338734567901,0.08479214891975309,0.12413966049382714,0.130093074845679,0.382576676605067,0.2792796905134145,0.6758071785113875,0.7471061571045395,0.29434347864126026,0.15008572067483292,0.6541105267869343,0.7370932047256645,0.3267111978960948,0.19524578612212828,0.6642748566658349,0.7420659053934571,,,,,,,,,,,,,,,,,,,,,,,,,,,,,,,,,,,,,,,,,,,,,,,,,,,,,,,,,,,,,,,,,
scrolling,scrolling_02,proposed,frequency,ok,,9,,9,9,,,,,,,,,,,,,,,,,,,,,,,,,,,,,,,,,89.77777777777777,90.0,90.0,90.0,0.2222222222222222,0.0,1.0,1.0,0.1111111111111111,0.0,0.5,0.5,0.09086255178389152,0.11037267664120283,0.11745100268362794,0.11779568039730892,1452.0,1452.0,1452.0,1452.0,frequency direction and axis regularity after geometric resampling; this is not a moire-suppression measurement,True,300,,,,,,,,,,,,,,,,,,,,,,,,,,,,,,,,,,,,,,,,,,
scrolling,scrolling_02,proposed,geometry,ok,,,,4,4,,,,,,,,,,,,,,,,,,,,,,,,,,,,,,,,,,,,,,,,,,,,,,,,,,,,,,True,,4,300,4,801.4821014404297,918.1747741699219,925.2757781982422,926.05078125,798.7062149047852,914.7743530273438,922.0326416015625,922.734375,889.7628326416016,1016.9754638671875,1037.5716186523437,1039.507080078125,0.4432346335653137,0.3890659254712694,0.5822985246472668,0.6160212948075547,0.03318497598450171,0.028499378875643022,0.04924593064791149,0.05239353455366014,0.019035230274959174,0.016326618257237795,0.02816553475722982,0.02993294249904605,5,4,,,,,,,,,,,,,
scrolling,scrolling_02,proposed,temporal,ok,,,,299,299,,,,,,,,,,,,,,,,,,,,,,,,,,,,,,,,,,,,,,,,,,,,,,,,,,,,,,,,,,,,,,,,,,,,,,,,,,,,,,,,,,,,,frame-to-frame projective motion of the estimated screen quadrilateral,3.9796767357735274,5.2835931877621345,9.265618800018784,9.924183649428185,0.012649198361346214,0.012111245257661035,0.030912765594480304,0.03346390758159087,0.0003849010653207972,8.094633089794634e-05,0.001225469413853708,0.0018752236770605002
scrolling,scrolling_03,frame_wise,detail,ok,,5,True,5,5,0.1944449871778488,0.19974464178085327,0.22038843631744384,0.22516074776649475,0.1981598198413849,0.2034643590450287,0.22401055097579955,0.22893276810646057,0.9811166219053267,0.9835234581263101,0.9865327997906185,0.9868642023661418,0.08376552854938273,0.07989293981481481,0.10267139274691359,0.10832320601851853,0.08571450617283952,0.0810841049382716,0.1061892361111111,0.11231915509259259,0.5976623006190986,0.4899259732202553,0.907279234172053,0.9815273546566208,0.5865715004412962,0.47987009152642457,0.8913112719818083,0.9653316362944283,0.5920611319239317,0.48484589731097155,0.8992225547159083,0.9733621302234734,,,,,,,,,,,,,,,,,,,,,,,,,,,,,,,,,,,,,,,,,,,,,,,,,,,,,,,,,,,,,,,,,
scrolling,scrolling_03,frame_wise,frequency,ok,,9,,9,9,,,,,,,,,,,,,,,,,,,,,,,,,,,,,,,,,89.0,89.0,89.0,89.0,1.0,1.0,1.0,1.0,0.5,0.5,0.5,0.5,0.057027672506185074,0.05532122082135315,0.06276766144464274,0.06371021592685826,1452.0,1452.0,1452.0,1452.0,frequency direction and axis regularity after geometric resampling; this is not a moire-suppression measurement,True,300,,,,,,,,,,,,,,,,,,,,,,,,,,,,,,,,,,,,,,,,,,
scrolling,scrolling_03,frame_wise,geometry,ok,,,,4,4,,,,,,,,,,,,,,,,,,,,,,,,,,,,,,,,,,,,,,,,,,,,,,,,,,,,,,True,,4,300,4,31.001020431518555,30.66818332672119,31.85004539489746,32.05698776245117,17.4656925201416,17.40482234954834,18.236814308166505,18.311153411865234,61.77144813537598,61.221256256103516,63.55927333831787,63.96591567993164,0.9799443292716254,0.9799680673531819,0.9806017727587728,0.9807045007170664,0.03726417791521791,0.03773954623617137,0.03976852416776936,0.04010522851213083,0.02113519439712637,0.021408915422530574,0.022429103234109446,0.022584442703634716,5,4,,,,,,,,,,,,,
scrolling,scrolling_03,frame_wise,temporal,ok,,,,299,299,,,,,,,,,,,,,,,,,,,,,,,,,,,,,,,,,,,,,,,,,,,,,,,,,,,,,,,,,,,,,,,,,,,,,,,,,,,,,,,,,,,,,frame-to-frame projective motion of the estimated screen quadrilateral,3.7100836459883277,3.256204321989377,8.117420339167726,13.391970896233552,0.023862211500447945,0.021572535723755545,0.054636370767604775,0.28079067178776845,0.0015584510921928813,0.0012841030559432864,0.0036612957218174697,0.028516080446993497
scrolling,scrolling_03,optical_flow,detail,ok,,5,True,5,5,0.19388202130794524,0.2002333402633667,0.2190219908952713,0.22367973625659943,0.1981598198413849,0.2034643590450287,0.22401055097579955,0.22893276810646057,0.9783359773785198,0.9799906591375775,0.9841024777057309,0.9848948994826671,0.08183207947530864,0.07792293595679012,0.10078954475308642,0.106117862654321,0.08571450617283952,0.0810841049382716,0.1061892361111111,0.11231915509259259,0.45309441750202595,0.29971345640885994,0.877604195165816,0.9802126187788983,0.44073723822630867,0.29273693534100975,0.8595060693378263,0.9637376885378504,0.44680709607733055,0.29618411914776244,0.8684328121966811,0.9719053413474769,,,,,,,,,,,,,,,,,,,,,,,,,,,,,,,,,,,,,,,,,,,,,,,,,,,,,,,,,,,,,,,,,
scrolling,scrolling_03,optical_flow,frequency,ok,,9,,9,9,,,,,,,,,,,,,,,,,,,,,,,,,,,,,,,,,89.0,89.0,89.0,89.0,1.0,1.0,1.0,1.0,0.5,0.5,0.5,0.5,0.05678866223039283,0.057464160441899795,0.061227469339916483,0.06207849059461214,1452.0,1452.0,1452.0,1452.0,frequency direction and axis regularity after geometric resampling; this is not a moire-suppression measurement,True,300,,,,,,,,,,,,,,,,,,,,,,,,,,,,,,,,,,,,,,,,,,
scrolling,scrolling_03,optical_flow,geometry,ok,,,,4,4,,,,,,,,,,,,,,,,,,,,,,,,,,,,,,,,,,,,,,,,,,,,,,,,,,,,,,True,,4,300,4,87.18231964111328,87.13146591186523,87.98562583923339,88.06864929199219,84.01905059814453,84.25631713867188,84.5286865234375,84.54239654541016,123.6354866027832,123.9877700805664,126.16372756958008,126.49822235107422,0.8976347369204656,0.8973006712172708,0.8991056354544723,0.8994199623320027,0.032981619166241816,0.032865550140654176,0.0372670524833957,0.03788466935513157,0.018701341788346933,0.01864208910036673,0.020997607341556247,0.02133398003550375,5,4,,,,,,,,,,,,,
scrolling,scrolling_03,optical_flow,temporal,ok,,,,299,299,,,,,,,,,,,,,,,,,,,,,,,,,,,,,,,,,,,,,,,,,,,,,,,,,,,,,,,,,,,,,,,,,,,,,,,,,,,,,,,,,,,,,frame-to-frame projective motion of the estimated screen quadrilateral,3.0755468250923226,2.722064257900612,7.106926364183675,12.902277082747018,0.010028252575755188,0.00899847415122665,0.021202332683155377,0.04589843976814346,0.0006537334310288067,0.0005249659912406335,0.0017495910985200422,0.00310237924904766
scrolling,scrolling_03,proposed,detail,ok,,5,True,5,5,0.14265687465667726,0.14583757519721985,0.17548195123672486,0.18253682553768158,0.1981598198413849,0.2034643590450287,0.22401055097579955,0.22893276810646057,0.7321612689175014,0.6370323322583555,0.9690341452382247,0.9956843627707017,0.05645592206790123,0.05639322916666667,0.07838869598765433,0.07999373070987655,0.08571450617283952,0.0810841049382716,0.1061892361111111,0.11231915509259259,0.3819943029918375,0.3353771689029135,0.5844391113144796,0.6423752825923135,0.27431144619722503,0.21680084154483587,0.5565820955775492,0.6308821430270733,0.31216800719022963,0.2685340958543404,0.5677663518098618,0.6365768410301113,,,,,,,,,,,,,,,,,,,,,,,,,,,,,,,,,,,,,,,,,,,,,,,,,,,,,,,,,,,,,,,,,
scrolling,scrolling_03,proposed,frequency,ok,,9,,9,9,,,,,,,,,,,,,,,,,,,,,,,,,,,,,,,,,89.55555555555556,90.0,90.0,90.0,0.4444444444444444,0.0,1.5999999999999996,2.0,0.2222222222222222,0.0,0.7999999999999998,1.0,0.10232557876674347,0.12183520964804896,0.13091152902154674,0.1312726399808249,1452.0,1452.0,1452.0,1452.0,frequency direction and axis regularity after geometric resampling; this is not a moire-suppression measurement,True,300,,,,,,,,,,,,,,,,,,,,,,,,,,,,,,,,,,,,,,,,,,
scrolling,scrolling_03,proposed,geometry,ok,,,,4,4,,,,,,,,,,,,,,,,,,,,,,,,,,,,,,,,,,,,,,,,,,,,,,,,,,,,,,True,,4,300,4,839.5300674438477,952.4237365722656,990.6341918945312,994.27685546875,836.3034210205078,948.8237915039062,987.1186340332031,990.819580078125,950.04345703125,1076.218017578125,1120.8373657226562,1123.9205322265625,0.4308743750880567,0.37365719499829664,0.596750836865959,0.6337125484426163,0.056679543202106664,0.061809555687772466,0.07357202656756646,0.07463478200765539,0.0321020925997617,0.035052147922827834,0.04145344500161483,0.042029057568898104,5,4,,,,,,,,,,,,,
scrolling,scrolling_03,proposed,temporal,ok,,,,299,299,,,,,,,,,,,,,,,,,,,,,,,,,,,,,,,,,,,,,,,,,,,,,,,,,,,,,,,,,,,,,,,,,,,,,,,,,,,,,,,,,,,,,frame-to-frame projective motion of the estimated screen quadrilateral,3.6485955994280705,5.455438621215897,8.278024552055026,9.576298640663978,0.006170260238647419,0.005479883836732741,0.01789099519901267,0.027703104672575675,0.00015483535939730952,1.7807325031538035e-05,0.0007201130801881334,0.0011091208899010052
scrolling,scrolling_04,frame_wise,detail,ok,,5,True,5,5,0.19590317606925964,0.184095561504364,0.23082643747329712,0.23770874738693237,0.19896963536739348,0.1886446326971054,0.23634745478630065,0.2446007877588272,0.9851735312039087,0.9777715515170247,1.000418794612299,1.0005688927744583,0.08794878472222223,0.08052131558641976,0.11305661651234568,0.11984230324074074,0.08956076388888888,0.0800805362654321,0.11845244984567901,0.126640625,0.6131253532082336,0.50508276686631,0.9180996578496495,0.9825705492541759,0.6064441438819073,0.5110209502158046,0.90252899177057,0.9699027344466875,0.6097123086661622,0.5080345069553385,0.910224316447984,0.9761955469137336,,,,,,,,,,,,,,,,,,,,,,,,,,,,,,,,,,,,,,,,,,,,,,,,,,,,,,,,,,,,,,,,,
scrolling,scrolling_04,frame_wise,frequency,ok,,9,,9,9,,,,,,,,,,,,,,,,,,,,,,,,,,,,,,,,,89.0,89.0,89.0,89.0,1.0,1.0,1.0,1.0,0.5,0.5,0.5,0.5,0.05543772328344938,0.05619475218257148,0.06031173210868761,0.06074782148061145,1452.0,1452.0,1452.0,1452.0,frequency direction and axis regularity after geometric resampling; this is not a moire-suppression measurement,True,299,,,,,,,,,,,,,,,,,,,,,,,,,,,,,,,,,,,,,,,,,,
scrolling,scrolling_04,frame_wise,geometry,ok,,,,4,4,,,,,,,,,,,,,,,,,,,,,,,,,,,,,,,,,,,,,,,,,,,,,,,,,,,,,,True,,4,299,4,31.363702297210693,31.45680809020996,32.9074028968811,33.12766647338867,17.592203617095947,17.434311866760254,18.29048137664795,18.41004753112793,62.53392696380615,62.755531311035156,65.65059661865234,66.0931625366211,0.9793505017063038,0.9795666550192061,0.9801116678535051,0.9801853072229324,0.03941152139288068,0.038934238038734414,0.04253061617364479,0.04300955087594782,0.022198514258595495,0.021911370657084928,0.024005322053720957,0.02428338708163991,5,4,,,,,,,,,,,,,
scrolling,scrolling_04,frame_wise,temporal,ok,,,,298,298,,,,,,,,,,,,,,,,,,,,,,,,,,,,,,,,,,,,,,,,,,,,,,,,,,,,,,,,,,,,,,,,,,,,,,,,,,,,,,,,,,,,,frame-to-frame projective motion of the estimated screen quadrilateral,3.346122502652831,3.0680867586025276,6.636831814733431,22.757592622449117,0.02405332496726321,0.021605689682421658,0.05911944001512718,0.20802120183690057,0.0017067718661376897,0.0013611343785692176,0.003992240550331986,0.03158504970071685
scrolling,scrolling_04,optical_flow,detail,ok,,5,True,5,5,0.19560954570770264,0.18401141464710236,0.22963949143886567,0.23563368618488312,0.19896963536739348,0.1886446326971054,0.23634745478630065,0.2446007877588272,0.983821598590648,0.9754394387809469,1.0101759305169646,1.0114520353270473,0.08648543595679012,0.0784813850308642,0.11116637731481481,0.11763261959876543,0.08956076388888888,0.0800805362654321,0.11845244984567901,0.126640625,0.4769742040757535,0.3149970884379894,0.8937884061068149,0.9838409527944917,0.46905096667738766,0.31669545937976556,0.878874960336834,0.9722884933015232,0.4729264099508554,0.315843990785651,0.8862269820330558,0.9780306099373942,,,,,,,,,,,,,,,,,,,,,,,,,,,,,,,,,,,,,,,,,,,,,,,,,,,,,,,,,,,,,,,,,
scrolling,scrolling_04,optical_flow,frequency,ok,,9,,9,9,,,,,,,,,,,,,,,,,,,,,,,,,,,,,,,,,89.0,89.0,89.0,89.0,1.0,1.0,1.0,1.0,0.5,0.5,0.5,0.5,0.05372260954859112,0.05264108686926843,0.059564937185794926,0.0612231694041146,1452.0,1452.0,1452.0,1452.0,frequency direction and axis regularity after geometric resampling; this is not a moire-suppression measurement,True,299,,,,,,,,,,,,,,,,,,,,,,,,,,,,,,,,,,,,,,,,,,
scrolling,scrolling_04,optical_flow,geometry,ok,,,,4,4,,,,,,,,,,,,,,,,,,,,,,,,,,,,,,,,,,,,,,,,,,,,,,,,,,,,,,True,,4,299,4,86.37708854675293,86.26016998291016,90.77306213378907,91.11820220947266,82.90970993041992,82.84781646728516,87.15925598144531,87.46902465820312,124.57235527038574,124.17517852783203,130.735941696167,131.34654235839844,0.8970184784183065,0.897519271877343,0.8976815573729465,0.8976856356554047,0.036886357353640375,0.036381909697616455,0.039669243355897554,0.04011399006636829,0.020776236444577864,0.02048295888023796,0.02239029097006012,0.022648540343522306,5,4,,,,,,,,,,,,,
scrolling,scrolling_04,optical_flow,temporal,ok,,,,298,298,,,,,,,,,,,,,,,,,,,,,,,,,,,,,,,,,,,,,,,,,,,,,,,,,,,,,,,,,,,,,,,,,,,,,,,,,,,,,,,,,,,,,frame-to-frame projective motion of the estimated screen quadrilateral,2.9296505670001416,2.77858312882007,5.744855281133223,7.964443074179051,0.004288733651948037,0.003200745787550921,0.01112264280100644,0.029428083073946884,0.0011958356891738377,0.0011908237817126466,0.002559212763763352,0.0037121134396860267
scrolling,scrolling_04,proposed,detail,ok,,5,True,5,5,0.15556542128324508,0.16370262205600739,0.18662377893924714,0.1874362677335739,0.19896963536739348,0.1886446326971054,0.23634745478630065,0.2446007877588272,0.7844891212144951,0.7207639166903568,0.9752425876201369,0.993594490623692,0.06362152777777777,0.0709008487654321,0.08294994212962963,0.08423852237654321,0.08956076388888888,0.0800805362654321,0.11845244984567901,0.126640625,0.3959407746325921,0.3339134516851102,0.6473281481525638,0.7092060973115046,0.307888211596426,0.2164263790831753,0.6274943416242893,0.7019330764054567,0.3413954597966608,0.26262928915934025,0.6367231317555865,0.7055508442588544,,,,,,,,,,,,,,,,,,,,,,,,,,,,,,,,,,,,,,,,,,,,,,,,,,,,,,,,,,,,,,,,,
scrolling,scrolling_04,proposed,frequency,ok,,9,,9,9,,,,,,,,,,,,,,,,,,,,,,,,,,,,,,,,,90.0,90.0,90.0,90.0,0.0,0.0,0.0,0.0,0.0,0.0,0.0,0.0,0.09243475416488452,0.10256834194203376,0.11454890850065384,0.11477470127277689,1452.0,1452.0,1452.0,1452.0,frequency direction and axis regularity after geometric resampling; this is not a moire-suppression measurement,True,299,,,,,,,,,,,,,,,,,,,,,,,,,,,,,,,,,,,,,,,,,,
scrolling,scrolling_04,proposed,geometry,ok,,,,4,4,,,,,,,,,,,,,,,,,,,,,,,,,,,,,,,,,,,,,,,,,,,,,,,,,,,,,,True,,4,299,4,763.0918731689453,855.5612182617188,873.8589416503906,876.4159545898438,761.7915954589844,854.218994140625,872.4649383544922,875.055908203125,824.4514617919922,921.0260009765625,944.0041870117187,946.3641967773438,0.4438695802052124,0.3877147394493976,0.5953543313692141,0.631496480543489,0.044955348273020945,0.04675195740373095,0.05297303114302793,0.05371523202757822,0.025320740509926644,0.026365108647178385,0.02981066850940906,0.03022343111810803,5,4,,,,,,,,,,,,,
scrolling,scrolling_04,proposed,temporal,ok,,,,298,298,,,,,,,,,,,,,,,,,,,,,,,,,,,,,,,,,,,,,,,,,,,,,,,,,,,,,,,,,,,,,,,,,,,,,,,,,,,,,,,,,,,,,frame-to-frame projective motion of the estimated screen quadrilateral,3.353748866861915,3.6650444811682616,7.633099485691744,8.778687095567093,0.002502651023598655,0.00048791343429451526,0.007154271250070581,0.009705437115888135,0.00037155230039852765,5.207095846804233e-05,0.0014725968340360274,0.00213640426517836
scrolling,scrolling_05,frame_wise,detail,ok,,5,True,5,5,0.18875317573547362,0.18268050253391266,0.2168775111436844,0.22351661324501038,0.191035720705986,0.182502880692482,0.22230722308158873,0.22986668348312378,0.9888652969622459,0.9901457420046291,0.9989581381636967,1.0009732550015469,0.0801237461419753,0.07817563657407407,0.0906231674382716,0.09369020061728395,0.08158825231481483,0.0791845100308642,0.09332233796296296,0.0968431712962963,0.5743359323989395,0.48201474353042784,0.8680799129812817,0.9633202248347712,0.5652818493610744,0.4793439230722415,0.8445330620923626,0.9356469170476162,0.56975928905368,0.4806756233010155,0.8561400505308967,0.9492819318640889,,,,,,,,,,,,,,,,,,,,,,,,,,,,,,,,,,,,,,,,,,,,,,,,,,,,,,,,,,,,,,,,,
scrolling,scrolling_05,frame_wise,frequency,ok,,9,,9,9,,,,,,,,,,,,,,,,,,,,,,,,,,,,,,,,,89.0,89.0,89.0,89.0,1.0,1.0,1.0,1.0,0.5,0.5,0.5,0.5,0.05187827959339713,0.05188672735056064,0.05696968918707318,0.0583114560354065,1452.0,1452.0,1452.0,1452.0,frequency direction and axis regularity after geometric resampling; this is not a moire-suppression measurement,True,299,,,,,,,,,,,,,,,,,,,,,,,,,,,,,,,,,,,,,,,,,,
scrolling,scrolling_05,frame_wise,geometry,ok,,,,4,4,,,,,,,,,,,,,,,,,,,,,,,,,,,,,,,,,,,,,,,,,,,,,,,,,,,,,,True,,4,299,4,32.555110454559326,32.39944267272949,33.33595218658447,33.4332275390625,17.87762451171875,17.864778518676758,18.04826955795288,18.063615798950195,64.98768711090088,64.66015815734863,66.58618392944337,66.78441619873047,0.979957553190167,0.9801172229734583,0.9803623417670964,0.9803675559439491,0.03872039167414859,0.0386780041091106,0.03975742017462721,0.03988340592459205,0.02170908385376784,0.021701105232659973,0.022271358854460743,0.022334032507458332,5,4,,,,,,,,,,,,,
scrolling,scrolling_05,frame_wise,temporal,ok,,,,298,298,,,,,,,,,,,,,,,,,,,,,,,,,,,,,,,,,,,,,,,,,,,,,,,,,,,,,,,,,,,,,,,,,,,,,,,,,,,,,,,,,,,,,frame-to-frame projective motion of the estimated screen quadrilateral,3.602900181172351,3.5087418452146375,6.554895511998405,24.745234081003677,0.018174743054178585,0.01744831322694723,0.045165748497103836,0.18636087985947036,0.0013638443169173566,0.0009237013032326602,0.0032057806011546665,0.03550393350317993
scrolling,scrolling_05,optical_flow,detail,ok,,5,True,5,5,0.18873405754566192,0.18125297129154205,0.21710406243801117,0.22356055676937103,0.191035720705986,0.182502880692482,0.22230722308158873,0.22986668348312378,0.9887027435294973,0.9918210611597879,0.9953343807194198,0.9958801535320295,0.0788208912037037,0.07592881944444445,0.09075511188271605,0.09401475694444444,0.08158825231481483,0.0791845100308642,0.09332233796296296,0.0968431712962963,0.42051414046393365,0.29946775402360176,0.8321729978512618,0.9630364864656911,0.41270292052297436,0.29314101393707015,0.8125995374128914,0.9384505064387941,0.4165619932688018,0.29627061158083173,0.8222590734566637,0.9505845496868589,,,,,,,,,,,,,,,,,,,,,,,,,,,,,,,,,,,,,,,,,,,,,,,,,,,,,,,,,,,,,,,,,
scrolling,scrolling_05,optical_flow,frequency,ok,,9,,9,9,,,,,,,,,,,,,,,,,,,,,,,,,,,,,,,,,89.0,89.0,89.0,89.0,1.0,1.0,1.0,1.0,0.5,0.5,0.5,0.5,0.05262308682145765,0.05162231520306128,0.058183286503588956,0.05868529066005022,1452.0,1452.0,1452.0,1452.0,frequency direction and axis regularity after geometric resampling; this is not a moire-suppression measurement,True,299,,,,,,,,,,,,,,,,,,,,,,,,,,,,,,,,,,,,,,,,,,
scrolling,scrolling_05,optical_flow,geometry,ok,,,,4,4,,,,,,,,,,,,,,,,,,,,,,,,,,,,,,,,,,,,,,,,,,,,,,,,,,,,,,True,,4,299,4,94.09410667419434,93.94036865234375,94.7289867401123,94.82513427734375,90.60271835327148,90.52225494384766,91.27834854125976,91.34161376953125,133.97821807861328,134.17652893066406,134.67049865722657,134.73606872558594,0.8964198655857483,0.8963843782361587,0.8969694149315748,0.8970199268801299,0.03325077200596227,0.032952793533674196,0.034080023955589324,0.034270415875300886,0.018642816711687667,0.018475856245708036,0.019126190435039336,0.019236942130219925,5,4,,,,,,,,,,,,,
scrolling,scrolling_05,optical_flow,temporal,ok,,,,298,298,,,,,,,,,,,,,,,,,,,,,,,,,,,,,,,,,,,,,,,,,,,,,,,,,,,,,,,,,,,,,,,,,,,,,,,,,,,,,,,,,,,,,frame-to-frame projective motion of the estimated screen quadrilateral,3.527731215340239,3.6728646892868184,5.81318319852743,8.58637423369705,0.004076668373179148,0.002883445772567758,0.010632015000801657,0.03588653497078982,0.0005178171791766674,0.00035459175539381826,0.0015711699524026605,0.004447438548674576
scrolling,scrolling_05,proposed,detail,ok,,5,True,5,5,0.15254982709884643,0.12943194806575775,0.21659495830535888,0.2276192009449005,0.191035720705986,0.182502880692482,0.22230722308158873,0.22986668348312378,0.7859790058724163,0.709204959256786,0.9717986314984054,0.990222669487515,0.057274787808641967,0.045576292438271604,0.08874257330246912,0.09443769290123456,0.08158825231481483,0.0791845100308642,0.09332233796296296,0.0968431712962963,0.38487859700097726,0.2831695872592555,0.6361608505447689,0.696169048032437,0.2920848351878169,0.15552918264256588,0.6130190091734049,0.6845289671038872,0.32627921915868513,0.19849886725737578,0.6238894238563079,0.6902999412688925,,,,,,,,,,,,,,,,,,,,,,,,,,,,,,,,,,,,,,,,,,,,,,,,,,,,,,,,,,,,,,,,,
scrolling,scrolling_05,proposed,frequency,ok,,9,,9,9,,,,,,,,,,,,,,,,,,,,,,,,,,,,,,,,,90.0,90.0,90.0,90.0,0.0,0.0,0.0,0.0,0.0,0.0,0.0,0.0,0.09747265503419308,0.1161903709433755,0.11974241934523415,0.12030028119582646,1452.0,1452.0,1452.0,1452.0,frequency direction and axis regularity after geometric resampling; this is not a moire-suppression measurement,True,299,,,,,,,,,,,,,,,,,,,,,,,,,,,,,,,,,,,,,,,,,,
scrolling,scrolling_05,proposed,geometry,ok,,,,4,4,,,,,,,,,,,,,,,,,,,,,,,,,,,,,,,,,,,,,,,,,,,,,,,,,,,,,,True,,4,299,4,873.6701126098633,995.0614013671875,1014.0110473632812,1015.1074829101562,871.446662902832,992.5484924316406,1011.4740753173828,1012.5599365234375,961.9289398193359,1095.0508422851562,1118.6534790039063,1119.89013671875,0.47294874254205643,0.4116406378708498,0.6329280154015307,0.6699115974630266,0.05876550026178734,0.06600628140507714,0.06903546409761564,0.06930363158826225,0.03294581136433395,0.037024714636446694,0.03866437509270204,0.03880886110137288,5,4,,,,,,,,,,,,,
scrolling,scrolling_05,proposed,temporal,ok,,,,298,298,,,,,,,,,,,,,,,,,,,,,,,,,,,,,,,,,,,,,,,,,,,,,,,,,,,,,,,,,,,,,,,,,,,,,,,,,,,,,,,,,,,,,frame-to-frame projective motion of the estimated screen quadrilateral,4.09328085015327,3.2946643215199485,9.43439114200691,10.005877380968842,0.004597494801696634,0.004290481729352005,0.010843276818922299,0.01636883847379956,0.00028105460258158064,5.181709568724546e-05,0.0009455195651031255,0.0017605020091024937
scrolling,scrolling_06,frame_wise,detail,ok,,1,True,1,1,0.18666371703147888,0.18666371703147888,0.18666371703147888,0.18666371703147888,0.1915368139743805,0.1915368139743805,0.1915368139743805,0.1915368139743805,0.9745579095643022,0.9745579095643022,0.9745579095643022,0.9745579095643022,0.0795018325617284,0.0795018325617284,0.0795018325617284,0.0795018325617284,0.08072482638888889,0.08072482638888889,0.08072482638888889,0.08072482638888889,0.9759606927299749,0.9759606927299749,0.9759606927299749,0.9759606927299749,0.9642812337580874,0.9642812337580874,0.9642812337580874,0.9642812337580874,0.9700858104726129,0.9700858104726129,0.9700858104726129,0.9700858104726129,,,,,,,,,,,,,,,,,,,,,,,,,,,,,,,,,,,,,,,,,,,,,,,,,,,,,,,,,,,,,,,,,
scrolling,scrolling_06,frame_wise,frequency,ok,,9,,9,9,,,,,,,,,,,,,,,,,,,,,,,,,,,,,,,,,89.0,89.0,89.0,89.0,1.0,1.0,1.0,1.0,0.5,0.5,0.5,0.5,0.05781286814869575,0.057783753136371824,0.06039889045794444,0.0610500662681563,1452.0,1452.0,1452.0,1452.0,frequency direction and axis regularity after geometric resampling; this is not a moire-suppression measurement,True,300,,,,,,,,,,,,,,,,,,,,,,,,,,,,,,,,,,,,,,,,,,
scrolling,scrolling_06,frame_wise,geometry,skipped,only initialization-frame annotation is available after excluding frame 0,,,0,0,,,,,,,,,,,,,,,,,,,,,,,,,,,,,,,,,,,,,,,,,,,,,,,,,,,,,,True,,0,300,0,,,,,,,,,,,,,,,,,,,,,,,,,1,0,,,,,,,,,,,,,
scrolling,scrolling_06,frame_wise,temporal,ok,,,,299,299,,,,,,,,,,,,,,,,,,,,,,,,,,,,,,,,,,,,,,,,,,,,,,,,,,,,,,,,,,,,,,,,,,,,,,,,,,,,,,,,,,,,,frame-to-frame projective motion of the estimated screen quadrilateral,2.5736256437567087,2.3728769744823213,5.185468610712876,14.374001598710679,0.019991478981914525,0.01907107523825699,0.05490090448505783,0.1426093561036163,0.001322673333067655,0.0009976958331815444,0.003354590624817964,0.029025766693364652
scrolling,scrolling_06,optical_flow,detail,ok,,1,True,1,1,0.18677818775177002,0.18677818775177002,0.18677818775177002,0.18677818775177002,0.1915368139743805,0.1915368139743805,0.1915368139743805,0.1915368139743805,0.9751555530037845,0.9751555530037845,0.9751555530037845,0.9751555530037845,0.0798804012345679,0.0798804012345679,0.0798804012345679,0.0798804012345679,0.08072482638888889,0.08072482638888889,0.08072482638888889,0.08072482638888889,0.9747162521130162,0.9747162521130162,0.9747162521130162,0.9747162521130162,0.9668381215238573,0.9668381215238573,0.9668381215238573,0.9668381215238573,0.9707612035056791,0.9707612035056791,0.9707612035056791,0.9707612035056791,,,,,,,,,,,,,,,,,,,,,,,,,,,,,,,,,,,,,,,,,,,,,,,,,,,,,,,,,,,,,,,,,
scrolling,scrolling_06,optical_flow,frequency,ok,,9,,9,9,,,,,,,,,,,,,,,,,,,,,,,,,,,,,,,,,89.0,89.0,89.0,89.0,1.0,1.0,1.0,1.0,0.5,0.5,0.5,0.5,0.05764379415297924,0.056955995077961036,0.061782078243261956,0.062313436090419214,1452.0,1452.0,1452.0,1452.0,frequency direction and axis regularity after geometric resampling; this is not a moire-suppression measurement,True,300,,,,,,,,,,,,,,,,,,,,,,,,,,,,,,,,,,,,,,,,,,
scrolling,scrolling_06,optical_flow,geometry,skipped,only initialization-frame annotation is available after excluding frame 0,,,0,0,,,,,,,,,,,,,,,,,,,,,,,,,,,,,,,,,,,,,,,,,,,,,,,,,,,,,,True,,0,300,0,,,,,,,,,,,,,,,,,,,,,,,,,1,0,,,,,,,,,,,,,
scrolling,scrolling_06,optical_flow,temporal,ok,,,,299,299,,,,,,,,,,,,,,,,,,,,,,,,,,,,,,,,,,,,,,,,,,,,,,,,,,,,,,,,,,,,,,,,,,,,,,,,,,,,,,,,,,,,,frame-to-frame projective motion of the estimated screen quadrilateral,2.08003838188137,1.916826645420384,4.430189395750682,9.511793221567327,0.005160640699825322,0.0034152302876751207,0.01726078827301075,0.04236986537573115,0.0004805788410885912,0.0003406793692567467,0.0013133134647384747,0.006851122844120372
scrolling,scrolling_06,proposed,detail,ok,,1,True,1,1,0.190785214304924,0.190785214304924,0.190785214304924,0.190785214304924,0.1915368139743805,0.1915368139743805,0.1915368139743805,0.1915368139743805,0.99607595190783,0.99607595190783,0.99607595190783,0.99607595190783,0.07936005015432099,0.07936005015432099,0.07936005015432099,0.07936005015432099,0.08072482638888889,0.08072482638888889,0.08072482638888889,0.08072482638888889,0.6483917817708935,0.6483917817708935,0.6483917817708935,0.6483917817708935,0.6417967513187687,0.6417967513187687,0.6417967513187687,0.6417967513187687,0.6450774107033982,0.6450774107033982,0.6450774107033982,0.6450774107033982,,,,,,,,,,,,,,,,,,,,,,,,,,,,,,,,,,,,,,,,,,,,,,,,,,,,,,,,,,,,,,,,,
scrolling,scrolling_06,proposed,frequency,ok,,9,,9,9,,,,,,,,,,,,,,,,,,,,,,,,,,,,,,,,,90.0,90.0,90.0,90.0,0.0,0.0,0.0,0.0,0.0,0.0,0.0,0.0,0.10488953038868687,0.12099689530539876,0.1368919880434007,0.13976008980800547,1452.0,1452.0,1452.0,1452.0,frequency direction and axis regularity after geometric resampling; this is not a moire-suppression measurement,True,300,,,,,,,,,,,,,,,,,,,,,,,,,,,,,,,,,,,,,,,,,,
scrolling,scrolling_06,proposed,geometry,skipped,only initialization-frame annotation is available after excluding frame 0,,,0,0,,,,,,,,,,,,,,,,,,,,,,,,,,,,,,,,,,,,,,,,,,,,,,,,,,,,,,True,,0,300,0,,,,,,,,,,,,,,,,,,,,,,,,,1,0,,,,,,,,,,,,,
scrolling,scrolling_06,proposed,temporal,ok,,,,299,299,,,,,,,,,,,,,,,,,,,,,,,,,,,,,,,,,,,,,,,,,,,,,,,,,,,,,,,,,,,,,,,,,,,,,,,,,,,,,,,,,,,,,frame-to-frame projective motion of the estimated screen quadrilateral,4.049281431612474,4.924265222188431,9.993980805533797,10.486946305948852,0.006273692529545933,0.003657316754355774,0.021423177689505576,0.026731068727704366,0.0003218866664758269,8.170134316709543e-05,0.0010387436918222405,0.0013374220861317454
scrolling,scrolling_07,frame_wise,detail,ok,,1,True,1,1,0.19492176175117493,0.19492176175117493,0.19492176175117493,0.19492176175117493,0.20191256701946259,0.20191256701946259,0.20191256701946259,0.20191256701946259,0.9653770670568821,0.9653770670568821,0.9653770670568821,0.9653770670568821,0.07995418595679013,0.07995418595679013,0.07995418595679013,0.07995418595679013,0.08178674768518518,0.08178674768518518,0.08178674768518518,0.08178674768518518,0.9767119239051106,0.9767119239051106,0.9767119239051106,0.9767119239051106,0.957285972888032,0.957285972888032,0.957285972888032,0.957285972888032,0.9669013868703815,0.9669013868703815,0.9669013868703815,0.9669013868703815,,,,,,,,,,,,,,,,,,,,,,,,,,,,,,,,,,,,,,,,,,,,,,,,,,,,,,,,,,,,,,,,,
scrolling,scrolling_07,frame_wise,frequency,ok,,9,,9,9,,,,,,,,,,,,,,,,,,,,,,,,,,,,,,,,,87.44444444444444,89.0,89.6,90.0,2.5555555555555554,1.0,9.999999999999995,16.0,1.5,0.5,6.199999999999997,10.0,0.06724051085769828,0.05095320765637417,0.109340097791893,0.1160238530357176,1452.0,1452.0,1452.0,1452.0,frequency direction and axis regularity after geometric resampling; this is not a moire-suppression measurement,True,300,,,,,,,,,,,,,,,,,,,,,,,,,,,,,,,,,,,,,,,,,,
scrolling,scrolling_07,frame_wise,geometry,skipped,only initialization-frame annotation is available after excluding frame 0,,,0,0,,,,,,,,,,,,,,,,,,,,,,,,,,,,,,,,,,,,,,,,,,,,,,,,,,,,,,True,,0,300,0,,,,,,,,,,,,,,,,,,,,,,,,,1,0,,,,,,,,,,,,,
scrolling,scrolling_07,frame_wise,temporal,ok,,,,299,299,,,,,,,,,,,,,,,,,,,,,,,,,,,,,,,,,,,,,,,,,,,,,,,,,,,,,,,,,,,,,,,,,,,,,,,,,,,,,,,,,,,,,frame-to-frame projective motion of the estimated screen quadrilateral,2.898341482234493,2.5870404146100143,6.218675475310559,17.505457268229648,0.02385077653173086,0.01906933798980442,0.0646964145463754,0.2159899995146924,0.0010948706633544117,0.0008038715399181218,0.0026184221288985,0.028373897491106526
scrolling,scrolling_07,optical_flow,detail,ok,,1,True,1,1,0.19494159519672394,0.19494159519672394,0.19494159519672394,0.19494159519672394,0.20191256701946259,0.20191256701946259,0.20191256701946259,0.20191256701946259,0.9654752949475072,0.9654752949475072,0.9654752949475072,0.9654752949475072,0.08001302083333334,0.08001302083333334,0.08001302083333334,0.08001302083333334,0.08178674768518518,0.08178674768518518,0.08178674768518518,0.08178674768518518,0.9763011180423711,0.9763011180423711,0.9763011180423711,0.9763011180423711,0.9588603303202373,0.9588603303202373,0.9588603303202373,0.9588603303202373,0.9675021309774592,0.9675021309774592,0.9675021309774592,0.9675021309774592,,,,,,,,,,,,,,,,,,,,,,,,,,,,,,,,,,,,,,,,,,,,,,,,,,,,,,,,,,,,,,,,,
scrolling,scrolling_07,optical_flow,frequency,ok,,9,,9,9,,,,,,,,,,,,,,,,,,,,,,,,,,,,,,,,,89.0,89.0,89.6,90.0,1.0,1.0,1.5999999999999996,2.0,0.5,0.5,0.7999999999999998,1.0,0.06773813805102363,0.053607127887765366,0.11018056642322963,0.11340148290476729,1452.0,1452.0,1452.0,1452.0,frequency direction and axis regularity after geometric resampling; this is not a moire-suppression measurement,True,300,,,,,,,,,,,,,,,,,,,,,,,,,,,,,,,,,,,,,,,,,,
scrolling,scrolling_07,optical_flow,geometry,skipped,only initialization-frame annotation is available after excluding frame 0,,,0,0,,,,,,,,,,,,,,,,,,,,,,,,,,,,,,,,,,,,,,,,,,,,,,,,,,,,,,True,,0,300,0,,,,,,,,,,,,,,,,,,,,,,,,,1,0,,,,,,,,,,,,,
scrolling,scrolling_07,optical_flow,temporal,ok,,,,299,299,,,,,,,,,,,,,,,,,,,,,,,,,,,,,,,,,,,,,,,,,,,,,,,,,,,,,,,,,,,,,,,,,,,,,,,,,,,,,,,,,,,,,frame-to-frame projective motion of the estimated screen quadrilateral,14.671741387073963,3.4593119504432472,51.60329633677883,652.7680489200208,0.01686719237369611,0.006417349116320122,0.05284861394180195,0.748274236141089,0.004144394624927288,0.0007188293381340527,0.01701467493890489,0.3278128167853762
scrolling,scrolling_07,proposed,detail,ok,,1,True,1,1,0.20020583271980286,0.20020583271980286,0.20020583271980286,0.20020583271980286,0.20191256701946259,0.20191256701946259,0.20191256701946259,0.20191256701946259,0.9915471616014113,0.9915471616014113,0.9915471616014113,0.9915471616014113,0.08052662037037037,0.08052662037037037,0.08052662037037037,0.08052662037037037,0.08178674768518518,0.08178674768518518,0.08178674768518518,0.08178674768518518,0.6429213079410708,0.6429213079410708,0.6429213079410708,0.6429213079410708,0.6335520923623027,0.6335520923623027,0.6335520923623027,0.6335520923623027,0.6382023154944975,0.6382023154944975,0.6382023154944975,0.6382023154944975,,,,,,,,,,,,,,,,,,,,,,,,,,,,,,,,,,,,,,,,,,,,,,,,,,,,,,,,,,,,,,,,,
scrolling,scrolling_07,proposed,frequency,ok,,9,,9,9,,,,,,,,,,,,,,,,,,,,,,,,,,,,,,,,,90.0,90.0,90.0,90.0,0.0,0.0,0.0,0.0,0.0,0.0,0.0,0.0,0.0777729796119838,0.08811950715961216,0.09788259936144438,0.09799216719784046,1452.0,1452.0,1452.0,1452.0,frequency direction and axis regularity after geometric resampling; this is not a moire-suppression measurement,True,300,,,,,,,,,,,,,,,,,,,,,,,,,,,,,,,,,,,,,,,,,,
scrolling,scrolling_07,proposed,geometry,skipped,only initialization-frame annotation is available after excluding frame 0,,,0,0,,,,,,,,,,,,,,,,,,,,,,,,,,,,,,,,,,,,,,,,,,,,,,,,,,,,,,True,,0,300,0,,,,,,,,,,,,,,,,,,,,,,,,,1,0,,,,,,,,,,,,,
scrolling,scrolling_07,proposed,temporal,ok,,,,299,299,,,,,,,,,,,,,,,,,,,,,,,,,,,,,,,,,,,,,,,,,,,,,,,,,,,,,,,,,,,,,,,,,,,,,,,,,,,,,,,,,,,,,frame-to-frame projective motion of the estimated screen quadrilateral,3.554314645546016,0.0,8.718696934842669,9.450364052092581,0.007549445190792614,0.0,0.03594438606736266,0.041862063507734186,0.00022498383174488724,0.0,0.000679022723269271,0.0030816938695692464
scrolling,scrolling_08,frame_wise,detail,ok,,1,True,1,1,0.04351331293582916,0.04351331293582916,0.04351331293582916,0.04351331293582916,0.04670234024524689,0.04670234024524689,0.04670234024524689,0.04670234024524689,0.9317158991889644,0.9317158991889644,0.9317158991889644,0.9317158991889644,0.016137635030864197,0.016137635030864197,0.016137635030864197,0.016137635030864197,0.01661844135802469,0.01661844135802469,0.01661844135802469,0.01661844135802469,0.9487194812180617,0.9487194812180617,0.9487194812180617,0.9487194812180617,0.9204585026117237,0.9204585026117237,0.9204585026117237,0.9204585026117237,0.9343753464197346,0.9343753464197346,0.9343753464197346,0.9343753464197346,,,,,,,,,,,,,,,,,,,,,,,,,,,,,,,,,,,,,,,,,,,,,,,,,,,,,,,,,,,,,,,,,
scrolling,scrolling_08,frame_wise,frequency,ok,,9,,9,9,,,,,,,,,,,,,,,,,,,,,,,,,,,,,,,,,89.11111111111111,89.0,89.6,90.0,0.8888888888888888,1.0,1.0,1.0,0.4444444444444444,0.5,0.5,0.5,0.08808941796832163,0.087888580951022,0.11106460907881792,0.11264686581811895,1452.0,1452.0,1452.0,1452.0,frequency direction and axis regularity after geometric resampling; this is not a moire-suppression measurement,True,299,,,,,,,,,,,,,,,,,,,,,,,,,,,,,,,,,,,,,,,,,,
scrolling,scrolling_08,frame_wise,geometry,skipped,only initialization-frame annotation is available after excluding frame 0,,,0,0,,,,,,,,,,,,,,,,,,,,,,,,,,,,,,,,,,,,,,,,,,,,,,,,,,,,,,True,,0,299,0,,,,,,,,,,,,,,,,,,,,,,,,,1,0,,,,,,,,,,,,,
scrolling,scrolling_08,frame_wise,temporal,ok,,,,298,298,,,,,,,,,,,,,,,,,,,,,,,,,,,,,,,,,,,,,,,,,,,,,,,,,,,,,,,,,,,,,,,,,,,,,,,,,,,,,,,,,,,,,frame-to-frame projective motion of the estimated screen quadrilateral,4.243723065772157,2.731246758688541,11.041604146136821,84.71239575734283,0.02735821910427374,0.01913192795023831,0.059229278975368234,0.9372357378035722,0.0026225551007815237,0.0011809664011928067,0.004138162874678344,0.15131759003429912
scrolling,scrolling_08,optical_flow,detail,ok,,1,True,1,1,0.0435074158012867,0.0435074158012867,0.0435074158012867,0.0435074158012867,0.04670234024524689,0.04670234024524689,0.04670234024524689,0.04670234024524689,0.9315896285457482,0.9315896285457482,0.9315896285457482,0.9315896285457482,0.015303819444444445,0.015303819444444445,0.015303819444444445,0.015303819444444445,0.01661844135802469,0.01661844135802469,0.01661844135802469,0.01661844135802469,0.9719228587634714,0.9719228587634714,0.9719228587634714,0.9719228587634714,0.8955310504933256,0.8955310504933256,0.8955310504933256,0.8955310504933256,0.9321644774122659,0.9321644774122659,0.9321644774122659,0.9321644774122659,,,,,,,,,,,,,,,,,,,,,,,,,,,,,,,,,,,,,,,,,,,,,,,,,,,,,,,,,,,,,,,,,
scrolling,scrolling_08,optical_flow,frequency,ok,,9,,9,9,,,,,,,,,,,,,,,,,,,,,,,,,,,,,,,,,88.88888888888889,89.0,89.6,90.0,1.1111111111111112,1.0,2.1999999999999993,3.0,0.5555555555555556,0.5,1.0999999999999996,1.5,0.0859873160111617,0.08574337963616159,0.1035533704408164,0.103580727149624,1452.0,1452.0,1452.0,1452.0,frequency direction and axis regularity after geometric resampling; this is not a moire-suppression measurement,True,299,,,,,,,,,,,,,,,,,,,,,,,,,,,,,,,,,,,,,,,,,,
scrolling,scrolling_08,optical_flow,geometry,skipped,only initialization-frame annotation is available after excluding frame 0,,,0,0,,,,,,,,,,,,,,,,,,,,,,,,,,,,,,,,,,,,,,,,,,,,,,,,,,,,,,True,,0,299,0,,,,,,,,,,,,,,,,,,,,,,,,,1,0,,,,,,,,,,,,,
scrolling,scrolling_08,optical_flow,temporal,ok,,,,298,298,,,,,,,,,,,,,,,,,,,,,,,,,,,,,,,,,,,,,,,,,,,,,,,,,,,,,,,,,,,,,,,,,,,,,,,,,,,,,,,,,,,,,frame-to-frame projective motion of the estimated screen quadrilateral,14.529290435137236,4.2018031084716805,57.313414992637796,475.72477706369455,0.03574005604174764,0.015209655493779044,0.12593685616879433,1.4101701885261047,0.0029105496151948756,0.0012878288363845636,0.013095417393903535,0.05705753266832403
scrolling,scrolling_08,proposed,detail,ok,,1,True,1,1,0.04328256845474243,0.04328256845474243,0.04328256845474243,0.04328256845474243,0.04670234024524689,0.04670234024524689,0.04670234024524689,0.04670234024524689,0.9267751514689352,0.9267751514689352,0.9267751514689352,0.9267751514689352,0.014800347222222222,0.014800347222222222,0.014800347222222222,0.014800347222222222,0.01661844135802469,0.01661844135802469,0.01661844135802469,0.01661844135802469,0.8375692407950472,0.8375692407950472,0.8375692407950472,0.8375692407950472,0.7653221125943123,0.7653221125943123,0.7653221125943123,0.7653221125943123,0.7998174791495946,0.7998174791495946,0.7998174791495946,0.7998174791495946,,,,,,,,,,,,,,,,,,,,,,,,,,,,,,,,,,,,,,,,,,,,,,,,,,,,,,,,,,,,,,,,,
scrolling,scrolling_08,proposed,frequency,ok,,9,,9,9,,,,,,,,,,,,,,,,,,,,,,,,,,,,,,,,,90.0,90.0,90.0,90.0,0.0,0.0,0.0,0.0,0.0,0.0,0.0,0.0,0.08747274876850977,0.09170556351968102,0.10249231262008497,0.10353524219238755,1452.0,1452.0,1452.0,1452.0,frequency direction and axis regularity after geometric resampling; this is not a moire-suppression measurement,True,299,,,,,,,,,,,,,,,,,,,,,,,,,,,,,,,,,,,,,,,,,,
scrolling,scrolling_08,proposed,geometry,skipped,only initialization-frame annotation is available after excluding frame 0,,,0,0,,,,,,,,,,,,,,,,,,,,,,,,,,,,,,,,,,,,,,,,,,,,,,,,,,,,,,True,,0,299,0,,,,,,,,,,,,,,,,,,,,,,,,,1,0,,,,,,,,,,,,,
scrolling,scrolling_08,proposed,temporal,ok,,,,298,298,,,,,,,,,,,,,,,,,,,,,,,,,,,,,,,,,,,,,,,,,,,,,,,,,,,,,,,,,,,,,,,,,,,,,,,,,,,,,,,,,,,,,frame-to-frame projective motion of the estimated screen quadrilateral,2.8499749753503636,2.322652032777811,8.66983291246182,10.25253381181519,0.011586065902699245,0.013238960934973065,0.021100854593152325,0.02437903602586819,0.0008260353454625409,0.000634371819401125,0.0021373206399108776,0.002355690292078494
scrolling,scrolling_09,frame_wise,detail,ok,,1,True,1,1,0.07600829750299454,0.07600829750299454,0.07600829750299454,0.07600829750299454,0.07976774871349335,0.07976774871349335,0.07976774871349335,0.07976774871349335,0.9528700349310113,0.9528700349310113,0.9528700349310113,0.9528700349310113,0.03265721450617284,0.03265721450617284,0.03265721450617284,0.03265721450617284,0.03329523533950617,0.03329523533950617,0.03329523533950617,0.03329523533950617,0.9870196993413863,0.9870196993413863,0.9870196993413863,0.9870196993413863,0.9699888472067323,0.9699888472067323,0.9699888472067323,0.9699888472067323,0.9784301678428531,0.9784301678428531,0.9784301678428531,0.9784301678428531,,,,,,,,,,,,,,,,,,,,,,,,,,,,,,,,,,,,,,,,,,,,,,,,,,,,,,,,,,,,,,,,,
scrolling,scrolling_09,frame_wise,frequency,ok,,9,,9,9,,,,,,,,,,,,,,,,,,,,,,,,,,,,,,,,,89.0,89.0,89.6,90.0,1.0,1.0,1.5999999999999996,2.0,0.5,0.5,0.7999999999999998,1.0,0.08938784517939989,0.08634527224082587,0.11383923230071386,0.1234569489787423,1452.0,1452.0,1452.0,1452.0,frequency direction and axis regularity after geometric resampling; this is not a moire-suppression measurement,True,299,,,,,,,,,,,,,,,,,,,,,,,,,,,,,,,,,,,,,,,,,,
scrolling,scrolling_09,frame_wise,geometry,skipped,only initialization-frame annotation is available after excluding frame 0,,,0,0,,,,,,,,,,,,,,,,,,,,,,,,,,,,,,,,,,,,,,,,,,,,,,,,,,,,,,True,,0,299,0,,,,,,,,,,,,,,,,,,,,,,,,,1,0,,,,,,,,,,,,,
scrolling,scrolling_09,frame_wise,temporal,ok,,,,298,298,,,,,,,,,,,,,,,,,,,,,,,,,,,,,,,,,,,,,,,,,,,,,,,,,,,,,,,,,,,,,,,,,,,,,,,,,,,,,,,,,,,,,frame-to-frame projective motion of the estimated screen quadrilateral,14.232557670120853,2.1584138083093842,14.866288829733453,1039.6828008242824,0.2485500925043814,0.017184139171438028,0.14360397609197625,17.664428494605414,0.009924003388734821,0.0008593162175433156,0.0100949512918419,0.6116162442738415
scrolling,scrolling_09,optical_flow,detail,ok,,1,True,1,1,0.07606729865074158,0.07606729865074158,0.07606729865074158,0.07606729865074158,0.07976774871349335,0.07976774871349335,0.07976774871349335,0.07976774871349335,0.9536096966200851,0.9536096966200851,0.9536096966200851,0.9536096966200851,0.03180989583333333,0.03180989583333333,0.03180989583333333,0.03180989583333333,0.03329523533950617,0.03329523533950617,0.03329523533950617,0.03329523533950617,0.9817619502433256,0.9817619502433256,0.9817619502433256,0.9817619502433256,0.9415999188887763,0.9415999188887763,0.9415999188887763,0.9415999188887763,0.9612616196185078,0.9612616196185078,0.9612616196185078,0.9612616196185078,,,,,,,,,,,,,,,,,,,,,,,,,,,,,,,,,,,,,,,,,,,,,,,,,,,,,,,,,,,,,,,,,
scrolling,scrolling_09,optical_flow,frequency,ok,,9,,9,9,,,,,,,,,,,,,,,,,,,,,,,,,,,,,,,,,88.55555555555556,89.0,89.6,90.0,1.4444444444444444,1.0,3.799999999999999,5.0,0.8333333333333334,0.5,2.3,2.5,0.087886326586027,0.08690495955435634,0.11148418834407728,0.11922369487920145,1452.0,1452.0,1452.0,1452.0,frequency direction and axis regularity after geometric resampling; this is not a moire-suppression measurement,True,299,,,,,,,,,,,,,,,,,,,,,,,,,,,,,,,,,,,,,,,,,,
scrolling,scrolling_09,optical_flow,geometry,skipped,only initialization-frame annotation is available after excluding frame 0,,,0,0,,,,,,,,,,,,,,,,,,,,,,,,,,,,,,,,,,,,,,,,,,,,,,,,,,,,,,True,,0,299,0,,,,,,,,,,,,,,,,,,,,,,,,,1,0,,,,,,,,,,,,,
scrolling,scrolling_09,optical_flow,temporal,ok,,,,298,298,,,,,,,,,,,,,,,,,,,,,,,,,,,,,,,,,,,,,,,,,,,,,,,,,,,,,,,,,,,,,,,,,,,,,,,,,,,,,,,,,,,,,frame-to-frame projective motion of the estimated screen quadrilateral,8.936681169287702,1.676318530192807,49.74086701574745,409.98522604670814,0.031055229178393037,0.006784269376087703,0.061817867324876596,1.1181869755544753,0.0019423996628882268,0.0007499494629175096,0.00786505714091748,0.04607265709930142
scrolling,scrolling_09,proposed,detail,ok,,1,True,1,1,0.07629936933517456,0.07629936933517456,0.07629936933517456,0.07629936933517456,0.07976774871349335,0.07976774871349335,0.07976774871349335,0.07976774871349335,0.9565190263702141,0.9565190263702141,0.9565190263702141,0.9565190263702141,0.031570698302469134,0.031570698302469134,0.031570698302469134,0.031570698302469134,0.03329523533950617,0.03329523533950617,0.03329523533950617,0.03329523533950617,0.9600549912166807,0.9600549912166807,0.9600549912166807,0.9600549912166807,0.9163685346388378,0.9163685346388378,0.9163685346388378,0.9163685346388378,0.937703213961593,0.937703213961593,0.937703213961593,0.937703213961593,,,,,,,,,,,,,,,,,,,,,,,,,,,,,,,,,,,,,,,,,,,,,,,,,,,,,,,,,,,,,,,,,
scrolling,scrolling_09,proposed,frequency,ok,,9,,9,9,,,,,,,,,,,,,,,,,,,,,,,,,,,,,,,,,88.55555555555556,88.0,90.0,90.0,1.4444444444444444,2.0,3.1999999999999993,4.0,0.9444444444444444,1.0,2.799999999999999,4.0,0.09076877067011054,0.0919715149955266,0.11578612084022066,0.12207665568749479,1452.0,1452.0,1452.0,1452.0,frequency direction and axis regularity after geometric resampling; this is not a moire-suppression measurement,True,299,,,,,,,,,,,,,,,,,,,,,,,,,,,,,,,,,,,,,,,,,,
scrolling,scrolling_09,proposed,geometry,skipped,only initialization-frame annotation is available after excluding frame 0,,,0,0,,,,,,,,,,,,,,,,,,,,,,,,,,,,,,,,,,,,,,,,,,,,,,,,,,,,,,True,,0,299,0,,,,,,,,,,,,,,,,,,,,,,,,,1,0,,,,,,,,,,,,,
scrolling,scrolling_09,proposed,temporal,ok,,,,298,298,,,,,,,,,,,,,,,,,,,,,,,,,,,,,,,,,,,,,,,,,,,,,,,,,,,,,,,,,,,,,,,,,,,,,,,,,,,,,,,,,,,,,frame-to-frame projective motion of the estimated screen quadrilateral,0.003069800288241023,0.0,0.0,0.1830316955568621,3.1616236207080334e-05,0.0,0.0,0.001885985547039944,1.0123578093221529e-06,0.0,0.0,6.04595264848129e-05
scrolling,scrolling_10,frame_wise,detail,ok,,1,True,1,1,0.09303504228591919,0.09303504228591919,0.09303504228591919,0.09303504228591919,0.09741465002298355,0.09741465002298355,0.09741465002298355,0.09741465002298355,0.9550415903970187,0.9550415903970187,0.9550415903970187,0.9550415903970187,0.03153935185185185,0.03153935185185185,0.03153935185185185,0.03153935185185185,0.0328125,0.0328125,0.0328125,0.0328125,0.9133792048929663,0.9133792048929663,0.9133792048929663,0.9133792048929663,0.8727660199882422,0.8727660199882422,0.8727660199882422,0.8727660199882422,0.8926108832471633,0.8926108832471633,0.8926108832471633,0.8926108832471633,,,,,,,,,,,,,,,,,,,,,,,,,,,,,,,,,,,,,,,,,,,,,,,,,,,,,,,,,,,,,,,,,
scrolling,scrolling_10,frame_wise,frequency,ok,,9,,9,9,,,,,,,,,,,,,,,,,,,,,,,,,,,,,,,,,87.44444444444444,89.0,89.6,90.0,2.5555555555555554,1.0,7.399999999999999,9.0,2.0555555555555554,0.5,7.199999999999998,9.0,0.08261635410041988,0.07829932673231328,0.10614591165243259,0.10652845759945369,1452.0,1452.0,1452.0,1452.0,frequency direction and axis regularity after geometric resampling; this is not a moire-suppression measurement,True,300,,,,,,,,,,,,,,,,,,,,,,,,,,,,,,,,,,,,,,,,,,
scrolling,scrolling_10,frame_wise,geometry,skipped,only initialization-frame annotation is available after excluding frame 0,,,0,0,,,,,,,,,,,,,,,,,,,,,,,,,,,,,,,,,,,,,,,,,,,,,,,,,,,,,,True,,0,300,0,,,,,,,,,,,,,,,,,,,,,,,,,1,0,,,,,,,,,,,,,
scrolling,scrolling_10,frame_wise,temporal,ok,,,,299,299,,,,,,,,,,,,,,,,,,,,,,,,,,,,,,,,,,,,,,,,,,,,,,,,,,,,,,,,,,,,,,,,,,,,,,,,,,,,,,,,,,,,,frame-to-frame projective motion of the estimated screen quadrilateral,27.851107361036586,1.599155052716398,23.35925487723287,4678.91140988175,0.2694661730228079,0.002504248846859725,0.11016549611792831,38.30187332140963,0.023107462577882147,0.0003787239572325962,0.03895384812850103,3.848717537071268
scrolling,scrolling_10,optical_flow,detail,ok,,1,True,1,1,0.09299338608980179,0.09299338608980179,0.09299338608980179,0.09299338608980179,0.09741465002298355,0.09741465002298355,0.09741465002298355,0.09741465002298355,0.954613973030354,0.954613973030354,0.954613973030354,0.954613973030354,0.031312210648148146,0.031312210648148146,0.031312210648148146,0.031312210648148146,0.0328125,0.0328125,0.0328125,0.0328125,0.9151226724576076,0.9151226724576076,0.9151226724576076,0.9151226724576076,0.8689300411522634,0.8689300411522634,0.8689300411522634,0.8689300411522634,0.8914283477969521,0.8914283477969521,0.8914283477969521,0.8914283477969521,,,,,,,,,,,,,,,,,,,,,,,,,,,,,,,,,,,,,,,,,,,,,,,,,,,,,,,,,,,,,,,,,
scrolling,scrolling_10,optical_flow,frequency,ok,,9,,9,9,,,,,,,,,,,,,,,,,,,,,,,,,,,,,,,,,89.11111111111111,89.0,90.0,90.0,0.8888888888888888,1.0,1.5999999999999996,2.0,0.6666666666666666,0.5,1.5,1.5,0.0895051782231642,0.09197547038855775,0.10966564001747099,0.11364049035452806,1452.2222222222222,1452.0,1453.2,1454.0,frequency direction and axis regularity after geometric resampling; this is not a moire-suppression measurement,True,300,,,,,,,,,,,,,,,,,,,,,,,,,,,,,,,,,,,,,,,,,,
scrolling,scrolling_10,optical_flow,geometry,skipped,only initialization-frame annotation is available after excluding frame 0,,,0,0,,,,,,,,,,,,,,,,,,,,,,,,,,,,,,,,,,,,,,,,,,,,,,,,,,,,,,True,,0,300,0,,,,,,,,,,,,,,,,,,,,,,,,,1,0,,,,,,,,,,,,,
scrolling,scrolling_10,optical_flow,temporal,ok,,,,299,299,,,,,,,,,,,,,,,,,,,,,,,,,,,,,,,,,,,,,,,,,,,,,,,,,,,,,,,,,,,,,,,,,,,,,,,,,,,,,,,,,,,,,frame-to-frame projective motion of the estimated screen quadrilateral,15.00345989264994,2.826207422375654,60.847925668159995,377.1011562643197,0.027660007679839282,0.015711195651567138,0.058098938759051914,0.5323720026832234,0.00322735433517376,0.0012140181542217299,0.017015478568195876,0.071222602611412
scrolling,scrolling_10,proposed,detail,ok,,1,True,1,1,0.09320326149463654,0.09320326149463654,0.09320326149463654,0.09320326149463654,0.09741465002298355,0.09741465002298355,0.09741465002298355,0.09741465002298355,0.9567684272606491,0.9567684272606491,0.9567684272606491,0.9567684272606491,0.031003086419753086,0.031003086419753086,0.031003086419753086,0.031003086419753086,0.0328125,0.0328125,0.0328125,0.0328125,0.912720881035341,0.912720881035341,0.912720881035341,0.912720881035341,0.8614785420340976,0.8614785420340976,0.8614785420340976,0.8614785420340976,0.8863597221986345,0.8863597221986345,0.8863597221986345,0.8863597221986345,,,,,,,,,,,,,,,,,,,,,,,,,,,,,,,,,,,,,,,,,,,,,,,,,,,,,,,,,,,,,,,,,
scrolling,scrolling_10,proposed,frequency,ok,,9,,9,9,,,,,,,,,,,,,,,,,,,,,,,,,,,,,,,,,89.44444444444444,90.0,90.0,90.0,0.5555555555555556,0.0,1.5999999999999996,2.0,0.2777777777777778,0.0,0.7999999999999998,1.0,0.07760592755198975,0.06979269758955059,0.10936395093655538,0.11078374655156123,1452.0,1452.0,1452.0,1452.0,frequency direction and axis regularity after geometric resampling; this is not a moire-suppression measurement,True,300,,,,,,,,,,,,,,,,,,,,,,,,,,,,,,,,,,,,,,,,,,
scrolling,scrolling_10,proposed,geometry,skipped,only initialization-frame annotation is available after excluding frame 0,,,0,0,,,,,,,,,,,,,,,,,,,,,,,,,,,,,,,,,,,,,,,,,,,,,,,,,,,,,,True,,0,300,0,,,,,,,,,,,,,,,,,,,,,,,,,1,0,,,,,,,,,,,,,
scrolling,scrolling_10,proposed,temporal,ok,,,,299,299,,,,,,,,,,,,,,,,,,,,,,,,,,,,,,,,,,,,,,,,,,,,,,,,,,,,,,,,,,,,,,,,,,,,,,,,,,,,,,,,,,,,,frame-to-frame projective motion of the estimated screen quadrilateral,0.0025928961093059396,2.5781289233012507e-14,2.5781289233012507e-14,0.15511887086410095,2.7664370914561034e-06,6.89395342900458e-16,6.89395342900458e-16,0.00016575576863499356,1.5017459073498206e-07,1.1102230246251565e-16,1.1102230246251565e-16,9.131079325319647e-06
static,static_01,frame_wise,detail,ok,,5,True,5,5,0.15362845957279206,0.15225064754486084,0.17268321216106414,0.17745400965213776,0.154940864443779,0.15414075553417206,0.17767448723316193,0.1835061013698578,0.992997258865387,0.9951537542378583,1.0083324253172923,1.0088623453228593,0.05815393518518519,0.05663724922839506,0.06323582175925926,0.06463831018518519,0.0585234375,0.05732735339506173,0.06444020061728395,0.06591194058641975,0.5437277155602727,0.43986677043843575,0.8678479972656913,0.9731262217049406,0.5370958489236165,0.4363672958616646,0.8529743071483177,0.9545052130967624,0.5403743906618208,0.4354374254446769,0.8603391987909877,0.963725777499653,,,,,,,,,,,,,,,,,,,,,,,,,,,,,,,,,,,,,,,,,,,,,,,,,,,,,,,,,,,,,,,,,
static,static_01,frame_wise,frequency,ok,,9,,9,9,,,,,,,,,,,,,,,,,,,,,,,,,,,,,,,,,89.0,89.0,89.0,89.0,1.0,1.0,1.0,1.0,0.5,0.5,0.5,0.5,0.03685790717619933,0.036686219816883865,0.03773558931075124,0.03786365527676109,1452.0,1452.0,1452.0,1452.0,frequency direction and axis regularity after geometric resampling; this is not a moire-suppression measurement,True,300,,,,,,,,,,,,,,,,,,,,,,,,,,,,,,,,,,,,,,,,,,
static,static_01,frame_wise,geometry,ok,,,,4,4,,,,,,,,,,,,,,,,,,,,,,,,,,,,,,,,,,,,,,,,,,,,,,,,,,,,,,True,,4,300,4,33.540921211242676,33.301841735839844,34.95020713806152,35.15072250366211,19.304891109466553,18.808429718017578,21.451344299316407,21.75605583190918,66.49972915649414,66.13050079345703,68.93275985717773,69.17057037353516,0.9785167072711487,0.9782973104604473,0.9798024174318598,0.9800026814033089,0.03761739510821499,0.03709314101867511,0.041516109973852675,0.042072912424162556,0.02105808153321638,0.02071864304671884,0.023049535526102862,0.02335571896793707,5,4,,,,,,,,,,,,,
static,static_01,frame_wise,temporal,ok,,,,299,299,,,,,,,,,,,,,,,,,,,,,,,,,,,,,,,,,,,,,,,,,,,,,,,,,,,,,,,,,,,,,,,,,,,,,,,,,,,,,,,,,,,,,frame-to-frame projective motion of the estimated screen quadrilateral,5.717597453151922,3.4607011810662085,16.65064667892202,51.64372067417825,0.04365682240235283,0.025887008854286457,0.11154799398165413,0.9363793432524365,0.0034874881335141823,0.0015162292511630149,0.006244956613117217,0.13835939481299064
static,static_01,optical_flow,detail,ok,,5,True,5,5,0.15328605473041534,0.15166118741035461,0.17257806956768035,0.1773875206708908,0.154940864443779,0.15414075553417206,0.17767448723316193,0.1835061013698578,0.9906928810583258,0.9934708235209841,1.0047306238724887,1.0047434978015646,0.05792766203703703,0.056382619598765435,0.06294743441358025,0.06436246141975309,0.0585234375,0.05732735339506173,0.06444020061728395,0.06591194058641975,0.538518356669689,0.43911713362255217,0.867020727574978,0.9731758852707137,0.530202123025161,0.44054945340292384,0.8497486491723035,0.9515931955368575,0.5343059040166962,0.4407377950916865,0.8581053956322382,0.9622635356295525,,,,,,,,,,,,,,,,,,,,,,,,,,,,,,,,,,,,,,,,,,,,,,,,,,,,,,,,,,,,,,,,,
static,static_01,optical_flow,frequency,ok,,9,,9,9,,,,,,,,,,,,,,,,,,,,,,,,,,,,,,,,,89.11111111111111,89.0,89.6,90.0,0.8888888888888888,1.0,1.0,1.0,0.4444444444444444,0.5,0.5,0.5,0.036675972904668265,0.03696156569111351,0.037521507285482564,0.03768932588800175,1452.0,1452.0,1452.0,1452.0,frequency direction and axis regularity after geometric resampling; this is not a moire-suppression measurement,True,300,,,,,,,,,,,,,,,,,,,,,,,,,,,,,,,,,,,,,,,,,,
static,static_01,optical_flow,geometry,ok,,,,4,4,,,,,,,,,,,,,,,,,,,,,,,,,,,,,,,,,,,,,,,,,,,,,,,,,,,,,,True,,4,300,4,34.87980604171753,33.24169731140137,39.93671379089355,41.044532775878906,19.93381404876709,18.933072090148926,23.915075111389157,24.56443977355957,69.06776523590088,65.73212432861328,78.86492729187012,80.90766906738281,0.9775847086239547,0.9783229872462311,0.9798678573067192,0.9799709839739671,0.038867310555904144,0.03967871599522099,0.04258999149407403,0.04286984206566036,0.02176033061372709,0.02203634388858987,0.023882022043281246,0.02407959633721387,5,4,,,,,,,,,,,,,
static,static_01,optical_flow,temporal,ok,,,,299,299,,,,,,,,,,,,,,,,,,,,,,,,,,,,,,,,,,,,,,,,,,,,,,,,,,,,,,,,,,,,,,,,,,,,,,,,,,,,,,,,,,,,,frame-to-frame projective motion of the estimated screen quadrilateral,5.139808132803765,4.183149347610182,14.275982680309351,17.74767773629021,0.027921189912086322,0.016471758706183417,0.09166926324171992,0.10588055762758307,0.0015077739834733206,0.0009929947999097744,0.004209582687987589,0.009843721187329901
static,static_01,proposed,detail,ok,,5,True,5,5,0.15357578694820403,0.15162982046604156,0.172811222076416,0.17748220264911652,0.154940864443779,0.15414075553417206,0.17767448723316193,0.1835061013698578,0.9926181492656564,0.9985699143696043,1.0075308275249557,1.0080055756479807,0.05790480324074073,0.056651234567901235,0.06359124228395062,0.06508825231481481,0.0585234375,0.05732735339506173,0.06444020061728395,0.06591194058641975,0.7790543981712916,0.7705063380034411,0.9061032941254292,0.9394518660116917,0.7683635644364027,0.7610858535942545,0.893780320768752,0.9258459850009145,0.7736693587105817,0.7668533897502267,0.899680222694696,0.9325993034049378,,,,,,,,,,,,,,,,,,,,,,,,,,,,,,,,,,,,,,,,,,,,,,,,,,,,,,,,,,,,,,,,,
static,static_01,proposed,frequency,ok,,9,,9,9,,,,,,,,,,,,,,,,,,,,,,,,,,,,,,,,,90.0,90.0,90.0,90.0,0.0,0.0,0.0,0.0,0.0,0.0,0.0,0.0,0.03694578959805865,0.036782723847158395,0.03796658688744125,0.038082355884583696,1452.0,1452.0,1452.0,1452.0,frequency direction and axis regularity after geometric resampling; this is not a moire-suppression measurement,True,300,,,,,,,,,,,,,,,,,,,,,,,,,,,,,,,,,,,,,,,,,,
static,static_01,proposed,geometry,ok,,,,4,4,,,,,,,,,,,,,,,,,,,,,,,,,,,,,,,,,,,,,,,,,,,,,,,,,,,,,,True,,4,300,4,3.43719345331192,3.0105680227279663,4.836419785022735,5.1114821434021,3.269364595413208,2.8879799842834473,4.660964965820312,4.93006706237793,4.635576486587524,4.081989526748657,6.207495021820067,6.5795578956604,0.9957726298166587,0.9962755026584376,0.9966095681362347,0.9966218180897826,0.001815275205987843,0.001634955756036116,0.0031408215352095475,0.0033700960852618422,0.001015183163570894,0.0009196705281326401,0.0017486172554545027,0.001872529240144064,5,4,,,,,,,,,,,,,
static,static_01,proposed,temporal,ok,,,,299,299,,,,,,,,,,,,,,,,,,,,,,,,,,,,,,,,,,,,,,,,,,,,,,,,,,,,,,,,,,,,,,,,,,,,,,,,,,,,,,,,,,,,,frame-to-frame projective motion of the estimated screen quadrilateral,5.162153390110322,4.173444757860677,14.502877959657097,17.171827421511452,0.026958651272075574,0.015171546095672823,0.08784168775667,0.10272708860753531,0.001348902039529766,0.00080867702735965,0.0042924910111003635,0.004452513204370567
static,static_02,frame_wise,detail,ok,,5,True,5,5,0.2003438115119934,0.19810089468955994,0.2118579000234604,0.21213331818580627,0.20269549489021302,0.20256280899047852,0.21637027263641356,0.2175908088684082,0.9887891785363635,0.993875983774173,1.0025319244392277,1.0030507172405474,0.07663667052469136,0.07557773919753086,0.08013368055555556,0.08020254629629629,0.07682802854938273,0.07648582175925926,0.08052430555555556,0.0808396026234568,0.6169398362145668,0.5315726336476985,0.8932884566754291,0.9783204705484498,0.6119503011186556,0.5239059022326467,0.8860964827078228,0.9685615257503176,0.6144264797354584,0.5277114233329198,0.8896720497831929,0.9734165392957516,,,,,,,,,,,,,,,,,,,,,,,,,,,,,,,,,,,,,,,,,,,,,,,,,,,,,,,,,,,,,,,,,
static,static_02,frame_wise,frequency,ok,,9,,9,9,,,,,,,,,,,,,,,,,,,,,,,,,,,,,,,,,89.44444444444444,89.0,90.0,90.0,0.5555555555555556,1.0,1.0,1.0,0.2777777777777778,0.5,0.5,0.5,0.04152339260257312,0.0420606046914654,0.04277284165412404,0.042800416684162915,1452.0,1452.0,1452.0,1452.0,frequency direction and axis regularity after geometric resampling; this is not a moire-suppression measurement,True,300,,,,,,,,,,,,,,,,,,,,,,,,,,,,,,,,,,,,,,,,,,
static,static_02,frame_wise,geometry,ok,,,,4,4,,,,,,,,,,,,,,,,,,,,,,,,,,,,,,,,,,,,,,,,,,,,,,,,,,,,,,True,,4,300,4,33.29982948303223,32.96066856384277,35.4434700012207,35.840328216552734,17.87906837463379,17.769542694091797,19.0298189163208,19.205480575561523,66.5098991394043,65.81585311889648,70.7844985961914,71.58309936523438,0.9803902612916436,0.980229190820954,0.9815741489529493,0.9817322092905338,0.03951675292073409,0.03974007282208181,0.04156532473759082,0.04179962846759744,0.0219946582211197,0.022162309141086765,0.02310362389844232,0.023231288949348096,5,4,,,,,,,,,,,,,
static,static_02,frame_wise,temporal,ok,,,,299,299,,,,,,,,,,,,,,,,,,,,,,,,,,,,,,,,,,,,,,,,,,,,,,,,,,,,,,,,,,,,,,,,,,,,,,,,,,,,,,,,,,,,,frame-to-frame projective motion of the estimated screen quadrilateral,4.705768297986154,2.6954334331625374,14.77666837246047,56.94639823847498,0.034448409704956696,0.019369546806990552,0.14782652818770775,0.46313401795659065,0.005446006229140776,0.001286120800724655,0.05727111297534039,0.10211392159570232
static,static_02,optical_flow,detail,ok,,5,True,5,5,0.20110400319099425,0.19928060472011566,0.21201436817646027,0.21214690804481506,0.20269549489021302,0.20256280899047852,0.21637027263641356,0.2175908088684082,0.992636446075462,0.9949516197208749,1.0081298997594186,1.009383630824241,0.0763106674382716,0.07574652777777778,0.0799657600308642,0.08006655092592592,0.07682802854938273,0.07648582175925926,0.08052430555555556,0.0808396026234568,0.6145906305096928,0.5216411887294761,0.8908221693392546,0.9807189918839139,0.6079550050410787,0.5231934224878784,0.8793779483700634,0.9680484880301141,0.6112457971576771,0.5231640305383181,0.88491073696872,0.9743425493918071,,,,,,,,,,,,,,,,,,,,,,,,,,,,,,,,,,,,,,,,,,,,,,,,,,,,,,,,,,,,,,,,,
static,static_02,optical_flow,frequency,ok,,9,,9,9,,,,,,,,,,,,,,,,,,,,,,,,,,,,,,,,,89.44444444444444,89.0,90.0,90.0,0.5555555555555556,1.0,1.0,1.0,0.2777777777777778,0.5,0.5,0.5,0.04211368670142958,0.041189452273107684,0.04621448441976038,0.04631044424632983,1452.0,1452.0,1452.0,1452.0,frequency direction and axis regularity after geometric resampling; this is not a moire-suppression measurement,True,300,,,,,,,,,,,,,,,,,,,,,,,,,,,,,,,,,,,,,,,,,,
static,static_02,optical_flow,geometry,ok,,,,4,4,,,,,,,,,,,,,,,,,,,,,,,,,,,,,,,,,,,,,,,,,,,,,,,,,,,,,,True,,4,300,4,33.704999923706055,33.74738121032715,35.083071899414065,35.149932861328125,19.003177642822266,18.502554893493652,21.451838493347168,21.907133102416992,66.7710018157959,66.2919807434082,69.75037498474121,70.21065521240234,0.9790837554783243,0.9800581169361979,0.9810764349732806,0.9812006771343921,0.0420531504698724,0.04009359565157633,0.0485065080804275,0.04998161455413319,0.023413303986784588,0.022291591437753243,0.027104228148938005,0.027949719064490515,5,4,,,,,,,,,,,,,
static,static_02,optical_flow,temporal,ok,,,,299,299,,,,,,,,,,,,,,,,,,,,,,,,,,,,,,,,,,,,,,,,,,,,,,,,,,,,,,,,,,,,,,,,,,,,,,,,,,,,,,,,,,,,,frame-to-frame projective motion of the estimated screen quadrilateral,2.755380708770033,2.252670362622148,6.668504426083592,7.998084605473178,0.00888063285173407,0.007419206455103111,0.019610680931570087,0.042744571152955636,0.0008285170969238674,0.00046625198070282536,0.0022939360012132325,0.007878914123116254
static,static_02,proposed,detail,ok,,5,True,5,5,0.20121222734451294,0.19981569051742554,0.21259071826934814,0.213307723402977,0.20269549489021302,0.20256280899047852,0.21637027263641356,0.2175908088684082,0.9932144310619784,0.9916523447782555,1.0104502792439936,1.014861882122782,0.07667968750000001,0.07587046682098765,0.08086400462962963,0.08155526620370371,0.07682802854938273,0.07648582175925926,0.08052430555555556,0.0808396026234568,0.7812442700386256,0.7650019142183196,0.8318836247915719,0.8431995174823934,0.7777840001497982,0.7559058730991085,0.833219706692766,0.8468821027387863,0.7795028892155378,0.7602428901455467,0.8325443159290093,0.8450367980457262,,,,,,,,,,,,,,,,,,,,,,,,,,,,,,,,,,,,,,,,,,,,,,,,,,,,,,,,,,,,,,,,,
static,static_02,proposed,frequency,ok,,9,,9,9,,,,,,,,,,,,,,,,,,,,,,,,,,,,,,,,,90.0,90.0,90.0,90.0,0.0,0.0,0.0,0.0,0.0,0.0,0.0,0.0,0.048189995597945956,0.04825681993976974,0.05013753176566295,0.05025081401891489,1452.0,1452.0,1452.0,1452.0,frequency direction and axis regularity after geometric resampling; this is not a moire-suppression measurement,True,300,,,,,,,,,,,,,,,,,,,,,,,,,,,,,,,,,,,,,,,,,,
static,static_02,proposed,geometry,ok,,,,4,4,,,,,,,,,,,,,,,,,,,,,,,,,,,,,,,,,,,,,,,,,,,,,,,,,,,,,,True,,4,300,4,1.9141537845134735,1.866866946220398,2.098409003019333,2.1307246685028076,1.7713741064071655,1.7366600036621094,1.8695820569992065,1.8925693035125732,2.8130152225494385,2.7087960243225098,3.4270773768424987,3.5130200386047363,0.997949995910165,0.9979645703382822,0.9980515360516382,0.9980557957026177,0.0006020115866823272,0.0006067096932008686,0.0007254243685263394,0.0007319215235870313,0.00033516984200746865,0.0003382113907843127,0.00040379142518155253,0.00040709536055019886,5,4,,,,,,,,,,,,,
static,static_02,proposed,temporal,ok,,,,299,299,,,,,,,,,,,,,,,,,,,,,,,,,,,,,,,,,,,,,,,,,,,,,,,,,,,,,,,,,,,,,,,,,,,,,,,,,,,,,,,,,,,,,frame-to-frame projective motion of the estimated screen quadrilateral,2.6438370692994666,2.2856737654470565,6.170090469915353,6.616474561812461,0.007758288445037944,0.008253160509387314,0.018615496641327455,0.021854898789971485,0.0005421292044297332,0.00038146067403821426,0.0018496776249225407,0.0020862631866791492
static,static_03,frame_wise,detail,ok,,5,True,5,5,0.15114170014858247,0.13529962301254272,0.20085364878177642,0.20499171316623688,0.15259095281362534,0.13941456377506256,0.2040809780359268,0.20733171701431274,0.9952906912505851,0.9887137198216791,1.0373429332294177,1.0446646046939356,0.06027546296296297,0.04317804783950617,0.09181799768518518,0.09269820601851853,0.061629726080246916,0.044702932098765434,0.09434114583333333,0.09518277391975309,0.5261502438689696,0.42626264882614423,0.8803957785615827,0.9652635545870132,0.5104209232178074,0.4118947958919479,0.8545131028667386,0.9397068567945082,0.5181257140534258,0.41895557413716983,0.8672472150467462,0.9523137739461638,,,,,,,,,,,,,,,,,,,,,,,,,,,,,,,,,,,,,,,,,,,,,,,,,,,,,,,,,,,,,,,,,
static,static_03,frame_wise,frequency,ok,,9,,9,9,,,,,,,,,,,,,,,,,,,,,,,,,,,,,,,,,89.44444444444444,89.0,90.0,90.0,0.5555555555555556,1.0,1.0,1.0,0.2777777777777778,0.5,0.5,0.5,0.09055515369567556,0.08866490690917005,0.09917524911158247,0.09980928884955813,1452.0,1452.0,1452.0,1452.0,frequency direction and axis regularity after geometric resampling; this is not a moire-suppression measurement,True,300,,,,,,,,,,,,,,,,,,,,,,,,,,,,,,,,,,,,,,,,,,
static,static_03,frame_wise,geometry,ok,,,,4,4,,,,,,,,,,,,,,,,,,,,,,,,,,,,,,,,,,,,,,,,,,,,,,,,,,,,,,True,,4,300,4,54.58325529098511,33.02727699279785,108.61973247528073,121.95021057128906,44.399776458740234,20.784496307373047,104.71646213531491,119.26942443847656,85.01323127746582,63.46898651123047,139.57933959960934,152.60302734375,0.9583444966337946,0.9764802645524979,0.9807166692930575,0.9811088164124819,0.028473497436570794,0.02974941341737558,0.042503251773602785,0.04354196225859397,0.015866806232036335,0.016674304266591423,0.02350247128310068,0.024039086025380255,5,4,,,,,,,,,,,,,
static,static_03,frame_wise,temporal,ok,,,,299,299,,,,,,,,,,,,,,,,,,,,,,,,,,,,,,,,,,,,,,,,,,,,,,,,,,,,,,,,,,,,,,,,,,,,,,,,,,,,,,,,,,,,,frame-to-frame projective motion of the estimated screen quadrilateral,3.798693629485229,1.1035041547076827,13.664592462553776,284.6208903383327,0.02485422252828313,0.001774826525475732,0.11028864557563119,0.6325983305648974,0.0016262198721862281,0.00010682793294114479,0.006569746685057665,0.01641833180263763
static,static_03,optical_flow,detail,ok,,5,True,5,5,0.15002198666334152,0.13498014211654663,0.19756574034690857,0.20092324912548065,0.15259095281362534,0.13941456377506256,0.2040809780359268,0.20733171701431274,0.9888633177198688,0.9690907499290632,1.0344244919190422,1.0429189347876333,0.05989313271604938,0.04313078703703704,0.0903293788580247,0.0908569637345679,0.061629726080246916,0.044702932098765434,0.09434114583333333,0.09518277391975309,0.6278391819024127,0.49860235252023793,0.9649404398043253,0.9654350547474184,0.6079975359959853,0.476881418831449,0.9347317527570432,0.9387950913090726,0.61771922438906,0.4875000574803528,0.9495818461006335,0.9519287279970353,,,,,,,,,,,,,,,,,,,,,,,,,,,,,,,,,,,,,,,,,,,,,,,,,,,,,,,,,,,,,,,,,
static,static_03,optical_flow,frequency,ok,,9,,9,9,,,,,,,,,,,,,,,,,,,,,,,,,,,,,,,,,89.55555555555556,90.0,90.0,90.0,0.4444444444444444,0.0,1.0,1.0,0.2222222222222222,0.0,0.5,0.5,0.09244142234746683,0.08801439896157369,0.10170308569535087,0.10260826884764655,1452.0,1452.0,1452.0,1452.0,frequency direction and axis regularity after geometric resampling; this is not a moire-suppression measurement,True,300,,,,,,,,,,,,,,,,,,,,,,,,,,,,,,,,,,,,,,,,,,
static,static_03,optical_flow,geometry,ok,,,,4,4,,,,,,,,,,,,,,,,,,,,,,,,,,,,,,,,,,,,,,,,,,,,,,,,,,,,,,True,,4,300,4,21.629860162734985,25.2052001953125,34.58540019989014,34.946014404296875,13.021542489528656,14.906225681304932,20.840162563323975,21.11924934387207,42.09370368719101,48.640316009521484,68.54729118347167,69.74398040771484,0.9853473446987142,0.9835524141042966,0.9973637075665583,0.9988858781104127,0.022005230808477105,0.02256551388011452,0.04002810709857908,0.04276098081036639,0.01228901967798323,0.012594544847222892,0.022383858771680747,0.0238947761619657,5,4,,,,,,,,,,,,,
static,static_03,optical_flow,temporal,ok,,,,299,299,,,,,,,,,,,,,,,,,,,,,,,,,,,,,,,,,,,,,,,,,,,,,,,,,,,,,,,,,,,,,,,,,,,,,,,,,,,,,,,,,,,,,frame-to-frame projective motion of the estimated screen quadrilateral,3.579650079016723,2.2257385943197834,13.504549025348657,15.78190525741837,0.021185010468670183,0.010416603888407457,0.10113269702123287,0.11294516997154948,0.001230830064803682,0.0007633670477644738,0.005154126746297749,0.006080709476420476
static,static_03,proposed,detail,ok,,5,True,5,5,0.14766436517238618,0.1359454244375229,0.18684674203395843,0.187272310256958,0.15259095281362534,0.13941456377506256,0.2040809780359268,0.20733171701431274,0.9780042593378973,0.9751163777757327,1.0260466303044513,1.0291749635406127,0.058138310185185185,0.04399691358024691,0.0867854938271605,0.08826822916666667,0.061629726080246916,0.044702932098765434,0.09434114583333333,0.09518277391975309,0.8937313193450318,0.9237219396702911,0.9439703543309079,0.945759274722653,0.8580350412895491,0.8533552987206878,0.9127237172600939,0.9149725675210051,0.8747900937233375,0.8732348555180239,0.9233349948881863,0.9257648047064746,,,,,,,,,,,,,,,,,,,,,,,,,,,,,,,,,,,,,,,,,,,,,,,,,,,,,,,,,,,,,,,,,
static,static_03,proposed,frequency,ok,,9,,9,9,,,,,,,,,,,,,,,,,,,,,,,,,,,,,,,,,90.0,90.0,90.0,90.0,0.0,0.0,0.0,0.0,0.0,0.0,0.0,0.0,0.10626399480065318,0.10692574439277991,0.10833616607660612,0.10838605069451916,1452.0,1452.0,1452.0,1452.0,frequency direction and axis regularity after geometric resampling; this is not a moire-suppression measurement,True,300,,,,,,,,,,,,,,,,,,,,,,,,,,,,,,,,,,,,,,,,,,
static,static_03,proposed,geometry,ok,,,,4,4,,,,,,,,,,,,,,,,,,,,,,,,,,,,,,,,,,,,,,,,,,,,,,,,,,,,,,True,,4,300,4,2.621395707130432,1.925931453704834,4.975860476493835,5.412003040313721,2.4222852289676666,1.740479588508606,4.6438780307769765,5.060662269592285,3.628082811832428,2.81137216091156,6.820549678802489,7.44234037399292,0.9979910219137633,0.9985694886598104,0.9988850213181966,0.9988892635379862,0.0009798868598675514,0.0008967998602249505,0.0018219760791812975,0.0019629007894645945,0.0005474496934000024,0.0005008000861543198,0.0010187935849907922,0.0010968662108197412,5,4,,,,,,,,,,,,,
static,static_03,proposed,temporal,ok,,,,299,299,,,,,,,,,,,,,,,,,,,,,,,,,,,,,,,,,,,,,,,,,,,,,,,,,,,,,,,,,,,,,,,,,,,,,,,,,,,,,,,,,,,,,frame-to-frame projective motion of the estimated screen quadrilateral,3.4257902214153537,2.097003047075257,14.03236448746339,15.490784659598933,0.021200243298193835,0.012344294501378732,0.1052142234611337,0.11576209381072457,0.001242284627026299,0.0006655228528762436,0.00559687435442152,0.006062779991866107
static,static_04,frame_wise,detail,ok,,5,True,5,5,0.15000148266553878,0.13833042979240417,0.19462584853172302,0.19985778629779816,0.1403723731637001,0.13408520817756653,0.16232285499572754,0.16254660487174988,1.0580034262430478,1.0316606259000305,1.198835287534811,1.2295414380108831,0.05802989969135802,0.0551075424382716,0.0664074074074074,0.0683839699074074,0.05568084490740741,0.054666763117283954,0.058047260802469136,0.05827256944444444,0.41629994190396546,0.29715325848202956,0.8655708933978175,0.9801325675448456,0.42299671143840056,0.3031300896218439,0.8698016920868785,0.9877148126041212,0.419346479152171,0.300111919344775,0.8676641557429776,0.9839090826306544,,,,,,,,,,,,,,,,,,,,,,,,,,,,,,,,,,,,,,,,,,,,,,,,,,,,,,,,,,,,,,,,,
static,static_04,frame_wise,frequency,ok,,9,,9,9,,,,,,,,,,,,,,,,,,,,,,,,,,,,,,,,,87.55555555555556,89.0,90.0,90.0,2.4444444444444446,1.0,8.199999999999998,11.0,2.111111111111111,1.0,6.1,6.5,0.07491082917895858,0.0775720120564362,0.08185216781402715,0.08209662896610513,1452.0,1452.0,1452.0,1452.0,frequency direction and axis regularity after geometric resampling; this is not a moire-suppression measurement,True,296,,,,,,,,,,,,,,,,,,,,,,,,,,,,,,,,,,,,,,,,,,
static,static_04,frame_wise,geometry,ok,,,,4,4,,,,,,,,,,,,,,,,,,,,,,,,,,,,,,,,,,,,,,,,,,,,,,,,,,,,,,True,,4,296,4,250.8488712310791,171.0812759399414,568.0617523193358,628.4398193359375,211.38965129852295,151.444091796875,474.99243011474596,524.322265625,381.3144836425781,228.60047149658203,896.2157699584958,1002.640380859375,0.8053293519638742,0.8611369916907914,0.9719360587269816,0.9810847875169649,0.09637544601991571,0.09141117800841125,0.16120922082678052,0.16621913073126993,0.053356245837082414,0.05062028630118499,0.08917334970595722,0.09197368281278852,5,4,,,,,,,,,,,,,
static,static_04,frame_wise,temporal,ok,,,,295,295,,,,,,,,,,,,,,,,,,,,,,,,,,,,,,,,,,,,,,,,,,,,,,,,,,,,,,,,,,,,,,,,,,,,,,,,,,,,,,,,,,,,,frame-to-frame projective motion of the estimated screen quadrilateral,5.0694409995904355,3.10577995648451e-14,11.851681812534398,671.4572207399684,0.027247128367600168,5.433693419221457e-16,0.04954951947151256,3.1205651607616187,0.00424066194893556,0.0,0.005255044051125848,0.37383576615368963
static,static_04,optical_flow,detail,ok,,5,True,5,5,0.14028844237327576,0.13302689790725708,0.16513451039791108,0.16592912375926971,0.1403723731637001,0.13408520817756653,0.16232285499572754,0.16254660487174988,0.9979847667910942,0.9936536489443973,1.0173020379428348,1.0208095326887243,0.054879243827160494,0.05467158564814815,0.05709500385802469,0.057648051697530865,0.05568084490740741,0.054666763117283954,0.058047260802469136,0.05827256944444444,0.6935954188410978,0.9142556930379173,0.986507892356254,0.988273044986101,0.6845972926311122,0.8885732685233377,0.9846829873830466,0.9862181400279735,0.6890226810606962,0.9012315496920411,0.9855945426110592,0.9872445232101928,,,,,,,,,,,,,,,,,,,,,,,,,,,,,,,,,,,,,,,,,,,,,,,,,,,,,,,,,,,,,,,,,
static,static_04,optical_flow,frequency,ok,,9,,9,9,,,,,,,,,,,,,,,,,,,,,,,,,,,,,,,,,89.55555555555556,90.0,90.0,90.0,0.4444444444444444,0.0,1.0,1.0,0.2222222222222222,0.0,0.5,0.5,0.07525919767690724,0.07682899491449816,0.08134006050235576,0.08372684399902962,1452.2222222222222,1452.0,1453.2,1454.0,frequency direction and axis regularity after geometric resampling; this is not a moire-suppression measurement,True,296,,,,,,,,,,,,,,,,,,,,,,,,,,,,,,,,,,,,,,,,,,
static,static_04,optical_flow,geometry,ok,,,,4,4,,,,,,,,,,,,,,,,,,,,,,,,,,,,,,,,,,,,,,,,,,,,,,,,,,,,,,True,,4,296,4,46.32094568014145,30.164092659950256,112.75061969757078,122.62334442138672,42.196716636419296,27.392715573310852,103.06073951721189,112.05504608154297,71.04665476083755,44.23843741416931,175.72514381408686,192.20936584472656,0.95068004399992,0.9679319147227381,0.9982022139459786,0.9984150929592115,0.037928558482782815,0.03795513571705389,0.07468518380166073,0.0750159789544953,0.020962200244513923,0.02100317552882504,0.04123510916545996,0.041402214376550006,5,4,,,,,,,,,,,,,
static,static_04,optical_flow,temporal,ok,,,,295,295,,,,,,,,,,,,,,,,,,,,,,,,,,,,,,,,,,,,,,,,,,,,,,,,,,,,,,,,,,,,,,,,,,,,,,,,,,,,,,,,,,,,,frame-to-frame projective motion of the estimated screen quadrilateral,4.503070334350051,3.5503795360343986,9.700827301214419,53.97341518008041,0.02164305042257997,0.017791507999909875,0.04955086111302125,0.15303666674053043,0.0014171283220440502,0.0009523518180319934,0.003267400430393441,0.03028638726231858
static,static_04,proposed,detail,ok,,5,True,5,5,0.1369068890810013,0.13252532482147217,0.15737678706645966,0.15849745273590088,0.1403723731637001,0.13408520817756653,0.16232285499572754,0.16254660487174988,0.976857836757889,0.9847597569083274,0.9888234716120851,0.9889377202703284,0.05454851466049383,0.05432002314814815,0.056096450617283945,0.056332947530864194,0.05568084490740741,0.054666763117283954,0.058047260802469136,0.05827256944444444,0.8574757406252201,0.8492278190596857,0.8750502873869198,0.8761164083169091,0.8405535330906,0.8349508008573985,0.8735070374781093,0.8762114968716903,0.848859967757658,0.8420287958164143,0.8742748786588472,0.8761639500143507,,,,,,,,,,,,,,,,,,,,,,,,,,,,,,,,,,,,,,,,,,,,,,,,,,,,,,,,,,,,,,,,,
static,static_04,proposed,frequency,ok,,9,,9,9,,,,,,,,,,,,,,,,,,,,,,,,,,,,,,,,,90.0,90.0,90.0,90.0,0.0,0.0,0.0,0.0,0.0,0.0,0.0,0.0,0.07814123085678479,0.07767547356472558,0.08072021008953169,0.08082542058621851,1452.0,1452.0,1452.0,1452.0,frequency direction and axis regularity after geometric resampling; this is not a moire-suppression measurement,True,296,,,,,,,,,,,,,,,,,,,,,,,,,,,,,,,,,,,,,,,,,,
static,static_04,proposed,geometry,ok,,,,4,4,,,,,,,,,,,,,,,,,,,,,,,,,,,,,,,,,,,,,,,,,,,,,,,,,,,,,,True,,4,296,4,2.632653921842575,2.66512131690979,3.3263790249824523,3.3771278858184814,2.5024037659168243,2.5624905824661255,3.108480191230774,3.129539966583252,3.5752097964286804,3.4174822568893433,4.982035040855407,5.180337905883789,0.9979896319463203,0.997962426730205,0.9987431231750536,0.9988805510814942,0.001276887511572733,0.0005063411366387216,0.0035218853821797447,0.003990628648763428,0.0007076709792621905,0.0002823878747791976,0.0019494532308690642,0.0022081261762725993,5,4,,,,,,,,,,,,,
static,static_04,proposed,temporal,ok,,,,295,295,,,,,,,,,,,,,,,,,,,,,,,,,,,,,,,,,,,,,,,,,,,,,,,,,,,,,,,,,,,,,,,,,,,,,,,,,,,,,,,,,,,,,frame-to-frame projective motion of the estimated screen quadrilateral,3.9308170919113685,3.1378908030973443,9.22485197954115,11.345649476078416,0.01950423587461394,0.01695635819027,0.04307421570312837,0.0548502661462387,0.0009385031328961274,0.0008348978198428059,0.0026038290804050418,0.0032686340387234614
static,static_05,frame_wise,detail,ok,,5,True,5,5,0.08644538000226021,0.07253250479698181,0.12965255230665207,0.13573521375656128,0.08852951154112816,0.07340341806411743,0.1347055047750473,0.14094261825084686,0.982326957801955,0.9881352491463696,1.0036167654904857,1.0057428542173983,0.041523533950617295,0.033236400462962966,0.07138599537037037,0.07810185185185185,0.04309567901234568,0.03382137345679012,0.07588686342592592,0.08309702932098766,0.59478260605646,0.47316414921864797,0.9020767393951585,0.9560234830267975,0.5791412308409554,0.47627331318085897,0.8569643402454001,0.9078878581313106,0.5867493011727266,0.47471364034283725,0.8789419061977319,0.9313341178439762,,,,,,,,,,,,,,,,,,,,,,,,,,,,,,,,,,,,,,,,,,,,,,,,,,,,,,,,,,,,,,,,,
static,static_05,frame_wise,frequency,ok,,9,,9,9,,,,,,,,,,,,,,,,,,,,,,,,,,,,,,,,,89.11111111111111,89.0,89.6,90.0,0.8888888888888888,1.0,1.0,1.0,0.4444444444444444,0.5,0.5,0.5,0.04400656210668774,0.04438761485775759,0.04610089687996828,0.04650676673065661,1452.0,1452.0,1452.0,1452.0,frequency direction and axis regularity after geometric resampling; this is not a moire-suppression measurement,True,300,,,,,,,,,,,,,,,,,,,,,,,,,,,,,,,,,,,,,,,,,,
static,static_05,frame_wise,geometry,ok,,,,4,4,,,,,,,,,,,,,,,,,,,,,,,,,,,,,,,,,,,,,,,,,,,,,,,,,,,,,,True,,4,300,4,26.732105255126953,26.23740005493164,29.945322513580322,30.295307159423828,15.544245719909668,15.04745101928711,18.34161558151245,18.86341094970703,53.02275466918945,52.375627517700195,58.89458751678467,59.44160079956055,0.9807293474582175,0.9805526054785745,0.9824436117668468,0.9826115028705379,0.03481266587264614,0.03523720323113111,0.03838916380138002,0.038910245425325174,0.0195323719089422,0.01974181849526436,0.0215147984363088,0.02182649408192427,5,4,,,,,,,,,,,,,
static,static_05,frame_wise,temporal,ok,,,,299,299,,,,,,,,,,,,,,,,,,,,,,,,,,,,,,,,,,,,,,,,,,,,,,,,,,,,,,,,,,,,,,,,,,,,,,,,,,,,,,,,,,,,,frame-to-frame projective motion of the estimated screen quadrilateral,6.352345470703724,5.162323775416706,16.98247453142691,40.26479356544376,0.037146567779123445,0.025863563957634055,0.11241397276165115,0.531341595672586,0.003704960610878464,0.0018861744516480705,0.008827523310911252,0.11713903788304347
static,static_05,optical_flow,detail,ok,,5,True,5,5,0.08652927502989768,0.07336817681789398,0.12950823009014129,0.13562750816345215,0.08852951154112816,0.07340341806411743,0.1347055047750473,0.14094261825084686,0.9839638348470079,0.9990492612141344,1.0015194250808805,1.0020193072543655,0.04192062114197531,0.03401765046296296,0.07242515432098764,0.0792163387345679,0.04309567901234568,0.03382137345679012,0.07588686342592592,0.08309702932098766,0.6097432838162137,0.44787989622761876,0.9210675900894744,0.950315390188808,0.5974426209167412,0.4545713796840244,0.8888306090469937,0.9178617190302906,0.6034614659296337,0.4512008299955236,0.9046611762781052,0.9338066646413906,,,,,,,,,,,,,,,,,,,,,,,,,,,,,,,,,,,,,,,,,,,,,,,,,,,,,,,,,,,,,,,,,
static,static_05,optical_flow,frequency,ok,,9,,9,9,,,,,,,,,,,,,,,,,,,,,,,,,,,,,,,,,89.0,89.0,89.6,90.0,1.0,1.0,1.5999999999999996,2.0,0.5,0.5,0.7999999999999998,1.0,0.043434858618308994,0.044077426464464164,0.04559047087884301,0.04589913407282149,1452.0,1452.0,1452.0,1452.0,frequency direction and axis regularity after geometric resampling; this is not a moire-suppression measurement,True,300,,,,,,,,,,,,,,,,,,,,,,,,,,,,,,,,,,,,,,,,,,
static,static_05,optical_flow,geometry,ok,,,,4,4,,,,,,,,,,,,,,,,,,,,,,,,,,,,,,,,,,,,,,,,,,,,,,,,,,,,,,True,,4,300,4,25.786438465118408,25.71629047393799,27.08146114349365,27.27340316772461,15.001847267150879,15.308803081512451,15.645270013809204,15.674528121948242,51.27492141723633,51.03631019592285,53.890670204162596,54.30817413330078,0.9809974965730195,0.981322962678179,0.9819912918594024,0.9820074791609328,0.029167764904775628,0.03475629962712523,0.039283358435238634,0.039870661854117806,0.01635589580778466,0.019477074396885265,0.022050277854896445,0.022365234541412135,5,4,,,,,,,,,,,,,
static,static_05,optical_flow,temporal,ok,,,,299,299,,,,,,,,,,,,,,,,,,,,,,,,,,,,,,,,,,,,,,,,,,,,,,,,,,,,,,,,,,,,,,,,,,,,,,,,,,,,,,,,,,,,,frame-to-frame projective motion of the estimated screen quadrilateral,5.843685932753567,4.402386235305526,13.484988437348782,17.865607856944976,0.02547945717848481,0.02612843356596852,0.05331818221616792,0.060088371297526415,0.0022778304703780796,0.002063134557169999,0.004372955719367977,0.008520324214700059
static,static_05,proposed,detail,ok,,5,True,5,5,0.08396094068884849,0.07166174799203873,0.12327654808759689,0.12793107330799103,0.08852951154112816,0.07340341806411743,0.1347055047750473,0.14094261825084686,0.9572507585139587,0.9685066093385637,0.9794514259796163,0.9802461250167755,0.03925993441358025,0.03318721064814815,0.06318499228395061,0.06739535108024691,0.04309567901234568,0.03382137345679012,0.07588686342592592,0.08309702932098766,0.8592244850741808,0.9072093071656018,0.9428731227564715,0.9465048550636489,0.8080451517453049,0.7879577505658406,0.9062178324834306,0.9105258655107512,0.8320052893167343,0.8599849129926027,0.9150807572767581,0.9193496819973959,,,,,,,,,,,,,,,,,,,,,,,,,,,,,,,,,,,,,,,,,,,,,,,,,,,,,,,,,,,,,,,,,
static,static_05,proposed,frequency,ok,,9,,9,9,,,,,,,,,,,,,,,,,,,,,,,,,,,,,,,,,90.0,90.0,90.0,90.0,0.0,0.0,0.0,0.0,0.0,0.0,0.0,0.0,0.04585389009652162,0.045931240776879045,0.048480286633619155,0.04938981505288749,1452.0,1452.0,1452.0,1452.0,frequency direction and axis regularity after geometric resampling; this is not a moire-suppression measurement,True,300,,,,,,,,,,,,,,,,,,,,,,,,,,,,,,,,,,,,,,,,,,
static,static_05,proposed,geometry,ok,,,,4,4,,,,,,,,,,,,,,,,,,,,,,,,,,,,,,,,,,,,,,,,,,,,,,,,,,,,,,True,,4,300,4,4.1175607442855835,3.8585586547851562,5.318405628204345,5.564663887023926,3.806043326854706,3.5790222883224487,4.96359828710556,5.200296401977539,5.862681984901428,5.308424949645996,8.033641266822814,8.45084285736084,0.9949833993172497,0.9955597767610711,0.9968943511610568,0.9970558202822091,0.002106500960554092,0.0021619125674241513,0.002500865428069454,0.0025345082404557573,0.0011825583795018898,0.0012117611748416817,0.0014085515476135661,0.0014273348037074204,5,4,,,,,,,,,,,,,
static,static_05,proposed,temporal,ok,,,,299,299,,,,,,,,,,,,,,,,,,,,,,,,,,,,,,,,,,,,,,,,,,,,,,,,,,,,,,,,,,,,,,,,,,,,,,,,,,,,,,,,,,,,,frame-to-frame projective motion of the estimated screen quadrilateral,5.7638057111083345,4.3666213934046,13.910901456786851,16.925535086769234,0.026301350767092772,0.025949737827337543,0.05408046394529614,0.06517377964958754,0.0022251943996885273,0.002178255491557257,0.004116673944653304,0.004454183778306864
static,static_06,frame_wise,detail,ok,,5,True,5,5,0.15944892317056655,0.16849879920482635,0.1751241832971573,0.1760026514530182,0.1372225597500801,0.13799528777599335,0.15098732709884644,0.15258397161960602,1.1592756860702216,1.1652692005516905,1.259462108454672,1.2634287754705096,0.06756114969135803,0.0779369212962963,0.09096305941358024,0.09149980709876543,0.047554687500000005,0.04908227237654321,0.054143711419753084,0.05500868055555556,0.3584004251437449,0.21533320957861518,0.8374063861662144,0.9896280007330035,0.4017375742007845,0.30179706613478485,0.8237571205501988,0.9530251034223393,0.3758620359334252,0.25133678666390585,0.8283861736163074,0.9709817215753369,,,,,,,,,,,,,,,,,,,,,,,,,,,,,,,,,,,,,,,,,,,,,,,,,,,,,,,,,,,,,,,,,
static,static_06,frame_wise,frequency,ok,,9,,9,9,,,,,,,,,,,,,,,,,,,,,,,,,,,,,,,,,82.0,80.0,89.0,89.0,8.0,10.0,14.799999999999997,18.0,4.444444444444445,5.0,7.399999999999999,9.0,0.06262969958906145,0.06206841726674532,0.06848085578246482,0.06852839667341669,1452.0,1452.0,1452.0,1452.0,frequency direction and axis regularity after geometric resampling; this is not a moire-suppression measurement,True,300,,,,,,,,,,,,,,,,,,,,,,,,,,,,,,,,,,,,,,,,,,
static,static_06,frame_wise,geometry,ok,,,,4,4,,,,,,,,,,,,,,,,,,,,,,,,,,,,,,,,,,,,,,,,,,,,,,,,,,,,,,True,,4,300,4,571.3051528930664,563.5031433105469,653.6394104003906,659.8328247070312,468.334716796875,450.30006408691406,561.5695587158202,576.6632080078125,966.8450012207031,1005.1822509765625,1123.0518859863282,1126.2835693359375,0.5483526628035496,0.5522522361527695,0.5893682688092413,0.5919728734576027,0.37921321918627815,0.40056976485315643,0.453905139968312,0.4626362262932109,0.21133622965986731,0.22339338223235927,0.25303045061126195,0.2577958788888852,5,4,,,,,,,,,,,,,
static,static_06,frame_wise,temporal,ok,,,,299,299,,,,,,,,,,,,,,,,,,,,,,,,,,,,,,,,,,,,,,,,,,,,,,,,,,,,,,,,,,,,,,,,,,,,,,,,,,,,,,,,,,,,,frame-to-frame projective motion of the estimated screen quadrilateral,3.788097098254206,7.686693292272784e-14,2.4248015257793345e-13,632.2316982925207,0.10291215419529874,6.1219974202419974e-15,8.032042302893021e-15,14.145174923555784,0.0034567448911959515,1.1102230246251565e-16,2.331468351712791e-16,0.3011848277919591
static,static_06,optical_flow,detail,ok,,5,True,5,5,0.1371530756354332,0.1409681886434555,0.1513209044933319,0.15246230363845825,0.1372225597500801,0.13799528777599335,0.15098732709884644,0.15258397161960602,0.9985311398443244,0.9992026162390695,1.0202148071369193,1.0215434955452105,0.05028288966049384,0.05406780478395062,0.061791570216049384,0.06248456790123457,0.047554687500000005,0.04908227237654321,0.054143711419753084,0.05500868055555556,0.4572600077335124,0.35160112107073693,0.8702048767726527,0.9887578865313877,0.4511604727894599,0.36767588346115054,0.8448842103296728,0.9534716998871756,0.45379232035242784,0.3594588788494574,0.8572618958382254,0.9707942556743279,,,,,,,,,,,,,,,,,,,,,,,,,,,,,,,,,,,,,,,,,,,,,,,,,,,,,,,,,,,,,,,,,
static,static_06,optical_flow,frequency,ok,,9,,9,9,,,,,,,,,,,,,,,,,,,,,,,,,,,,,,,,,90.0,90.0,90.0,90.0,0.0,0.0,0.0,0.0,0.0,0.0,0.0,0.0,0.07155788201650977,0.06875993818337749,0.0809323635527799,0.0847797362301406,1452.0,1452.0,1452.0,1452.0,frequency direction and axis regularity after geometric resampling; this is not a moire-suppression measurement,True,300,,,,,,,,,,,,,,,,,,,,,,,,,,,,,,,,,,,,,,,,,,
static,static_06,optical_flow,geometry,ok,,,,4,4,,,,,,,,,,,,,,,,,,,,,,,,,,,,,,,,,,,,,,,,,,,,,,,,,,,,,,True,,4,300,4,232.79774856567383,239.35259246826172,256.59119720458983,256.96734619140625,191.74382400512695,196.47734832763672,209.03231887817384,209.3216552734375,373.8887405395508,388.1588592529297,424.2323272705078,425.17327880859375,0.7904209197118457,0.7831939985967911,0.8183685433413532,0.8228433674192888,0.17549404816292868,0.17904658959444442,0.1878772419652465,0.18793902217485847,0.09778898157921934,0.09961197548040884,0.10493288597670553,0.10503493615610074,5,4,,,,,,,,,,,,,
static,static_06,optical_flow,temporal,ok,,,,299,299,,,,,,,,,,,,,,,,,,,,,,,,,,,,,,,,,,,,,,,,,,,,,,,,,,,,,,,,,,,,,,,,,,,,,,,,,,,,,,,,,,,,,frame-to-frame projective motion of the estimated screen quadrilateral,2.9431810104892064,1.8833840651097455,4.884662202384276,49.89607931342258,0.01534253816705765,0.008717039877809975,0.018469791369303764,0.7875552968982965,0.0006907398868598906,0.00037986402222300875,0.0012226719311024684,0.01589979501847605
static,static_06,proposed,detail,ok,,5,True,5,5,0.13175662159919738,0.13063928484916687,0.14349720776081085,0.14453372359275818,0.1372225597500801,0.13799528777599335,0.15098732709884644,0.15258397161960602,0.9608785922014057,0.9636958686693065,0.9739747038111881,0.9743702589798152,0.04443161651234569,0.0444507137345679,0.04840962577160494,0.048824266975308644,0.047554687500000005,0.04908227237654321,0.054143711419753084,0.05500868055555556,0.8667367964194161,0.8816696627881709,0.8890154403782599,0.8904234428737265,0.8101796862605066,0.7901215086002841,0.8664065014590533,0.8758814403911245,0.8370205077953253,0.8333889734215211,0.8718933349375743,0.8796164401178416,,,,,,,,,,,,,,,,,,,,,,,,,,,,,,,,,,,,,,,,,,,,,,,,,,,,,,,,,,,,,,,,,
static,static_06,proposed,frequency,ok,,9,,9,9,,,,,,,,,,,,,,,,,,,,,,,,,,,,,,,,,90.0,90.0,90.0,90.0,0.0,0.0,0.0,0.0,0.0,0.0,0.0,0.0,0.08687644813722059,0.08667156884987644,0.08778510423576096,0.08785316166984454,1452.0,1452.0,1452.0,1452.0,frequency direction and axis regularity after geometric resampling; this is not a moire-suppression measurement,True,300,,,,,,,,,,,,,,,,,,,,,,,,,,,,,,,,,,,,,,,,,,
static,static_06,proposed,geometry,ok,,,,4,4,,,,,,,,,,,,,,,,,,,,,,,,,,,,,,,,,,,,,,,,,,,,,,,,,,,,,,True,,4,300,4,2.6079452633857727,2.5651074647903442,3.2025829195976256,3.2941882610321045,2.344973146915436,2.276860237121582,2.958763813972473,3.049954414367676,4.018032133579254,4.220756530761719,4.88756034374237,4.98653507232666,0.997699805094259,0.997801550079269,0.997983008147685,0.9980103065132625,0.0015441864454981413,0.0014494747452599155,0.0030135654816373144,0.0031980195803917866,0.000859821317957132,0.0008063299135266813,0.0016789523288866894,0.0017820400167029961,5,4,,,,,,,,,,,,,
static,static_06,proposed,temporal,ok,,,,299,299,,,,,,,,,,,,,,,,,,,,,,,,,,,,,,,,,,,,,,,,,,,,,,,,,,,,,,,,,,,,,,,,,,,,,,,,,,,,,,,,,,,,,frame-to-frame projective motion of the estimated screen quadrilateral,2.05524288364456,1.8112461210963064,4.437008184585792,4.820745865289944,0.00800903861298145,0.009657122190216817,0.01272741617064473,0.013811648824529572,0.00039812520752205324,0.000268784174562553,0.001074997043557413,0.0011743019070847849
static,static_07,frame_wise,detail,ok,,4,True,4,4,0.13191340491175652,0.13978810608386993,0.16568331196904182,0.16756752133369446,0.1297312844544649,0.1323486641049385,0.15677255019545555,0.15900936722755432,1.0040372330191962,1.0038713410418276,1.1433840944048224,1.1628779664708175,0.05340735918209877,0.05088107638888889,0.08061135223765431,0.08405912422839507,0.044951774691358026,0.04345654899691358,0.058206428433641974,0.060404128086419755,0.37665563856298284,0.22239131284663127,0.8539364649526432,0.9532781124894388,0.3995164581768808,0.27370580012149687,0.8567541920511718,0.9569195394957446,0.3846371046064228,0.24142408921916175,0.8553419358813734,0.9550953551500252,,,,,,,,,,,,,,,,,,,,,,,,,,,,,,,,,,,,,,,,,,,,,,,,,,,,,,,,,,,,,,,,,
static,static_07,frame_wise,frequency,ok,,9,,9,9,,,,,,,,,,,,,,,,,,,,,,,,,,,,,,,,,88.33333333333333,89.0,90.0,90.0,1.6666666666666667,1.0,4.6,5.0,0.8333333333333334,0.5,2.3,2.5,0.0768100876187347,0.0744237758371795,0.09162586860023259,0.0935645416150307,1452.0,1452.0,1452.0,1452.0,frequency direction and axis regularity after geometric resampling; this is not a moire-suppression measurement,True,300,,,,,,,,,,,,,,,,,,,,,,,,,,,,,,,,,,,,,,,,,,
static,static_07,frame_wise,geometry,ok,,,,3,3,,,,,,,,,,,,,,,,,,,,,,,,,,,,,,,,,,,,,,,,,,,,,,,,,,,,,,True,,3,300,3,426.50135294596356,542.9070434570312,575.9672668457031,579.640625,384.11725362141925,488.29833984375,520.2915710449219,523.8463745117188,580.0279541015625,697.8392333984375,801.6952453613281,813.2348022460938,0.6258052523817563,0.49876971686665467,0.8472524565748958,0.8859727609869226,0.3882796528606464,0.5636527955747022,0.5795276339567202,0.5812915048880556,0.22021732253334989,0.3179481528310389,0.33010990668789814,0.33146121267199363,4,3,,,,,,,,,,,,,
static,static_07,frame_wise,temporal,ok,,,,299,299,,,,,,,,,,,,,,,,,,,,,,,,,,,,,,,,,,,,,,,,,,,,,,,,,,,,,,,,,,,,,,,,,,,,,,,,,,,,,,,,,,,,,frame-to-frame projective motion of the estimated screen quadrilateral,5.50088785755836,3.696017554911399e-14,4.355155343356329e-13,781.0167162942286,0.037627052580027735,8.827112674679962e-16,9.832765858155597e-15,8.300010513606042,0.0015984462071953636,0.0,4.440892098500626e-16,0.18185810698866223
static,static_07,optical_flow,detail,ok,,4,True,4,4,0.12588762864470482,0.12824655324220657,0.15232177302241326,0.15498337149620056,0.1297312844544649,0.1323486641049385,0.15677255019545555,0.15900936722755432,0.970725491116965,0.9708288442907278,0.9867129225961597,0.9888362447416602,0.044726683063271606,0.04385561342592592,0.05871424093364197,0.060706500771604936,0.044951774691358026,0.04345654899691358,0.058206428433641974,0.060404128086419755,0.631713174703208,0.6377958244254228,0.97232170794146,0.9757715051832699,0.6203264087188237,0.6356791388698947,0.9513892121016773,0.9521212895396555,0.6258933989472502,0.637956903208682,0.959967361982027,0.9612944914280187,,,,,,,,,,,,,,,,,,,,,,,,,,,,,,,,,,,,,,,,,,,,,,,,,,,,,,,,,,,,,,,,,
static,static_07,optical_flow,frequency,ok,,9,,9,9,,,,,,,,,,,,,,,,,,,,,,,,,,,,,,,,,89.66666666666667,90.0,90.0,90.0,0.3333333333333333,0.0,1.0,1.0,0.16666666666666666,0.0,0.5,0.5,0.08403675149403336,0.08334642536148179,0.08689963674197639,0.08695736934605959,1452.0,1452.0,1452.0,1452.0,frequency direction and axis regularity after geometric resampling; this is not a moire-suppression measurement,True,300,,,,,,,,,,,,,,,,,,,,,,,,,,,,,,,,,,,,,,,,,,
static,static_07,optical_flow,geometry,ok,,,,3,3,,,,,,,,,,,,,,,,,,,,,,,,,,,,,,,,,,,,,,,,,,,,,,,,,,,,,,True,,3,300,3,84.49394154548645,85.62162780761719,158.17970581054686,166.24171447753906,72.37752433617909,73.5514907836914,135.53555068969726,142.42266845703125,111.26978627840678,111.31584167480469,208.59494323730468,219.4037322998047,0.9233090258810027,0.9185639294891876,0.9906307967573487,0.998638226453811,0.05737491341055915,0.05924120597694116,0.10655846136000208,0.11181593418034219,0.032485748069776325,0.033780232135079594,0.060144357041625324,0.06307370425346374,4,3,,,,,,,,,,,,,
static,static_07,optical_flow,temporal,ok,,,,299,299,,,,,,,,,,,,,,,,,,,,,,,,,,,,,,,,,,,,,,,,,,,,,,,,,,,,,,,,,,,,,,,,,,,,,,,,,,,,,,,,,,,,,frame-to-frame projective motion of the estimated screen quadrilateral,4.329045984509045,3.6240214576533574,5.970568532274127,78.53570815508405,0.013064241475353951,0.012841921450490332,0.02088159233947039,0.32547074075916105,0.0009429634986063269,0.0005223339709541364,0.001826941596933018,0.023206205920145107
static,static_07,proposed,detail,ok,,4,True,4,4,0.12710716761648655,0.1281697042286396,0.15265723094344139,0.15545395016670227,0.1297312844544649,0.1323486641049385,0.15677255019545555,0.15900936722755432,0.9832679873850206,0.9843846924135138,1.0113175471263083,1.0148801999498749,0.043685739776234564,0.04097318672839506,0.057791425540123446,0.06057918595679012,0.044951774691358026,0.04345654899691358,0.058206428433641974,0.060404128086419755,0.9025216048329134,0.9025150890751563,0.9433643585774824,0.9454689698530072,0.8761599523453925,0.8918237754707858,0.9346232071086371,0.9394843478648083,0.8888330655618821,0.8970874634660038,0.9389614971046379,0.9424671584378616,,,,,,,,,,,,,,,,,,,,,,,,,,,,,,,,,,,,,,,,,,,,,,,,,,,,,,,,,,,,,,,,,
static,static_07,proposed,frequency,ok,,9,,9,9,,,,,,,,,,,,,,,,,,,,,,,,,,,,,,,,,90.0,90.0,90.0,90.0,0.0,0.0,0.0,0.0,0.0,0.0,0.0,0.0,0.0885694002516839,0.08902057217588369,0.09034491723857091,0.09070904702996284,1452.0,1452.0,1452.0,1452.0,frequency direction and axis regularity after geometric resampling; this is not a moire-suppression measurement,True,300,,,,,,,,,,,,,,,,,,,,,,,,,,,,,,,,,,,,,,,,,,
static,static_07,proposed,geometry,ok,,,,3,3,,,,,,,,,,,,,,,,,,,,,,,,,,,,,,,,,,,,,,,,,,,,,,,,,,,,,,True,,3,300,3,1.9579405387242634,2.1397852897644043,2.175181007385254,2.1791138648986816,1.8019148508707683,1.9166545867919922,2.0299618244171143,2.0425515174865723,2.8135993480682373,2.9895496368408203,3.037936472892761,3.0433127880096436,0.9984520426683418,0.9984588460583436,0.9986823081265923,0.9987071372452866,0.0009863773725036218,0.0012689806916943436,0.0014326108472745291,0.0014507919756723275,0.0005573219575891333,0.0007171093315628209,0.0008082440776483834,0.0008183701605467793,4,3,,,,,,,,,,,,,
static,static_07,proposed,temporal,ok,,,,299,299,,,,,,,,,,,,,,,,,,,,,,,,,,,,,,,,,,,,,,,,,,,,,,,,,,,,,,,,,,,,,,,,,,,,,,,,,,,,,,,,,,,,,frame-to-frame projective motion of the estimated screen quadrilateral,3.365913020711103,3.491325057699607,5.746538821903813,6.038757925763012,0.011052385099484247,0.013294086182263598,0.019082911255457285,0.020231026339800375,0.0006554375047717102,0.0004714761981463589,0.00161536726149547,0.0019329705963702093
static,static_08,frame_wise,detail,ok,,4,True,4,4,0.24586660042405128,0.23831891268491745,0.2882274657487869,0.2951663136482239,0.1394303571432829,0.1437220796942711,0.15370748266577722,0.15433244407176971,1.7636312082647898,1.7422208271224768,1.8994868193024037,1.9125357304065096,0.1297723765432099,0.1274631076388889,0.15195317322530863,0.15530430169753087,0.04242537133487654,0.04246238425925926,0.04528093653549383,0.04572386188271605,0.12983176980083147,0.12994136863961292,0.13901320436724893,0.14032772428184165,0.37859236248339156,0.34827247027442876,0.4668426186838915,0.48590596459578306,0.19275906158852252,0.18720644408593662,0.21336628779948702,0.21776560232301367,,,,,,,,,,,,,,,,,,,,,,,,,,,,,,,,,,,,,,,,,,,,,,,,,,,,,,,,,,,,,,,,,
static,static_08,frame_wise,frequency,ok,,9,,9,9,,,,,,,,,,,,,,,,,,,,,,,,,,,,,,,,,85.11111111111111,85.0,88.6,89.0,4.888888888888889,5.0,8.399999999999999,10.0,9.555555555555555,10.0,12.5,13.5,0.0812620170102357,0.0811354797589288,0.08693792952107805,0.08947167105969521,1452.0,1452.0,1452.0,1452.0,frequency direction and axis regularity after geometric resampling; this is not a moire-suppression measurement,True,299,,,,,,,,,,,,,,,,,,,,,,,,,,,,,,,,,,,,,,,,,,
static,static_08,frame_wise,geometry,ok,,,,4,4,,,,,,,,,,,,,,,,,,,,,,,,,,,,,,,,,,,,,,,,,,,,,,,,,,,,,,False,,4,299,4,891.7305755615234,896.5091247558594,917.4296783447265,919.5414428710938,806.7552642822266,812.0872802734375,844.4445770263671,848.1636962890625,1259.8420104980469,1275.1365356445312,1367.9902282714843,1377.3082275390625,0.3301613064326456,0.3318451339532581,0.3433221054826075,0.3438031656129869,0.28746612318561504,0.2926716406873008,0.4653182748913664,0.4909802378847863,0.16031217843827017,0.16315237347514022,0.2595151849465776,0.27381972722316766,4,4,,,,,,,,,,,,,
static,static_08,frame_wise,temporal,ok,,,,298,298,,,,,,,,,,,,,,,,,,,,,,,,,,,,,,,,,,,,,,,,,,,,,,,,,,,,,,,,,,,,,,,,,,,,,,,,,,,,,,,,,,,,,frame-to-frame projective motion of the estimated screen quadrilateral,41.76514372398726,3.9768100895266776e-13,246.2228738715666,2460.7254740020803,0.3301559199386891,1.891970245431772e-15,1.7218741304139105,14.564783117554944,0.025033452246077986,5.551115123125783e-16,0.08378466661775101,1.5728254808971056
static,static_08,optical_flow,detail,ok,,4,True,4,4,0.2390446551144123,0.23257245123386383,0.2784487932920456,0.28311532735824585,0.1394303571432829,0.1437220796942711,0.15370748266577722,0.15433244407176971,1.714623362112092,1.7357146517944755,1.8282713964562098,1.8344511360591673,0.12376844618055556,0.12719738618827162,0.14344499903549382,0.1455025077160494,0.04242537133487654,0.04246238425925926,0.04528093653549383,0.04572386188271605,0.12930060496738288,0.12656815787104203,0.14223857771604323,0.1441265569380274,0.3706338676276242,0.3531701970099925,0.4683061544590436,0.48811590934716426,0.19106161839889152,0.1853467583850195,0.21785010942951596,0.22254267674942113,,,,,,,,,,,,,,,,,,,,,,,,,,,,,,,,,,,,,,,,,,,,,,,,,,,,,,,,,,,,,,,,,
static,static_08,optical_flow,frequency,ok,,9,,9,9,,,,,,,,,,,,,,,,,,,,,,,,,,,,,,,,,85.0,85.0,87.0,87.0,5.0,5.0,6.6,7.0,11.055555555555555,10.5,12.3,12.5,0.08284747672772337,0.08189503855813121,0.08588084174120507,0.0866107709126595,1452.0,1452.0,1452.0,1452.0,frequency direction and axis regularity after geometric resampling; this is not a moire-suppression measurement,True,299,,,,,,,,,,,,,,,,,,,,,,,,,,,,,,,,,,,,,,,,,,
static,static_08,optical_flow,geometry,ok,,,,4,4,,,,,,,,,,,,,,,,,,,,,,,,,,,,,,,,,,,,,,,,,,,,,,,,,,,,,,False,,4,299,4,906.1813354492188,906.8114318847656,915.0603698730469,915.9058227539062,843.1784973144531,841.6575317382812,850.385464477539,851.4994506835938,1190.2405090332031,1198.2122192382812,1220.3385864257812,1223.848388671875,0.3279948331852268,0.32942823736421567,0.3313311139134621,0.33165539621362106,0.1339503548297647,0.1615134849943396,0.2039177031668432,0.2040201745852792,0.07467557747069595,0.09008498754915692,0.11360155223479781,0.11363692920425551,4,4,,,,,,,,,,,,,
static,static_08,optical_flow,temporal,ok,,,,298,298,,,,,,,,,,,,,,,,,,,,,,,,,,,,,,,,,,,,,,,,,,,,,,,,,,,,,,,,,,,,,,,,,,,,,,,,,,,,,,,,,,,,,frame-to-frame projective motion of the estimated screen quadrilateral,8.523416440696595,1.763618392037274,41.87801897918691,1043.871601769671,0.05136997826894775,0.00811662908815002,0.07226654802324063,8.147988448244174,0.00545921933216157,0.0006427212402112525,0.012720882365866347,0.8422009482071688
static,static_08,proposed,detail,ok,,4,True,4,4,0.14023866225033998,0.15608878433704376,0.18648512065410613,0.1902417689561844,0.1394303571432829,0.1437220796942711,0.15370748266577722,0.15433244407176971,0.978201263829918,1.0705370065450892,1.2374458366029326,1.266876157036209,0.08084828317901234,0.09198953510802468,0.12249761284722221,0.12657118055555555,0.04242537133487654,0.04246238425925926,0.04528093653549383,0.04572386188271605,0.12616522737968144,0.12735027531300713,0.1452864812777463,0.147871643745907,0.22293765195627063,0.26054418520967204,0.31702423266843505,0.32487315368136205,0.1462738851064719,0.1570243195667507,0.19757759947801823,0.20323661944125554,,,,,,,,,,,,,,,,,,,,,,,,,,,,,,,,,,,,,,,,,,,,,,,,,,,,,,,,,,,,,,,,,
static,static_08,proposed,frequency,ok,,9,,9,9,,,,,,,,,,,,,,,,,,,,,,,,,,,,,,,,,86.11111111111111,86.0,87.0,87.0,3.888888888888889,4.0,5.0,5.0,1.9444444444444444,2.0,2.5,2.5,0.12197589717320025,0.1173339574973794,0.15004272925969644,0.1524343655588438,1452.0,1452.0,1452.0,1452.0,frequency direction and axis regularity after geometric resampling; this is not a moire-suppression measurement,True,299,,,,,,,,,,,,,,,,,,,,,,,,,,,,,,,,,,,,,,,,,,
static,static_08,proposed,geometry,ok,,,,4,4,,,,,,,,,,,,,,,,,,,,,,,,,,,,,,,,,,,,,,,,,,,,,,,,,,,,,,False,,4,299,4,1649.7164611816406,1654.154541015625,1717.8372009277343,1719.752685546875,1393.3884582519531,1394.8289794921875,1454.0351867675781,1456.8045654296875,2270.8726806640625,2284.226318359375,2375.4880493164064,2377.865966796875,0.15710876604580545,0.1580290800868755,0.1703125128396822,0.17066193837618712,0.010939395893382775,0.011451070674842856,0.0136367790872991,0.0139803094781763,0.006101413613854874,0.006387097054432745,0.007596779153262182,0.007786874222877621,4,4,,,,,,,,,,,,,
static,static_08,proposed,temporal,ok,,,,298,298,,,,,,,,,,,,,,,,,,,,,,,,,,,,,,,,,,,,,,,,,,,,,,,,,,,,,,,,,,,,,,,,,,,,,,,,,,,,,,,,,,,,,frame-to-frame projective motion of the estimated screen quadrilateral,0.0,0.0,0.0,0.0,0.0,0.0,0.0,0.0,0.0,0.0,0.0,0.0
static,static_09,frame_wise,detail,ok,,5,True,5,5,0.13462119847536086,0.11893738806247711,0.18630155026912687,0.19557006657123566,0.12381351292133332,0.12122000753879547,0.14154691696166993,0.1436408907175064,1.0725137175187018,1.0639314623458715,1.3133307237053862,1.3615208426676815,0.05855613425925926,0.04065586419753087,0.10464824459876543,0.11381124614197531,0.04270785108024692,0.04046875,0.04806684027777777,0.04883101851851852,0.356996103632589,0.2183780439747626,0.8392787127608132,0.9769168722717784,0.39830944256177847,0.2792810369846477,0.8644218906544101,0.9815529815529815,0.37163299590587623,0.2814871098591206,0.8401685572754496,0.9792294395904217,,,,,,,,,,,,,,,,,,,,,,,,,,,,,,,,,,,,,,,,,,,,,,,,,,,,,,,,,,,,,,,,,
static,static_09,frame_wise,frequency,ok,,9,,9,9,,,,,,,,,,,,,,,,,,,,,,,,,,,,,,,,,85.55555555555556,84.0,90.0,90.0,4.444444444444445,6.0,9.6,10.0,4.555555555555555,3.5,14.599999999999994,21.0,0.07596160245043365,0.06941401577287486,0.09169809097903897,0.09246195115687748,1452.0,1452.0,1452.0,1452.0,frequency direction and axis regularity after geometric resampling; this is not a moire-suppression measurement,True,299,,,,,,,,,,,,,,,,,,,,,,,,,,,,,,,,,,,,,,,,,,
static,static_09,frame_wise,geometry,ok,,,,4,4,,,,,,,,,,,,,,,,,,,,,,,,,,,,,,,,,,,,,,,,,,,,,,,,,,,,,,True,,4,299,4,441.6129150390625,515.1621551513672,621.1042297363281,630.0634155273438,365.7941436767578,431.1568908691406,506.17833404541017,508.8363342285156,680.6393699645996,755.5209045410156,1018.0237915039062,1061.9268798828125,0.6463882052131085,0.5723107994161829,0.873302754380796,0.9191730779150247,0.290475375860273,0.33162505603457926,0.4807800060140372,0.49737620437079877,0.16490560276618407,0.18676161685774134,0.27520623576255066,0.28538791521311707,5,4,,,,,,,,,,,,,
static,static_09,frame_wise,temporal,ok,,,,298,298,,,,,,,,,,,,,,,,,,,,,,,,,,,,,,,,,,,,,,,,,,,,,,,,,,,,,,,,,,,,,,,,,,,,,,,,,,,,,,,,,,,,,frame-to-frame projective motion of the estimated screen quadrilateral,44.155868632139764,2.6082468860172816e-14,79.88889875337489,7228.129062479657,0.2705200766922004,2.7946284217326125e-16,1.057102090424079,15.269806664135663,0.02301907607933853,1.1102230246251565e-16,0.07872303379137727,2.999030469405783
static,static_09,optical_flow,detail,ok,,5,True,5,5,0.12721484303474426,0.1188194751739502,0.1629380255937576,0.1693652719259262,0.12381351292133332,0.12122000753879547,0.14154691696166993,0.1436408907175064,1.0196917678526745,1.0151018345488974,1.1493649655039204,1.1790881487849518,0.050774884259259266,0.040536747685185184,0.07950790895061728,0.08560474537037037,0.04270785108024692,0.04046875,0.04806684027777777,0.04883101851851852,0.5065730793135791,0.23838562354546886,0.9711315418625089,0.9804062126642772,0.5295265251601642,0.33375799952595403,0.9729534658146444,0.9785261451928119,0.515796452521177,0.2724678048033994,0.9720271084591399,0.9794652767397366,,,,,,,,,,,,,,,,,,,,,,,,,,,,,,,,,,,,,,,,,,,,,,,,,,,,,,,,,,,,,,,,,
static,static_09,optical_flow,frequency,ok,,9,,9,9,,,,,,,,,,,,,,,,,,,,,,,,,,,,,,,,,86.22222222222223,84.0,90.0,90.0,3.7777777777777777,6.0,6.0,6.0,1.8888888888888888,3.0,3.0,3.0,0.07389405982614364,0.0701140457662385,0.08939290711121663,0.08993033401676012,1452.0,1452.0,1452.0,1452.0,frequency direction and axis regularity after geometric resampling; this is not a moire-suppression measurement,True,299,,,,,,,,,,,,,,,,,,,,,,,,,,,,,,,,,,,,,,,,,,
static,static_09,optical_flow,geometry,ok,,,,4,4,,,,,,,,,,,,,,,,,,,,,,,,,,,,,,,,,,,,,,,,,,,,,,,,,,,,,,True,,4,299,4,308.40106177330017,372.29017639160156,476.90746459960934,484.9517822265625,252.14910197257996,295.9003448486328,402.5760864257812,413.1175231933594,496.14166009426117,627.0090942382812,724.082080078125,724.9735107421875,0.7328724759331324,0.6802791026762813,0.9562788629986225,0.9972806205717886,0.27597598096528797,0.3275459930726794,0.43959452530695053,0.44581005052398015,0.1566593568650636,0.1845815634941835,0.25165277166109484,0.2557999353045905,5,4,,,,,,,,,,,,,
static,static_09,optical_flow,temporal,ok,,,,298,298,,,,,,,,,,,,,,,,,,,,,,,,,,,,,,,,,,,,,,,,,,,,,,,,,,,,,,,,,,,,,,,,,,,,,,,,,,,,,,,,,,,,,frame-to-frame projective motion of the estimated screen quadrilateral,5.956396236344761,3.1568225372989023,18.94300299474212,123.18728009000114,0.0498447768990214,0.006893932594556544,0.3448479802785361,0.607681200907087,0.0014510892711493049,0.0005479761231900748,0.005176078919722524,0.033829005737174955
static,static_09,proposed,detail,ok,,5,True,5,5,0.12147662937641143,0.11894302815198898,0.1351005971431732,0.13681796193122864,0.12381351292133332,0.12122000753879547,0.14154691696166993,0.1436408907175064,0.9835762264544405,0.9812161421778681,1.0113782518698975,1.011877359201146,0.040663387345679015,0.04006365740740741,0.0432012924382716,0.04390914351851852,0.04270785108024692,0.04046875,0.04806684027777777,0.04883101851851852,0.9494480462635156,0.9485299553934495,0.9703140217981774,0.9735090609555189,0.9087609108602267,0.9288335955002621,0.9540102344335063,0.958442571975563,0.9281031745740229,0.9300070606639093,0.9548635259645851,0.9579880030820473,,,,,,,,,,,,,,,,,,,,,,,,,,,,,,,,,,,,,,,,,,,,,,,,,,,,,,,,,,,,,,,,,
static,static_09,proposed,frequency,ok,,9,,9,9,,,,,,,,,,,,,,,,,,,,,,,,,,,,,,,,,90.0,90.0,90.0,90.0,0.0,0.0,0.0,0.0,0.0,0.0,0.0,0.0,0.08862384391133109,0.08924305622475527,0.08989635298855729,0.08997156600853194,1452.0,1452.0,1452.0,1452.0,frequency direction and axis regularity after geometric resampling; this is not a moire-suppression measurement,True,299,,,,,,,,,,,,,,,,,,,,,,,,,,,,,,,,,,,,,,,,,,
static,static_09,proposed,geometry,ok,,,,4,4,,,,,,,,,,,,,,,,,,,,,,,,,,,,,,,,,,,,,,,,,,,,,,,,,,,,,,True,,4,299,4,2.2703369557857513,2.3434213399887085,2.4305290937423707,2.4418084621429443,2.07806396484375,2.1797077655792236,2.1932127714157104,2.1948888301849365,3.2756980061531067,3.4270179271698,3.5841808676719666,3.5846657752990723,0.997774063100481,0.9978791052672498,0.9983164489195092,0.9983541461891933,0.0011396951699274016,0.0012352185583696107,0.0014203878171453633,0.0014282407443038103,0.0006427357578716031,0.000700937058979102,0.0007932118232654067,0.0007966310523921258,5,4,,,,,,,,,,,,,
static,static_09,proposed,temporal,ok,,,,298,298,,,,,,,,,,,,,,,,,,,,,,,,,,,,,,,,,,,,,,,,,,,,,,,,,,,,,,,,,,,,,,,,,,,,,,,,,,,,,,,,,,,,,frame-to-frame projective motion of the estimated screen quadrilateral,3.717061805350101,2.6577166317576046,9.473701960901131,11.660155862460744,0.011451437240087634,0.001991607989840275,0.07468140910435911,0.09021969077754352,0.0005900911545230304,0.00037892972107600453,0.0026457187289348947,0.003254116288611719
static,static_10,frame_wise,detail,ok,,5,True,5,5,0.12016804963350296,0.1115364283323288,0.16599136441946027,0.17942774295806885,0.11751224994659423,0.11491875350475311,0.14950463622808455,0.1577884554862976,1.0129961130905838,0.990203122828774,1.1102135638073933,1.1371411324426735,0.044853684413580244,0.03840374228395062,0.07179658564814814,0.07992042824074073,0.04158998842592593,0.040570505401234566,0.051235725308641976,0.05377459490740741,0.4007257019562376,0.29977145440389785,0.8576281249643286,0.9783054175102767,0.40441816040868606,0.28182984027908564,0.8531899093867426,0.9767652976102851,0.40108776002574303,0.2888596387626661,0.8553735117759622,0.9775347509404568,,,,,,,,,,,,,,,,,,,,,,,,,,,,,,,,,,,,,,,,,,,,,,,,,,,,,,,,,,,,,,,,,
static,static_10,frame_wise,frequency,ok,,9,,9,9,,,,,,,,,,,,,,,,,,,,,,,,,,,,,,,,,88.55555555555556,89.0,90.0,90.0,1.4444444444444444,1.0,3.5999999999999996,4.0,0.7222222222222222,0.5,1.7999999999999998,2.0,0.07062259497100684,0.0688154994916224,0.08089077358854137,0.08165334069999712,1452.0,1452.0,1452.0,1452.0,frequency direction and axis regularity after geometric resampling; this is not a moire-suppression measurement,True,300,,,,,,,,,,,,,,,,,,,,,,,,,,,,,,,,,,,,,,,,,,
static,static_10,frame_wise,geometry,ok,,,,4,4,,,,,,,,,,,,,,,,,,,,,,,,,,,,,,,,,,,,,,,,,,,,,,,,,,,,,,True,,4,300,4,298.0084228515625,300.52381896972656,560.3312591552734,564.7324829101562,262.0466265678406,263.05290031433105,501.71033935546876,506.3632507324219,426.63336753845215,412.9684181213379,811.9535552978515,828.6278076171875,0.7344950027015827,0.7293604553628682,0.9752839635159856,0.9808870442541805,0.32278680090905215,0.3332178709269922,0.5899540296732356,0.5932755350113528,0.1833660614127998,0.1880653786540815,0.3372559615096836,0.3397726244885418,5,4,,,,,,,,,,,,,
static,static_10,frame_wise,temporal,ok,,,,299,299,,,,,,,,,,,,,,,,,,,,,,,,,,,,,,,,,,,,,,,,,,,,,,,,,,,,,,,,,,,,,,,,,,,,,,,,,,,,,,,,,,,,,frame-to-frame projective motion of the estimated screen quadrilateral,10.373256937382783,1.553164951831466e-13,18.434976579852634,1106.7092173820042,0.08425108594049571,5.544537498823206e-15,0.1626797059330626,2.6211471834781035,0.005188619765558619,2.220446049250313e-16,0.015991940521492873,0.26197956908754527
static,static_10,optical_flow,detail,ok,,5,True,5,5,0.11330935806035995,0.10915162414312363,0.1485151410102844,0.1577063798904419,0.11751224994659423,0.11491875350475311,0.14950463622808455,0.1577884554862976,0.962964199344499,0.9724277551011941,1.0037516517831935,1.0048196052880471,0.03980034722222222,0.03444878472222222,0.054492380401234566,0.05814236111111111,0.04158998842592593,0.040570505401234566,0.051235725308641976,0.05377459490740741,0.4587208077979786,0.360082611724893,0.8608706961072686,0.9701405930779367,0.4458261360770366,0.37289138798461086,0.8701595803646865,0.9834756366848226,0.4515317818730066,0.36637508268624625,0.8654730729034407,0.9767626035405932,,,,,,,,,,,,,,,,,,,,,,,,,,,,,,,,,,,,,,,,,,,,,,,,,,,,,,,,,,,,,,,,,
static,static_10,optical_flow,frequency,ok,,9,,9,9,,,,,,,,,,,,,,,,,,,,,,,,,,,,,,,,,89.22222222222223,89.0,90.0,90.0,0.7777777777777778,1.0,1.0,1.0,0.3888888888888889,0.5,0.5,0.5,0.0798077412419555,0.08009166220955945,0.08155053060709404,0.08212756333178291,1452.0,1452.0,1452.0,1452.0,frequency direction and axis regularity after geometric resampling; this is not a moire-suppression measurement,True,300,,,,,,,,,,,,,,,,,,,,,,,,,,,,,,,,,,,,,,,,,,
static,static_10,optical_flow,geometry,ok,,,,4,4,,,,,,,,,,,,,,,,,,,,,,,,,,,,,,,,,,,,,,,,,,,,,,,,,,,,,,True,,4,300,4,167.78242778778076,212.44329833984375,215.8006690979004,216.1234588623047,141.58197259902954,181.6613006591797,184.48355102539062,184.79808044433594,228.83530616760254,279.9293212890625,293.7504348754883,295.95843505859375,0.8490629577127724,0.8066948730121155,0.951793300890638,0.9773058867324852,0.1368622260685814,0.1666141567454329,0.1740514697220825,0.1743727964098123,0.07731862874006475,0.09418851151294293,0.098633994756383,0.09863755676535779,5,4,,,,,,,,,,,,,
static,static_10,optical_flow,temporal,ok,,,,299,299,,,,,,,,,,,,,,,,,,,,,,,,,,,,,,,,,,,,,,,,,,,,,,,,,,,,,,,,,,,,,,,,,,,,,,,,,,,,,,,,,,,,,frame-to-frame projective motion of the estimated screen quadrilateral,6.481618991335489,3.658532326463724,16.87328545341357,60.26099621689001,0.024525747216296738,0.010093599337551164,0.08176725064712863,0.20239444853619168,0.0017264321393232745,0.0009306089348461999,0.00451862538533027,0.017779715075425417
static,static_10,proposed,detail,ok,,5,True,5,5,0.11532868444919586,0.1117723360657692,0.14195512980222702,0.14824502170085907,0.11751224994659423,0.11491875350475311,0.14950463622808455,0.1577884554862976,0.9859224209901385,1.0036625020143952,1.0076083653167822,1.0080767565522604,0.04005854552469136,0.03944926697530864,0.04661400462962963,0.04826051311728395,0.04158998842592593,0.040570505401234566,0.051235725308641976,0.05377459490740741,0.921481735202919,0.9306763692441146,0.9699564179114409,0.9749666098932742,0.8955973488968819,0.912976615326822,0.9512589964224448,0.9515375563136687,0.9079352668650706,0.9310799031351592,0.9585496549994702,0.9631096176571816,,,,,,,,,,,,,,,,,,,,,,,,,,,,,,,,,,,,,,,,,,,,,,,,,,,,,,,,,,,,,,,,,
static,static_10,proposed,frequency,ok,,9,,9,9,,,,,,,,,,,,,,,,,,,,,,,,,,,,,,,,,90.0,90.0,90.0,90.0,0.0,0.0,0.0,0.0,0.0,0.0,0.0,0.0,0.08683590683571854,0.08678777584991694,0.08803420343539933,0.08844231212380907,1452.0,1452.0,1452.0,1452.0,frequency direction and axis regularity after geometric resampling; this is not a moire-suppression measurement,True,300,,,,,,,,,,,,,,,,,,,,,,,,,,,,,,,,,,,,,,,,,,
static,static_10,proposed,geometry,ok,,,,4,4,,,,,,,,,,,,,,,,,,,,,,,,,,,,,,,,,,,,,,,,,,,,,,,,,,,,,,True,,4,300,4,2.760623663663864,2.2198100090026855,4.5208374619483935,4.897849082946777,2.4964592456817627,1.9999103546142578,4.014893615245819,4.360738754272461,4.103282690048218,3.4950450658798218,6.594348192214965,7.033523082733154,0.9976021997892344,0.9984295008904825,0.9987092199379961,0.9987483064684222,0.0007357368073361292,0.0004647373500821228,0.00170079209321573,0.0018787453732638237,0.00041169711300249726,0.0002600585333297239,0.0009499910951363574,0.0010495122971121693,5,4,,,,,,,,,,,,,
static,static_10,proposed,temporal,ok,,,,299,299,,,,,,,,,,,,,,,,,,,,,,,,,,,,,,,,,,,,,,,,,,,,,,,,,,,,,,,,,,,,,,,,,,,,,,,,,,,,,,,,,,,,,frame-to-frame projective motion of the estimated screen quadrilateral,4.814701363864231,3.3815466085801336,14.696493523398834,17.436562965008395,0.015755637708871843,0.008778911370514413,0.0724924450484186,0.08374039243410296,0.0012484510899192385,0.0008627743421842915,0.0035620348021193934,0.003892606880907201
weak_border,weak_border_01,frame_wise,detail,ok,,5,True,5,5,0.05562475845217705,0.045339759439229965,0.09527559131383895,0.10162904113531113,0.057223863527178766,0.04276968538761139,0.09475430995225906,0.09846849739551544,0.9711459385837411,0.9523498912803542,1.0544922173606035,1.0600910207387924,0.021650077160493823,0.004528356481481481,0.06389612268518517,0.0741893325617284,0.018083719135802468,0.003841145833333333,0.04646045524691357,0.050963059413580244,0.33900725127186165,0.1420211247502141,0.7998175972887699,0.8546446231880982,0.3323844479465994,0.12605147520401758,0.7126665693640349,0.7166460062265204,0.33252486771387085,0.13356062714320466,0.7424161255357831,0.7676616608655288,,,,,,,,,,,,,,,,,,,,,,,,,,,,,,,,,,,,,,,,,,,,,,,,,,,,,,,,,,,,,,,,,
weak_border,weak_border_01,frame_wise,frequency,ok,,9,,9,9,,,,,,,,,,,,,,,,,,,,,,,,,,,,,,,,,89.55555555555556,90.0,90.0,90.0,0.4444444444444444,0.0,1.5999999999999996,2.0,3.888888888888889,6.5,7.0,7.0,0.050290724886360265,0.048452450538331734,0.057634725964403,0.06006533007937843,1452.0,1452.0,1452.0,1452.0,frequency direction and axis regularity after geometric resampling; this is not a moire-suppression measurement,True,300,,,,,,,,,,,,,,,,,,,,,,,,,,,,,,,,,,,,,,,,,,
weak_border,weak_border_01,frame_wise,geometry,ok,,,,4,4,,,,,,,,,,,,,,,,,,,,,,,,,,,,,,,,,,,,,,,,,,,,,,,,,,,,,,True,,4,300,4,287.3244438171387,312.55625915527344,341.30884246826173,344.6014404296875,282.5246467590332,307.2392883300781,335.9431457519531,339.25726318359375,342.4133834838867,372.91900634765625,408.042512512207,411.80731201171875,0.7944713091186552,0.7725183749563165,0.8481591262839339,0.8614465323768645,0.11130051145719982,0.14427864339784457,0.1461361245153477,0.14644560555839936,0.06232433254242103,0.08077831331546476,0.08185661560384504,0.08203763822159946,5,4,,,,,,,,,,,,,
weak_border,weak_border_01,frame_wise,temporal,ok,,,,299,299,,,,,,,,,,,,,,,,,,,,,,,,,,,,,,,,,,,,,,,,,,,,,,,,,,,,,,,,,,,,,,,,,,,,,,,,,,,,,,,,,,,,,frame-to-frame projective motion of the estimated screen quadrilateral,3.640974962859013,0.7766967866989453,8.335719185965486,455.035153270201,0.03801192196594704,0.0026785405333033903,0.0834423998226545,5.478373179667442,0.001442267384392854,0.00014890067875816815,0.005976335124234457,0.029348245537242246
weak_border,weak_border_01,optical_flow,detail,ok,,5,True,5,5,0.055680226162076,0.048367176204919815,0.09209256917238234,0.09760703891515732,0.057223863527178766,0.04276968538761139,0.09475430995225906,0.09846849739551544,0.9896359269545038,0.9912514306286413,1.116321583845477,1.1308751927113727,0.020733796296296295,0.005606192129629629,0.05913435570987653,0.06810715663580247,0.018083719135802468,0.003841145833333333,0.04646045524691357,0.050963059413580244,0.4015281758581367,0.4834177421989871,0.81164180805953,0.8541402991887462,0.372455566799417,0.3709981167608286,0.7397185686597426,0.7473717081294889,0.3832919531054334,0.419812132660873,0.7580133972569912,0.7748951861803918,,,,,,,,,,,,,,,,,,,,,,,,,,,,,,,,,,,,,,,,,,,,,,,,,,,,,,,,,,,,,,,,,
weak_border,weak_border_01,optical_flow,frequency,ok,,9,,9,9,,,,,,,,,,,,,,,,,,,,,,,,,,,,,,,,,89.88888888888889,90.0,90.0,90.0,0.1111111111111111,0.0,0.5999999999999996,1.0,3.7222222222222223,5.0,7.0,7.0,0.05108054341245841,0.0497270008093594,0.05759389363001297,0.05779414891975318,1452.0,1452.0,1452.0,1452.0,frequency direction and axis regularity after geometric resampling; this is not a moire-suppression measurement,True,300,,,,,,,,,,,,,,,,,,,,,,,,,,,,,,,,,,,,,,,,,,
weak_border,weak_border_01,optical_flow,geometry,ok,,,,4,4,,,,,,,,,,,,,,,,,,,,,,,,,,,,,,,,,,,,,,,,,,,,,,,,,,,,,,True,,4,300,4,237.44573879241943,283.70548248291016,339.5210784912109,343.1475830078125,231.6834373474121,278.5102081298828,331.27098693847654,334.97705078125,288.707257270813,341.81300354003906,407.2864227294922,407.8141784667969,0.824047204155462,0.7850273682839528,0.9386014075423125,0.9622761987601374,0.1088533736890463,0.1183556762633784,0.15775611901772574,0.1612024344850791,0.06095822290830279,0.06627993450767777,0.08838307535310574,0.09030429387281473,5,4,,,,,,,,,,,,,
weak_border,weak_border_01,optical_flow,temporal,ok,,,,299,299,,,,,,,,,,,,,,,,,,,,,,,,,,,,,,,,,,,,,,,,,,,,,,,,,,,,,,,,,,,,,,,,,,,,,,,,,,,,,,,,,,,,,frame-to-frame projective motion of the estimated screen quadrilateral,14.060003419986696,7.803620275607668,44.718816601906454,143.68899184995226,0.09459418955795149,0.0436704833820441,0.3919748398472352,0.7263088828797364,0.008808793162117861,0.004158285348671464,0.030351462371511487,0.1088642055955572
weak_border,weak_border_01,proposed,detail,ok,,5,True,5,5,0.05572135671973229,0.04568346217274666,0.09687733948230742,0.10377853363752365,0.057223863527178766,0.04276968538761139,0.09475430995225906,0.09846849739551544,0.9663821460875885,0.9218536047819262,1.0652869690994833,1.0681271503105156,0.019865451388888893,0.005244020061728395,0.05732166280864197,0.06606288580246913,0.018083719135802468,0.003841145833333333,0.04646045524691357,0.050963059413580244,0.35386678948302214,0.1076555023923445,0.8043103905374382,0.827865139455122,0.34707420049963117,0.08976773383553044,0.820662546511743,0.8591841176414925,0.3466151432480137,0.0979012467765615,0.7697476586594029,0.7775553032981888,,,,,,,,,,,,,,,,,,,,,,,,,,,,,,,,,,,,,,,,,,,,,,,,,,,,,,,,,,,,,,,,,
weak_border,weak_border_01,proposed,frequency,ok,,9,,9,9,,,,,,,,,,,,,,,,,,,,,,,,,,,,,,,,,88.88888888888889,89.0,90.0,90.0,1.1111111111111112,1.0,2.0,2.0,0.5555555555555556,0.5,1.0,1.0,0.053372424447881615,0.052626604382259905,0.05863748465257988,0.06085791012025118,1452.0,1452.0,1452.0,1452.0,frequency direction and axis regularity after geometric resampling; this is not a moire-suppression measurement,True,300,,,,,,,,,,,,,,,,,,,,,,,,,,,,,,,,,,,,,,,,,,
weak_border,weak_border_01,proposed,geometry,ok,,,,4,4,,,,,,,,,,,,,,,,,,,,,,,,,,,,,,,,,,,,,,,,,,,,,,,,,,,,,,True,,4,300,4,206.26935958862305,189.8877410888672,315.22441406249993,334.8226318359375,192.66405487060547,183.17489624023438,283.5557037353515,299.32794189453125,281.96508407592773,248.10694122314453,442.2396423339843,469.6022644042969,0.8186776252966962,0.8287133255614596,0.8971238012566634,0.9041034483481952,0.01485816022345765,0.014545515928864772,0.017400200816130383,0.017616252687329137,0.008318676726412606,0.008141683967513889,0.009754224763831887,0.009876450618229345,5,4,,,,,,,,,,,,,
weak_border,weak_border_01,proposed,temporal,ok,,,,299,299,,,,,,,,,,,,,,,,,,,,,,,,,,,,,,,,,,,,,,,,,,,,,,,,,,,,,,,,,,,,,,,,,,,,,,,,,,,,,,,,,,,,,frame-to-frame projective motion of the estimated screen quadrilateral,0.028793279052015962,1.2612417935603645e-14,1.2612417935603645e-14,1.4785911987936853,0.00025203535321354344,1.4530087604246995e-16,1.4530087604246995e-16,0.012429446803558087,1.9175729829816463e-05,0.0,0.0,0.0008920690925801056
weak_border,weak_border_02,frame_wise,detail,ok,,5,True,5,5,0.021016855910420417,0.01928711123764515,0.030280832201242447,0.031520869582891464,0.022568929195404052,0.01992681436240673,0.0333941038697958,0.034834153950214386,0.938352068175363,0.9323768551099462,0.9698287605529877,0.9703116078927242,0.0023777970679012346,0.0021903935185185186,0.0027764274691358024,0.0028125,0.002025848765432099,0.002017746913580247,0.002213155864197531,0.0022337962962962962,0.8161027538918836,0.8392778511668868,0.9467026027862222,0.9673963670237541,0.9466916067376066,0.9447713897691263,0.985642572944297,0.9954907161803713,0.8727105268044625,0.8895595396595567,0.9446132914882482,0.9559500277983549,,,,,,,,,,,,,,,,,,,,,,,,,,,,,,,,,,,,,,,,,,,,,,,,,,,,,,,,,,,,,,,,,
weak_border,weak_border_02,frame_wise,frequency,ok,,9,,9,9,,,,,,,,,,,,,,,,,,,,,,,,,,,,,,,,,90.0,90.0,90.0,90.0,0.0,0.0,0.0,0.0,0.0,0.0,0.0,0.0,0.05090261823210187,0.051146835281900845,0.05176774607799732,0.05194216669486314,1452.0,1452.0,1452.0,1452.0,frequency direction and axis regularity after geometric resampling; this is not a moire-suppression measurement,True,300,,,,,,,,,,,,,,,,,,,,,,,,,,,,,,,,,,,,,,,,,,
weak_border,weak_border_02,frame_wise,geometry,ok,,,,4,4,,,,,,,,,,,,,,,,,,,,,,,,,,,,,,,,,,,,,,,,,,,,,,,,,,,,,,True,,4,300,4,2.1857484877109528,1.9667871594429016,2.9690257668495175,3.110259771347046,1.8934881687164307,1.8078760504722595,2.392549705505371,2.4511895179748535,3.6133548617362976,2.962168574333191,5.355601871013641,5.754511833190918,0.99837406427114,0.9983989878667189,0.9988941979836827,0.998950427112851,0.0012513527343305797,0.0003139090169637093,0.0036767396069610535,0.004253291690024197,0.0006919052238613877,0.00017446089920247347,0.002030892404836936,0.0023491096144154728,5,4,,,,,,,,,,,,,
weak_border,weak_border_02,frame_wise,temporal,ok,,,,299,299,,,,,,,,,,,,,,,,,,,,,,,,,,,,,,,,,,,,,,,,,,,,,,,,,,,,,,,,,,,,,,,,,,,,,,,,,,,,,,,,,,,,,frame-to-frame projective motion of the estimated screen quadrilateral,2.441422266775947,2.2718380219393444,5.122776920499796,10.491353251370244,0.0271438738017558,0.021421549959275945,0.07198611433407193,0.14272556374288414,0.0015448478487627047,0.0011901474803670542,0.0037448151022512776,0.015575474208033846
weak_border,weak_border_02,optical_flow,detail,ok,,5,True,5,5,0.023729556798934938,0.02373761497437954,0.031219448894262314,0.03155437484383583,0.022568929195404052,0.01992681436240673,0.0333941038697958,0.034834153950214386,1.0766637783127968,1.0812712378450589,1.233724777126601,1.244346013646486,0.0027450810185185187,0.002739679783950617,0.00331664737654321,0.003400848765432099,0.002025848765432099,0.002017746913580247,0.002213155864197531,0.0022337962962962962,0.5813239837675989,0.4748341155526784,0.9009286989161451,0.9767660173668153,0.7457980389404095,0.7005258126195029,0.9053117401323018,0.9409234947940245,0.6445617184807365,0.5660113922282276,0.8946585655615323,0.9585097992440202,,,,,,,,,,,,,,,,,,,,,,,,,,,,,,,,,,,,,,,,,,,,,,,,,,,,,,,,,,,,,,,,,
weak_border,weak_border_02,optical_flow,frequency,ok,,9,,9,9,,,,,,,,,,,,,,,,,,,,,,,,,,,,,,,,,90.0,90.0,90.0,90.0,0.0,0.0,0.0,0.0,0.0,0.0,0.0,0.0,0.05155979340670323,0.05132250347819449,0.05329675340046474,0.05362506567925475,1452.0,1452.0,1452.0,1452.0,frequency direction and axis regularity after geometric resampling; this is not a moire-suppression measurement,True,300,,,,,,,,,,,,,,,,,,,,,,,,,,,,,,,,,,,,,,,,,,
weak_border,weak_border_02,optical_flow,geometry,ok,,,,4,4,,,,,,,,,,,,,,,,,,,,,,,,,,,,,,,,,,,,,,,,,,,,,,,,,,,,,,True,,4,300,4,31.154689073562622,28.035346031188965,54.80260925292968,57.9269905090332,30.26994276046753,27.185108184814453,53.92473354339599,57.02690124511719,38.46590709686279,33.88888645172119,65.97861518859862,69.7632827758789,0.9758521956808626,0.9785211859111436,0.9913054112876137,0.9923794274220028,0.005265280158783137,0.004316864654476227,0.011069002037859776,0.011656792145667838,0.0029202028566327753,0.0023857863045517037,0.0061472239461347325,0.006477822286333424,5,4,,,,,,,,,,,,,
weak_border,weak_border_02,optical_flow,temporal,ok,,,,299,299,,,,,,,,,,,,,,,,,,,,,,,,,,,,,,,,,,,,,,,,,,,,,,,,,,,,,,,,,,,,,,,,,,,,,,,,,,,,,,,,,,,,,frame-to-frame projective motion of the estimated screen quadrilateral,12.413954036391965,8.63763076421428,35.794382980842094,140.47847312130082,0.04805085534138367,0.028633507104405743,0.15260430346133078,0.3891941210664718,0.008308645491094236,0.005403843466870395,0.025545814363932186,0.10018331612490305
weak_border,weak_border_02,proposed,detail,ok,,5,True,5,5,0.026469947770237923,0.025819512084126472,0.031930727139115336,0.03231007605791092,0.022568929195404052,0.01992681436240673,0.0333941038697958,0.034834153950214386,1.2496322352099751,1.1274865217060892,1.614309988023576,1.6596652615565388,0.003610146604938271,0.0036786265432098763,0.004668402777777777,0.004819155092592593,0.002025848765432099,0.002017746913580247,0.002213155864197531,0.0022337962962962962,0.18928718127553598,0.05814069848894226,0.6144776046500268,0.7457627118644068,0.2471137748986628,0.12435233160621761,0.7203778632865548,0.8650973291081937,0.2120162476783817,0.07923515122242268,0.6627128124888358,0.8010097882778823,,,,,,,,,,,,,,,,,,,,,,,,,,,,,,,,,,,,,,,,,,,,,,,,,,,,,,,,,,,,,,,,,
weak_border,weak_border_02,proposed,frequency,ok,,9,,9,9,,,,,,,,,,,,,,,,,,,,,,,,,,,,,,,,,88.44444444444444,88.0,90.0,90.0,1.5555555555555556,2.0,3.0,3.0,0.7777777777777778,1.0,1.5,1.5,0.052965218599918866,0.05329224505566231,0.055853979494051444,0.05615182275598193,1452.0,1452.0,1452.0,1452.0,frequency direction and axis regularity after geometric resampling; this is not a moire-suppression measurement,True,300,,,,,,,,,,,,,,,,,,,,,,,,,,,,,,,,,,,,,,,,,,
weak_border,weak_border_02,proposed,geometry,ok,,,,4,4,,,,,,,,,,,,,,,,,,,,,,,,,,,,,,,,,,,,,,,,,,,,,,,,,,,,,,True,,4,300,4,126.04499816894531,137.30384063720703,147.5330467224121,148.43505859375,108.91010665893555,114.29969787597656,134.74758415222166,136.91604614257812,200.52915954589844,218.2845916748047,250.52705612182618,252.1559600830078,0.8926742158832729,0.8882214255961206,0.928635632967074,0.9336047807571892,0.014340227067073552,0.014814985887949828,0.02439496655145051,0.026060708069261418,0.007948878868291947,0.008233507319783478,0.0134810814934581,0.014393430863809063,5,4,,,,,,,,,,,,,
weak_border,weak_border_02,proposed,temporal,ok,,,,299,299,,,,,,,,,,,,,,,,,,,,,,,,,,,,,,,,,,,,,,,,,,,,,,,,,,,,,,,,,,,,,,,,,,,,,,,,,,,,,,,,,,,,,frame-to-frame projective motion of the estimated screen quadrilateral,0.005159921158934343,8.480152722314453e-15,8.480152722314453e-15,0.3086084340260734,0.00015087311161891684,8.483248147628775e-17,8.483248147628775e-17,0.009034357056092065,7.86944695099665e-07,0.0,0.0,4.740257793023339e-05
weak_border,weak_border_03,frame_wise,detail,ok,,5,True,5,5,0.10625816360116005,0.08506517857313156,0.18238242864608764,0.18958042562007904,0.09701482355594634,0.08297409862279892,0.15732848048210143,0.16427162289619446,1.0573663750668492,1.025201598872905,1.1792251439993449,1.185514730830942,0.060139564043209894,0.04666666666666667,0.12541734182098765,0.13479263117283952,0.04922675540123457,0.04395978009259259,0.09756442901234567,0.10726610725308643,0.6463520692589195,0.7507781586084019,0.9000813356864283,0.9360929063805222,0.7182213101672462,0.7990565520267676,0.9109267587142676,0.9181664096535043,0.6742001530805217,0.776950709105301,0.8467336549780883,0.851897541518167,,,,,,,,,,,,,,,,,,,,,,,,,,,,,,,,,,,,,,,,,,,,,,,,,,,,,,,,,,,,,,,,,
weak_border,weak_border_03,frame_wise,frequency,ok,,9,,9,9,,,,,,,,,,,,,,,,,,,,,,,,,,,,,,,,,85.11111111111111,85.0,86.0,86.0,4.888888888888889,5.0,5.6,6.0,2.4444444444444446,2.5,2.8,3.0,0.04640496491959289,0.04674323046996927,0.048359212618830694,0.048837050980326036,1452.0,1452.0,1452.0,1452.0,frequency direction and axis regularity after geometric resampling; this is not a moire-suppression measurement,True,300,,,,,,,,,,,,,,,,,,,,,,,,,,,,,,,,,,,,,,,,,,
weak_border,weak_border_03,frame_wise,geometry,ok,,,,4,4,,,,,,,,,,,,,,,,,,,,,,,,,,,,,,,,,,,,,,,,,,,,,,,,,,,,,,True,,4,300,4,205.82771682739258,204.57678985595703,218.15761337280273,219.30140686035156,104.62274932861328,104.14673614501953,110.75439643859863,111.32232666015625,411.63197326660156,409.12742614746094,436.29503326416017,438.583251953125,0.9290256667238459,0.9289567923161257,0.9341302451317147,0.9344825245822671,0.13533360836591907,0.13465235387880659,0.1419816438870461,0.14290362617510644,0.07587041446286075,0.07557582942661169,0.07951783221562102,0.07998984145447921,5,4,,,,,,,,,,,,,
weak_border,weak_border_03,frame_wise,temporal,ok,,,,299,299,,,,,,,,,,,,,,,,,,,,,,,,,,,,,,,,,,,,,,,,,,,,,,,,,,,,,,,,,,,,,,,,,,,,,,,,,,,,,,,,,,,,,frame-to-frame projective motion of the estimated screen quadrilateral,4.634212756358335,2.3675550750069343,7.769509740494418,505.0441066876553,0.023950103295507934,0.02293096662394196,0.050758446180840674,0.262572170188438,0.0019050168470696937,0.0010680318166128577,0.0036256561426271532,0.1721749473499542
weak_border,weak_border_03,optical_flow,detail,ok,,5,True,5,5,0.1071624994277954,0.08830662816762924,0.17904568910598753,0.18492630124092102,0.09701482355594634,0.08297409862279892,0.15732848048210143,0.16427162289619446,1.082638027602728,1.096348041853894,1.1854936906796174,1.2004333848993887,0.05760050154320987,0.04651089891975309,0.1166333912037037,0.12438802083333333,0.04922675540123457,0.04395978009259259,0.09756442901234567,0.10726610725308643,0.6359655376651367,0.7457514645652963,0.9044785754557197,0.9329019362051734,0.6850359439401593,0.7868356096758269,0.8915029940430248,0.895511785889303,0.6545844547702092,0.7657428646635662,0.8480426072456518,0.8500791440251241,,,,,,,,,,,,,,,,,,,,,,,,,,,,,,,,,,,,,,,,,,,,,,,,,,,,,,,,,,,,,,,,,
weak_border,weak_border_03,optical_flow,frequency,ok,,9,,9,9,,,,,,,,,,,,,,,,,,,,,,,,,,,,,,,,,86.0,86.0,87.2,88.0,4.0,4.0,5.0,5.0,2.0,2.0,2.5,2.5,0.04698289505922057,0.047622474899305746,0.04858832894025161,0.04902015400127986,1452.0,1452.0,1452.0,1452.0,frequency direction and axis regularity after geometric resampling; this is not a moire-suppression measurement,True,300,,,,,,,,,,,,,,,,,,,,,,,,,,,,,,,,,,,,,,,,,,
weak_border,weak_border_03,optical_flow,geometry,ok,,,,4,4,,,,,,,,,,,,,,,,,,,,,,,,,,,,,,,,,,,,,,,,,,,,,,,,,,,,,,True,,4,300,4,193.7122344970703,200.7286834716797,209.07074127197265,209.4435577392578,117.82201385498047,117.015380859375,126.73498649597168,127.40826416015625,379.8708038330078,399.18328857421875,417.5695526123047,418.7027282714844,0.9093104707276092,0.9175879082375222,0.9216551708708898,0.921758908474808,0.12779950245008764,0.12620790790921765,0.1349504715326797,0.13613159595398638,0.07164419737465148,0.07080873780054955,0.07554736241409908,0.07619921949329418,5,4,,,,,,,,,,,,,
weak_border,weak_border_03,optical_flow,temporal,ok,,,,299,299,,,,,,,,,,,,,,,,,,,,,,,,,,,,,,,,,,,,,,,,,,,,,,,,,,,,,,,,,,,,,,,,,,,,,,,,,,,,,,,,,,,,,frame-to-frame projective motion of the estimated screen quadrilateral,20.82292170761627,14.092331945473942,60.199571617798625,156.92362899805974,0.09343923143738767,0.05711536954267716,0.334681893144481,0.612181417146942,0.014135587986079192,0.00960849675878328,0.03948196665482708,0.10240758874699885
weak_border,weak_border_03,proposed,detail,ok,,5,True,5,5,0.1074163019657135,0.09795830398797989,0.17478231191635132,0.18026874959468842,0.09701482355594634,0.08297409862279892,0.15732848048210143,0.16427162289619446,1.0911743149764206,1.097382167512905,1.1804103160591852,1.1805889502132385,0.061142554012345675,0.05700038580246913,0.12165007716049384,0.13006221064814816,0.04922675540123457,0.04395978009259259,0.09756442901234567,0.10726610725308643,0.6349478308694303,0.7123520385795704,0.9190842559802935,0.9358987427794767,0.6991753186527869,0.7968787582947776,0.948492535789465,0.9490807616546291,0.6609221757772531,0.8138512917838443,0.8893698717108993,0.8965093411078296,,,,,,,,,,,,,,,,,,,,,,,,,,,,,,,,,,,,,,,,,,,,,,,,,,,,,,,,,,,,,,,,,
weak_border,weak_border_03,proposed,frequency,ok,,9,,9,9,,,,,,,,,,,,,,,,,,,,,,,,,,,,,,,,,89.44444444444444,90.0,90.0,90.0,0.5555555555555556,0.0,1.5999999999999996,2.0,0.2777777777777778,0.0,0.7999999999999998,1.0,0.05295698779139222,0.05325989593975976,0.05821081838048733,0.0599121004952102,1452.0,1452.0,1452.0,1452.0,frequency direction and axis regularity after geometric resampling; this is not a moire-suppression measurement,True,300,,,,,,,,,,,,,,,,,,,,,,,,,,,,,,,,,,,,,,,,,,
weak_border,weak_border_03,proposed,geometry,ok,,,,4,4,,,,,,,,,,,,,,,,,,,,,,,,,,,,,,,,,,,,,,,,,,,,,,,,,,,,,,True,,4,300,4,188.20003509521484,158.90066528320312,270.68241806030267,289.360107421875,171.5531234741211,144.83428955078125,258.7561645507812,277.8065490722656,249.75165557861328,220.98844146728516,360.2953636169433,382.6133728027344,0.8309589471946516,0.8511043115484865,0.8734826708881637,0.8773104105199004,0.004789399969754193,0.005418802518341703,0.007344493977489907,0.007575064344472526,0.002683023822065639,0.003036702442334556,0.0041114932574202595,0.004240117708275394,5,4,,,,,,,,,,,,,
weak_border,weak_border_03,proposed,temporal,ok,,,,299,299,,,,,,,,,,,,,,,,,,,,,,,,,,,,,,,,,,,,,,,,,,,,,,,,,,,,,,,,,,,,,,,,,,,,,,,,,,,,,,,,,,,,,frame-to-frame projective motion of the estimated screen quadrilateral,0.010174427057167533,0.0,0.0,0.6087439735916692,0.00016408422340488665,0.0,0.0,0.009821677597526694,9.054603151078299e-06,0.0,0.0,0.0005433106682952715
weak_border,weak_border_04,frame_wise,detail,ok,,5,True,5,5,0.021016855910420417,0.01928711123764515,0.030280832201242447,0.031520869582891464,0.022568929195404052,0.01992681436240673,0.0333941038697958,0.034834153950214386,0.938352068175363,0.9323768551099462,0.9698287605529877,0.9703116078927242,0.0023777970679012346,0.0021903935185185186,0.0027764274691358024,0.0028125,0.002025848765432099,0.002017746913580247,0.002213155864197531,0.0022337962962962962,0.8161027538918836,0.8392778511668868,0.9467026027862222,0.9673963670237541,0.9466916067376066,0.9447713897691263,0.985642572944297,0.9954907161803713,0.8727105268044625,0.8895595396595567,0.9446132914882482,0.9559500277983549,,,,,,,,,,,,,,,,,,,,,,,,,,,,,,,,,,,,,,,,,,,,,,,,,,,,,,,,,,,,,,,,,
weak_border,weak_border_04,frame_wise,frequency,ok,,9,,9,9,,,,,,,,,,,,,,,,,,,,,,,,,,,,,,,,,90.0,90.0,90.0,90.0,0.0,0.0,0.0,0.0,0.0,0.0,0.0,0.0,0.05090261823210187,0.051146835281900845,0.05176774607799732,0.05194216669486314,1452.0,1452.0,1452.0,1452.0,frequency direction and axis regularity after geometric resampling; this is not a moire-suppression measurement,True,300,,,,,,,,,,,,,,,,,,,,,,,,,,,,,,,,,,,,,,,,,,
weak_border,weak_border_04,frame_wise,geometry,ok,,,,4,4,,,,,,,,,,,,,,,,,,,,,,,,,,,,,,,,,,,,,,,,,,,,,,,,,,,,,,True,,4,300,4,2.1857484877109528,1.9667871594429016,2.9690257668495175,3.110259771347046,1.8934881687164307,1.8078760504722595,2.392549705505371,2.4511895179748535,3.6133548617362976,2.962168574333191,5.355601871013641,5.754511833190918,0.99837406427114,0.9983989878667189,0.9988941979836827,0.998950427112851,0.0012513527343305797,0.0003139090169637093,0.0036767396069610535,0.004253291690024197,0.0006919052238613877,0.00017446089920247347,0.002030892404836936,0.0023491096144154728,5,4,,,,,,,,,,,,,
weak_border,weak_border_04,frame_wise,temporal,ok,,,,299,299,,,,,,,,,,,,,,,,,,,,,,,,,,,,,,,,,,,,,,,,,,,,,,,,,,,,,,,,,,,,,,,,,,,,,,,,,,,,,,,,,,,,,frame-to-frame projective motion of the estimated screen quadrilateral,2.441422266775947,2.2718380219393444,5.122776920499796,10.491353251370244,0.0271438738017558,0.021421549959275945,0.07198611433407193,0.14272556374288414,0.0015448478487627047,0.0011901474803670542,0.0037448151022512776,0.015575474208033846
weak_border,weak_border_04,optical_flow,detail,ok,,5,True,5,5,0.023729556798934938,0.02373761497437954,0.031219448894262314,0.03155437484383583,0.022568929195404052,0.01992681436240673,0.0333941038697958,0.034834153950214386,1.0766637783127968,1.0812712378450589,1.233724777126601,1.244346013646486,0.0027450810185185187,0.002739679783950617,0.00331664737654321,0.003400848765432099,0.002025848765432099,0.002017746913580247,0.002213155864197531,0.0022337962962962962,0.5813239837675989,0.4748341155526784,0.9009286989161451,0.9767660173668153,0.7457980389404095,0.7005258126195029,0.9053117401323018,0.9409234947940245,0.6445617184807365,0.5660113922282276,0.8946585655615323,0.9585097992440202,,,,,,,,,,,,,,,,,,,,,,,,,,,,,,,,,,,,,,,,,,,,,,,,,,,,,,,,,,,,,,,,,
weak_border,weak_border_04,optical_flow,frequency,ok,,9,,9,9,,,,,,,,,,,,,,,,,,,,,,,,,,,,,,,,,90.0,90.0,90.0,90.0,0.0,0.0,0.0,0.0,0.0,0.0,0.0,0.0,0.05155979340670323,0.05132250347819449,0.05329675340046474,0.05362506567925475,1452.0,1452.0,1452.0,1452.0,frequency direction and axis regularity after geometric resampling; this is not a moire-suppression measurement,True,300,,,,,,,,,,,,,,,,,,,,,,,,,,,,,,,,,,,,,,,,,,
weak_border,weak_border_04,optical_flow,geometry,ok,,,,4,4,,,,,,,,,,,,,,,,,,,,,,,,,,,,,,,,,,,,,,,,,,,,,,,,,,,,,,True,,4,300,4,31.154689073562622,28.035346031188965,54.80260925292968,57.9269905090332,30.26994276046753,27.185108184814453,53.92473354339599,57.02690124511719,38.46590709686279,33.88888645172119,65.97861518859862,69.7632827758789,0.9758521956808626,0.9785211859111436,0.9913054112876137,0.9923794274220028,0.005265280158783137,0.004316864654476227,0.011069002037859776,0.011656792145667838,0.0029202028566327753,0.0023857863045517037,0.0061472239461347325,0.006477822286333424,5,4,,,,,,,,,,,,,
weak_border,weak_border_04,optical_flow,temporal,ok,,,,299,299,,,,,,,,,,,,,,,,,,,,,,,,,,,,,,,,,,,,,,,,,,,,,,,,,,,,,,,,,,,,,,,,,,,,,,,,,,,,,,,,,,,,,frame-to-frame projective motion of the estimated screen quadrilateral,12.413954036391965,8.63763076421428,35.794382980842094,140.47847312130082,0.04805085534138367,0.028633507104405743,0.15260430346133078,0.3891941210664718,0.008308645491094236,0.005403843466870395,0.025545814363932186,0.10018331612490305
weak_border,weak_border_04,proposed,detail,ok,,5,True,5,5,0.026469947770237923,0.025819512084126472,0.031930727139115336,0.03231007605791092,0.022568929195404052,0.01992681436240673,0.0333941038697958,0.034834153950214386,1.2496322352099751,1.1274865217060892,1.614309988023576,1.6596652615565388,0.003610146604938271,0.0036786265432098763,0.004668402777777777,0.004819155092592593,0.002025848765432099,0.002017746913580247,0.002213155864197531,0.0022337962962962962,0.18928718127553598,0.05814069848894226,0.6144776046500268,0.7457627118644068,0.2471137748986628,0.12435233160621761,0.7203778632865548,0.8650973291081937,0.2120162476783817,0.07923515122242268,0.6627128124888358,0.8010097882778823,,,,,,,,,,,,,,,,,,,,,,,,,,,,,,,,,,,,,,,,,,,,,,,,,,,,,,,,,,,,,,,,,
weak_border,weak_border_04,proposed,frequency,ok,,9,,9,9,,,,,,,,,,,,,,,,,,,,,,,,,,,,,,,,,88.44444444444444,88.0,90.0,90.0,1.5555555555555556,2.0,3.0,3.0,0.7777777777777778,1.0,1.5,1.5,0.052965218599918866,0.05329224505566231,0.055853979494051444,0.05615182275598193,1452.0,1452.0,1452.0,1452.0,frequency direction and axis regularity after geometric resampling; this is not a moire-suppression measurement,True,300,,,,,,,,,,,,,,,,,,,,,,,,,,,,,,,,,,,,,,,,,,
weak_border,weak_border_04,proposed,geometry,ok,,,,4,4,,,,,,,,,,,,,,,,,,,,,,,,,,,,,,,,,,,,,,,,,,,,,,,,,,,,,,True,,4,300,4,126.04499816894531,137.30384063720703,147.5330467224121,148.43505859375,108.91010665893555,114.29969787597656,134.74758415222166,136.91604614257812,200.52915954589844,218.2845916748047,250.52705612182618,252.1559600830078,0.8926742158832729,0.8882214255961206,0.928635632967074,0.9336047807571892,0.014340227067073552,0.014814985887949828,0.02439496655145051,0.026060708069261418,0.007948878868291947,0.008233507319783478,0.0134810814934581,0.014393430863809063,5,4,,,,,,,,,,,,,
weak_border,weak_border_04,proposed,temporal,ok,,,,299,299,,,,,,,,,,,,,,,,,,,,,,,,,,,,,,,,,,,,,,,,,,,,,,,,,,,,,,,,,,,,,,,,,,,,,,,,,,,,,,,,,,,,,frame-to-frame projective motion of the estimated screen quadrilateral,0.005159921158934343,8.480152722314453e-15,8.480152722314453e-15,0.3086084340260734,0.00015087311161891684,8.483248147628775e-17,8.483248147628775e-17,0.009034357056092065,7.86944695099665e-07,0.0,0.0,4.740257793023339e-05
weak_border,weak_border_05,frame_wise,detail,ok,,5,True,5,5,0.05562475845217705,0.045339759439229965,0.09527559131383895,0.10162904113531113,0.057223863527178766,0.04276968538761139,0.09475430995225906,0.09846849739551544,0.9711459385837411,0.9523498912803542,1.0544922173606035,1.0600910207387924,0.021650077160493823,0.004528356481481481,0.06389612268518517,0.0741893325617284,0.018083719135802468,0.003841145833333333,0.04646045524691357,0.050963059413580244,0.33900725127186165,0.1420211247502141,0.7998175972887699,0.8546446231880982,0.3323844479465994,0.12605147520401758,0.7126665693640349,0.7166460062265204,0.33252486771387085,0.13356062714320466,0.7424161255357831,0.7676616608655288,,,,,,,,,,,,,,,,,,,,,,,,,,,,,,,,,,,,,,,,,,,,,,,,,,,,,,,,,,,,,,,,,
weak_border,weak_border_05,frame_wise,frequency,ok,,9,,9,9,,,,,,,,,,,,,,,,,,,,,,,,,,,,,,,,,89.55555555555556,90.0,90.0,90.0,0.4444444444444444,0.0,1.5999999999999996,2.0,3.888888888888889,6.5,7.0,7.0,0.050290724886360265,0.048452450538331734,0.057634725964403,0.06006533007937843,1452.0,1452.0,1452.0,1452.0,frequency direction and axis regularity after geometric resampling; this is not a moire-suppression measurement,True,300,,,,,,,,,,,,,,,,,,,,,,,,,,,,,,,,,,,,,,,,,,
weak_border,weak_border_05,frame_wise,geometry,ok,,,,4,4,,,,,,,,,,,,,,,,,,,,,,,,,,,,,,,,,,,,,,,,,,,,,,,,,,,,,,True,,4,300,4,287.3244438171387,312.55625915527344,341.30884246826173,344.6014404296875,282.5246467590332,307.2392883300781,335.9431457519531,339.25726318359375,342.4133834838867,372.91900634765625,408.042512512207,411.80731201171875,0.7944713091186552,0.7725183749563165,0.8481591262839339,0.8614465323768645,0.11130051145719982,0.14427864339784457,0.1461361245153477,0.14644560555839936,0.06232433254242103,0.08077831331546476,0.08185661560384504,0.08203763822159946,5,4,,,,,,,,,,,,,
weak_border,weak_border_05,frame_wise,temporal,ok,,,,299,299,,,,,,,,,,,,,,,,,,,,,,,,,,,,,,,,,,,,,,,,,,,,,,,,,,,,,,,,,,,,,,,,,,,,,,,,,,,,,,,,,,,,,frame-to-frame projective motion of the estimated screen quadrilateral,3.640974962859013,0.7766967866989453,8.335719185965486,455.035153270201,0.03801192196594704,0.0026785405333033903,0.0834423998226545,5.478373179667442,0.001442267384392854,0.00014890067875816815,0.005976335124234457,0.029348245537242246
weak_border,weak_border_05,optical_flow,detail,ok,,5,True,5,5,0.055680226162076,0.048367176204919815,0.09209256917238234,0.09760703891515732,0.057223863527178766,0.04276968538761139,0.09475430995225906,0.09846849739551544,0.9896359269545038,0.9912514306286413,1.116321583845477,1.1308751927113727,0.020733796296296295,0.005606192129629629,0.05913435570987653,0.06810715663580247,0.018083719135802468,0.003841145833333333,0.04646045524691357,0.050963059413580244,0.4015281758581367,0.4834177421989871,0.81164180805953,0.8541402991887462,0.372455566799417,0.3709981167608286,0.7397185686597426,0.7473717081294889,0.3832919531054334,0.419812132660873,0.7580133972569912,0.7748951861803918,,,,,,,,,,,,,,,,,,,,,,,,,,,,,,,,,,,,,,,,,,,,,,,,,,,,,,,,,,,,,,,,,
weak_border,weak_border_05,optical_flow,frequency,ok,,9,,9,9,,,,,,,,,,,,,,,,,,,,,,,,,,,,,,,,,89.88888888888889,90.0,90.0,90.0,0.1111111111111111,0.0,0.5999999999999996,1.0,3.7222222222222223,5.0,7.0,7.0,0.05108054341245841,0.0497270008093594,0.05759389363001297,0.05779414891975318,1452.0,1452.0,1452.0,1452.0,frequency direction and axis regularity after geometric resampling; this is not a moire-suppression measurement,True,300,,,,,,,,,,,,,,,,,,,,,,,,,,,,,,,,,,,,,,,,,,
weak_border,weak_border_05,optical_flow,geometry,ok,,,,4,4,,,,,,,,,,,,,,,,,,,,,,,,,,,,,,,,,,,,,,,,,,,,,,,,,,,,,,True,,4,300,4,237.44573879241943,283.70548248291016,339.5210784912109,343.1475830078125,231.6834373474121,278.5102081298828,331.27098693847654,334.97705078125,288.707257270813,341.81300354003906,407.2864227294922,407.8141784667969,0.824047204155462,0.7850273682839528,0.9386014075423125,0.9622761987601374,0.1088533736890463,0.1183556762633784,0.15775611901772574,0.1612024344850791,0.06095822290830279,0.06627993450767777,0.08838307535310574,0.09030429387281473,5,4,,,,,,,,,,,,,
weak_border,weak_border_05,optical_flow,temporal,ok,,,,299,299,,,,,,,,,,,,,,,,,,,,,,,,,,,,,,,,,,,,,,,,,,,,,,,,,,,,,,,,,,,,,,,,,,,,,,,,,,,,,,,,,,,,,frame-to-frame projective motion of the estimated screen quadrilateral,14.060003419986696,7.803620275607668,44.718816601906454,143.68899184995226,0.09459418955795149,0.0436704833820441,0.3919748398472352,0.7263088828797364,0.008808793162117861,0.004158285348671464,0.030351462371511487,0.1088642055955572
weak_border,weak_border_05,proposed,detail,ok,,5,True,5,5,0.05572135671973229,0.04568346217274666,0.09687733948230742,0.10377853363752365,0.057223863527178766,0.04276968538761139,0.09475430995225906,0.09846849739551544,0.9663821460875885,0.9218536047819262,1.0652869690994833,1.0681271503105156,0.019865451388888893,0.005244020061728395,0.05732166280864197,0.06606288580246913,0.018083719135802468,0.003841145833333333,0.04646045524691357,0.050963059413580244,0.35386678948302214,0.1076555023923445,0.8043103905374382,0.827865139455122,0.34707420049963117,0.08976773383553044,0.820662546511743,0.8591841176414925,0.3466151432480137,0.0979012467765615,0.7697476586594029,0.7775553032981888,,,,,,,,,,,,,,,,,,,,,,,,,,,,,,,,,,,,,,,,,,,,,,,,,,,,,,,,,,,,,,,,,
weak_border,weak_border_05,proposed,frequency,ok,,9,,9,9,,,,,,,,,,,,,,,,,,,,,,,,,,,,,,,,,88.88888888888889,89.0,90.0,90.0,1.1111111111111112,1.0,2.0,2.0,0.5555555555555556,0.5,1.0,1.0,0.053372424447881615,0.052626604382259905,0.05863748465257988,0.06085791012025118,1452.0,1452.0,1452.0,1452.0,frequency direction and axis regularity after geometric resampling; this is not a moire-suppression measurement,True,300,,,,,,,,,,,,,,,,,,,,,,,,,,,,,,,,,,,,,,,,,,
weak_border,weak_border_05,proposed,geometry,ok,,,,4,4,,,,,,,,,,,,,,,,,,,,,,,,,,,,,,,,,,,,,,,,,,,,,,,,,,,,,,True,,4,300,4,206.26935958862305,189.8877410888672,315.22441406249993,334.8226318359375,192.66405487060547,183.17489624023438,283.5557037353515,299.32794189453125,281.96508407592773,248.10694122314453,442.2396423339843,469.6022644042969,0.8186776252966962,0.8287133255614596,0.8971238012566634,0.9041034483481952,0.01485816022345765,0.014545515928864772,0.017400200816130383,0.017616252687329137,0.008318676726412606,0.008141683967513889,0.009754224763831887,0.009876450618229345,5,4,,,,,,,,,,,,,
weak_border,weak_border_05,proposed,temporal,ok,,,,299,299,,,,,,,,,,,,,,,,,,,,,,,,,,,,,,,,,,,,,,,,,,,,,,,,,,,,,,,,,,,,,,,,,,,,,,,,,,,,,,,,,,,,,frame-to-frame projective motion of the estimated screen quadrilateral,0.028793279052015962,1.2612417935603645e-14,1.2612417935603645e-14,1.4785911987936853,0.00025203535321354344,1.4530087604246995e-16,1.4530087604246995e-16,0.012429446803558087,1.9175729829816463e-05,0.0,0.0,0.0008920690925801056
weak_border,weak_border_06,frame_wise,detail,ok,,5,True,5,5,0.10625816360116005,0.08506517857313156,0.18238242864608764,0.18958042562007904,0.09701482355594634,0.08297409862279892,0.15732848048210143,0.16427162289619446,1.0573663750668492,1.025201598872905,1.1792251439993449,1.185514730830942,0.060139564043209894,0.04666666666666667,0.12541734182098765,0.13479263117283952,0.04922675540123457,0.04395978009259259,0.09756442901234567,0.10726610725308643,0.6463520692589195,0.7507781586084019,0.9000813356864283,0.9360929063805222,0.7182213101672462,0.7990565520267676,0.9109267587142676,0.9181664096535043,0.6742001530805217,0.776950709105301,0.8467336549780883,0.851897541518167,,,,,,,,,,,,,,,,,,,,,,,,,,,,,,,,,,,,,,,,,,,,,,,,,,,,,,,,,,,,,,,,,
weak_border,weak_border_06,frame_wise,frequency,ok,,9,,9,9,,,,,,,,,,,,,,,,,,,,,,,,,,,,,,,,,85.11111111111111,85.0,86.0,86.0,4.888888888888889,5.0,5.6,6.0,2.4444444444444446,2.5,2.8,3.0,0.04640496491959289,0.04674323046996927,0.048359212618830694,0.048837050980326036,1452.0,1452.0,1452.0,1452.0,frequency direction and axis regularity after geometric resampling; this is not a moire-suppression measurement,True,300,,,,,,,,,,,,,,,,,,,,,,,,,,,,,,,,,,,,,,,,,,
weak_border,weak_border_06,frame_wise,geometry,ok,,,,4,4,,,,,,,,,,,,,,,,,,,,,,,,,,,,,,,,,,,,,,,,,,,,,,,,,,,,,,True,,4,300,4,205.82771682739258,204.57678985595703,218.15761337280273,219.30140686035156,104.62274932861328,104.14673614501953,110.75439643859863,111.32232666015625,411.63197326660156,409.12742614746094,436.29503326416017,438.583251953125,0.9290256667238459,0.9289567923161257,0.9341302451317147,0.9344825245822671,0.13533360836591907,0.13465235387880659,0.1419816438870461,0.14290362617510644,0.07587041446286075,0.07557582942661169,0.07951783221562102,0.07998984145447921,5,4,,,,,,,,,,,,,
weak_border,weak_border_06,frame_wise,temporal,ok,,,,299,299,,,,,,,,,,,,,,,,,,,,,,,,,,,,,,,,,,,,,,,,,,,,,,,,,,,,,,,,,,,,,,,,,,,,,,,,,,,,,,,,,,,,,frame-to-frame projective motion of the estimated screen quadrilateral,4.634212756358335,2.3675550750069343,7.769509740494418,505.0441066876553,0.023950103295507934,0.02293096662394196,0.050758446180840674,0.262572170188438,0.0019050168470696937,0.0010680318166128577,0.0036256561426271532,0.1721749473499542
weak_border,weak_border_06,optical_flow,detail,ok,,5,True,5,5,0.1071624994277954,0.08830662816762924,0.17904568910598753,0.18492630124092102,0.09701482355594634,0.08297409862279892,0.15732848048210143,0.16427162289619446,1.082638027602728,1.096348041853894,1.1854936906796174,1.2004333848993887,0.05760050154320987,0.04651089891975309,0.1166333912037037,0.12438802083333333,0.04922675540123457,0.04395978009259259,0.09756442901234567,0.10726610725308643,0.6359655376651367,0.7457514645652963,0.9044785754557197,0.9329019362051734,0.6850359439401593,0.7868356096758269,0.8915029940430248,0.895511785889303,0.6545844547702092,0.7657428646635662,0.8480426072456518,0.8500791440251241,,,,,,,,,,,,,,,,,,,,,,,,,,,,,,,,,,,,,,,,,,,,,,,,,,,,,,,,,,,,,,,,,
weak_border,weak_border_06,optical_flow,frequency,ok,,9,,9,9,,,,,,,,,,,,,,,,,,,,,,,,,,,,,,,,,86.0,86.0,87.2,88.0,4.0,4.0,5.0,5.0,2.0,2.0,2.5,2.5,0.04698289505922057,0.047622474899305746,0.04858832894025161,0.04902015400127986,1452.0,1452.0,1452.0,1452.0,frequency direction and axis regularity after geometric resampling; this is not a moire-suppression measurement,True,300,,,,,,,,,,,,,,,,,,,,,,,,,,,,,,,,,,,,,,,,,,
weak_border,weak_border_06,optical_flow,geometry,ok,,,,4,4,,,,,,,,,,,,,,,,,,,,,,,,,,,,,,,,,,,,,,,,,,,,,,,,,,,,,,True,,4,300,4,193.7122344970703,200.7286834716797,209.07074127197265,209.4435577392578,117.82201385498047,117.015380859375,126.73498649597168,127.40826416015625,379.8708038330078,399.18328857421875,417.5695526123047,418.7027282714844,0.9093104707276092,0.9175879082375222,0.9216551708708898,0.921758908474808,0.12779950245008764,0.12620790790921765,0.1349504715326797,0.13613159595398638,0.07164419737465148,0.07080873780054955,0.07554736241409908,0.07619921949329418,5,4,,,,,,,,,,,,,
weak_border,weak_border_06,optical_flow,temporal,ok,,,,299,299,,,,,,,,,,,,,,,,,,,,,,,,,,,,,,,,,,,,,,,,,,,,,,,,,,,,,,,,,,,,,,,,,,,,,,,,,,,,,,,,,,,,,frame-to-frame projective motion of the estimated screen quadrilateral,20.82292170761627,14.092331945473942,60.199571617798625,156.92362899805974,0.09343923143738767,0.05711536954267716,0.334681893144481,0.612181417146942,0.014135587986079192,0.00960849675878328,0.03948196665482708,0.10240758874699885
weak_border,weak_border_06,proposed,detail,ok,,5,True,5,5,0.1074163019657135,0.09795830398797989,0.17478231191635132,0.18026874959468842,0.09701482355594634,0.08297409862279892,0.15732848048210143,0.16427162289619446,1.0911743149764206,1.097382167512905,1.1804103160591852,1.1805889502132385,0.061142554012345675,0.05700038580246913,0.12165007716049384,0.13006221064814816,0.04922675540123457,0.04395978009259259,0.09756442901234567,0.10726610725308643,0.6349478308694303,0.7123520385795704,0.9190842559802935,0.9358987427794767,0.6991753186527869,0.7968787582947776,0.948492535789465,0.9490807616546291,0.6609221757772531,0.8138512917838443,0.8893698717108993,0.8965093411078296,,,,,,,,,,,,,,,,,,,,,,,,,,,,,,,,,,,,,,,,,,,,,,,,,,,,,,,,,,,,,,,,,
weak_border,weak_border_06,proposed,frequency,ok,,9,,9,9,,,,,,,,,,,,,,,,,,,,,,,,,,,,,,,,,89.44444444444444,90.0,90.0,90.0,0.5555555555555556,0.0,1.5999999999999996,2.0,0.2777777777777778,0.0,0.7999999999999998,1.0,0.05295698779139222,0.05325989593975976,0.05821081838048733,0.0599121004952102,1452.0,1452.0,1452.0,1452.0,frequency direction and axis regularity after geometric resampling; this is not a moire-suppression measurement,True,300,,,,,,,,,,,,,,,,,,,,,,,,,,,,,,,,,,,,,,,,,,
weak_border,weak_border_06,proposed,geometry,ok,,,,4,4,,,,,,,,,,,,,,,,,,,,,,,,,,,,,,,,,,,,,,,,,,,,,,,,,,,,,,True,,4,300,4,188.20003509521484,158.90066528320312,270.68241806030267,289.360107421875,171.5531234741211,144.83428955078125,258.7561645507812,277.8065490722656,249.75165557861328,220.98844146728516,360.2953636169433,382.6133728027344,0.8309589471946516,0.8511043115484865,0.8734826708881637,0.8773104105199004,0.004789399969754193,0.005418802518341703,0.007344493977489907,0.007575064344472526,0.002683023822065639,0.003036702442334556,0.0041114932574202595,0.004240117708275394,5,4,,,,,,,,,,,,,
weak_border,weak_border_06,proposed,temporal,ok,,,,299,299,,,,,,,,,,,,,,,,,,,,,,,,,,,,,,,,,,,,,,,,,,,,,,,,,,,,,,,,,,,,,,,,,,,,,,,,,,,,,,,,,,,,,frame-to-frame projective motion of the estimated screen quadrilateral,0.010174427057167533,0.0,0.0,0.6087439735916692,0.00016408422340488665,0.0,0.0,0.009821677597526694,9.054603151078299e-06,0.0,0.0,0.0005433106682952715
weak_border,weak_border_07,frame_wise,detail,ok,,5,True,5,5,0.021016855910420417,0.01928711123764515,0.030280832201242447,0.031520869582891464,0.022568929195404052,0.01992681436240673,0.0333941038697958,0.034834153950214386,0.938352068175363,0.9323768551099462,0.9698287605529877,0.9703116078927242,0.0023777970679012346,0.0021903935185185186,0.0027764274691358024,0.0028125,0.002025848765432099,0.002017746913580247,0.002213155864197531,0.0022337962962962962,0.8161027538918836,0.8392778511668868,0.9467026027862222,0.9673963670237541,0.9466916067376066,0.9447713897691263,0.985642572944297,0.9954907161803713,0.8727105268044625,0.8895595396595567,0.9446132914882482,0.9559500277983549,,,,,,,,,,,,,,,,,,,,,,,,,,,,,,,,,,,,,,,,,,,,,,,,,,,,,,,,,,,,,,,,,
weak_border,weak_border_07,frame_wise,frequency,ok,,9,,9,9,,,,,,,,,,,,,,,,,,,,,,,,,,,,,,,,,90.0,90.0,90.0,90.0,0.0,0.0,0.0,0.0,0.0,0.0,0.0,0.0,0.05090261823210187,0.051146835281900845,0.05176774607799732,0.05194216669486314,1452.0,1452.0,1452.0,1452.0,frequency direction and axis regularity after geometric resampling; this is not a moire-suppression measurement,True,300,,,,,,,,,,,,,,,,,,,,,,,,,,,,,,,,,,,,,,,,,,
weak_border,weak_border_07,frame_wise,geometry,ok,,,,4,4,,,,,,,,,,,,,,,,,,,,,,,,,,,,,,,,,,,,,,,,,,,,,,,,,,,,,,True,,4,300,4,2.1857484877109528,1.9667871594429016,2.9690257668495175,3.110259771347046,1.8934881687164307,1.8078760504722595,2.392549705505371,2.4511895179748535,3.6133548617362976,2.962168574333191,5.355601871013641,5.754511833190918,0.99837406427114,0.9983989878667189,0.9988941979836827,0.998950427112851,0.0012513527343305797,0.0003139090169637093,0.0036767396069610535,0.004253291690024197,0.0006919052238613877,0.00017446089920247347,0.002030892404836936,0.0023491096144154728,5,4,,,,,,,,,,,,,
weak_border,weak_border_07,frame_wise,temporal,ok,,,,299,299,,,,,,,,,,,,,,,,,,,,,,,,,,,,,,,,,,,,,,,,,,,,,,,,,,,,,,,,,,,,,,,,,,,,,,,,,,,,,,,,,,,,,frame-to-frame projective motion of the estimated screen quadrilateral,2.441422266775947,2.2718380219393444,5.122776920499796,10.491353251370244,0.0271438738017558,0.021421549959275945,0.07198611433407193,0.14272556374288414,0.0015448478487627047,0.0011901474803670542,0.0037448151022512776,0.015575474208033846
weak_border,weak_border_07,optical_flow,detail,ok,,5,True,5,5,0.023729556798934938,0.02373761497437954,0.031219448894262314,0.03155437484383583,0.022568929195404052,0.01992681436240673,0.0333941038697958,0.034834153950214386,1.0766637783127968,1.0812712378450589,1.233724777126601,1.244346013646486,0.0027450810185185187,0.002739679783950617,0.00331664737654321,0.003400848765432099,0.002025848765432099,0.002017746913580247,0.002213155864197531,0.0022337962962962962,0.5813239837675989,0.4748341155526784,0.9009286989161451,0.9767660173668153,0.7457980389404095,0.7005258126195029,0.9053117401323018,0.9409234947940245,0.6445617184807365,0.5660113922282276,0.8946585655615323,0.9585097992440202,,,,,,,,,,,,,,,,,,,,,,,,,,,,,,,,,,,,,,,,,,,,,,,,,,,,,,,,,,,,,,,,,
weak_border,weak_border_07,optical_flow,frequency,ok,,9,,9,9,,,,,,,,,,,,,,,,,,,,,,,,,,,,,,,,,90.0,90.0,90.0,90.0,0.0,0.0,0.0,0.0,0.0,0.0,0.0,0.0,0.05155979340670323,0.05132250347819449,0.05329675340046474,0.05362506567925475,1452.0,1452.0,1452.0,1452.0,frequency direction and axis regularity after geometric resampling; this is not a moire-suppression measurement,True,300,,,,,,,,,,,,,,,,,,,,,,,,,,,,,,,,,,,,,,,,,,
weak_border,weak_border_07,optical_flow,geometry,ok,,,,4,4,,,,,,,,,,,,,,,,,,,,,,,,,,,,,,,,,,,,,,,,,,,,,,,,,,,,,,True,,4,300,4,31.154689073562622,28.035346031188965,54.80260925292968,57.9269905090332,30.26994276046753,27.185108184814453,53.92473354339599,57.02690124511719,38.46590709686279,33.88888645172119,65.97861518859862,69.7632827758789,0.9758521956808626,0.9785211859111436,0.9913054112876137,0.9923794274220028,0.005265280158783137,0.004316864654476227,0.011069002037859776,0.011656792145667838,0.0029202028566327753,0.0023857863045517037,0.0061472239461347325,0.006477822286333424,5,4,,,,,,,,,,,,,
weak_border,weak_border_07,optical_flow,temporal,ok,,,,299,299,,,,,,,,,,,,,,,,,,,,,,,,,,,,,,,,,,,,,,,,,,,,,,,,,,,,,,,,,,,,,,,,,,,,,,,,,,,,,,,,,,,,,frame-to-frame projective motion of the estimated screen quadrilateral,12.413954036391965,8.63763076421428,35.794382980842094,140.47847312130082,0.04805085534138367,0.028633507104405743,0.15260430346133078,0.3891941210664718,0.008308645491094236,0.005403843466870395,0.025545814363932186,0.10018331612490305
weak_border,weak_border_07,proposed,detail,ok,,5,True,5,5,0.026469947770237923,0.025819512084126472,0.031930727139115336,0.03231007605791092,0.022568929195404052,0.01992681436240673,0.0333941038697958,0.034834153950214386,1.2496322352099751,1.1274865217060892,1.614309988023576,1.6596652615565388,0.003610146604938271,0.0036786265432098763,0.004668402777777777,0.004819155092592593,0.002025848765432099,0.002017746913580247,0.002213155864197531,0.0022337962962962962,0.18928718127553598,0.05814069848894226,0.6144776046500268,0.7457627118644068,0.2471137748986628,0.12435233160621761,0.7203778632865548,0.8650973291081937,0.2120162476783817,0.07923515122242268,0.6627128124888358,0.8010097882778823,,,,,,,,,,,,,,,,,,,,,,,,,,,,,,,,,,,,,,,,,,,,,,,,,,,,,,,,,,,,,,,,,
weak_border,weak_border_07,proposed,frequency,ok,,9,,9,9,,,,,,,,,,,,,,,,,,,,,,,,,,,,,,,,,88.44444444444444,88.0,90.0,90.0,1.5555555555555556,2.0,3.0,3.0,0.7777777777777778,1.0,1.5,1.5,0.052965218599918866,0.05329224505566231,0.055853979494051444,0.05615182275598193,1452.0,1452.0,1452.0,1452.0,frequency direction and axis regularity after geometric resampling; this is not a moire-suppression measurement,True,300,,,,,,,,,,,,,,,,,,,,,,,,,,,,,,,,,,,,,,,,,,
weak_border,weak_border_07,proposed,geometry,ok,,,,4,4,,,,,,,,,,,,,,,,,,,,,,,,,,,,,,,,,,,,,,,,,,,,,,,,,,,,,,True,,4,300,4,126.04499816894531,137.30384063720703,147.5330467224121,148.43505859375,108.91010665893555,114.29969787597656,134.74758415222166,136.91604614257812,200.52915954589844,218.2845916748047,250.52705612182618,252.1559600830078,0.8926742158832729,0.8882214255961206,0.928635632967074,0.9336047807571892,0.014340227067073552,0.014814985887949828,0.02439496655145051,0.026060708069261418,0.007948878868291947,0.008233507319783478,0.0134810814934581,0.014393430863809063,5,4,,,,,,,,,,,,,
weak_border,weak_border_07,proposed,temporal,ok,,,,299,299,,,,,,,,,,,,,,,,,,,,,,,,,,,,,,,,,,,,,,,,,,,,,,,,,,,,,,,,,,,,,,,,,,,,,,,,,,,,,,,,,,,,,frame-to-frame projective motion of the estimated screen quadrilateral,0.005159921158934343,8.480152722314453e-15,8.480152722314453e-15,0.3086084340260734,0.00015087311161891684,8.483248147628775e-17,8.483248147628775e-17,0.009034357056092065,7.86944695099665e-07,0.0,0.0,4.740257793023339e-05
weak_border,weak_border_08,frame_wise,detail,ok,,5,True,5,5,0.05562475845217705,0.045339759439229965,0.09527559131383895,0.10162904113531113,0.057223863527178766,0.04276968538761139,0.09475430995225906,0.09846849739551544,0.9711459385837411,0.9523498912803542,1.0544922173606035,1.0600910207387924,0.021650077160493823,0.004528356481481481,0.06389612268518517,0.0741893325617284,0.018083719135802468,0.003841145833333333,0.04646045524691357,0.050963059413580244,0.33900725127186165,0.1420211247502141,0.7998175972887699,0.8546446231880982,0.3323844479465994,0.12605147520401758,0.7126665693640349,0.7166460062265204,0.33252486771387085,0.13356062714320466,0.7424161255357831,0.7676616608655288,,,,,,,,,,,,,,,,,,,,,,,,,,,,,,,,,,,,,,,,,,,,,,,,,,,,,,,,,,,,,,,,,
weak_border,weak_border_08,frame_wise,frequency,ok,,9,,9,9,,,,,,,,,,,,,,,,,,,,,,,,,,,,,,,,,89.55555555555556,90.0,90.0,90.0,0.4444444444444444,0.0,1.5999999999999996,2.0,3.888888888888889,6.5,7.0,7.0,0.050290724886360265,0.048452450538331734,0.057634725964403,0.06006533007937843,1452.0,1452.0,1452.0,1452.0,frequency direction and axis regularity after geometric resampling; this is not a moire-suppression measurement,True,300,,,,,,,,,,,,,,,,,,,,,,,,,,,,,,,,,,,,,,,,,,
weak_border,weak_border_08,frame_wise,geometry,ok,,,,4,4,,,,,,,,,,,,,,,,,,,,,,,,,,,,,,,,,,,,,,,,,,,,,,,,,,,,,,True,,4,300,4,287.3244438171387,312.55625915527344,341.30884246826173,344.6014404296875,282.5246467590332,307.2392883300781,335.9431457519531,339.25726318359375,342.4133834838867,372.91900634765625,408.042512512207,411.80731201171875,0.7944713091186552,0.7725183749563165,0.8481591262839339,0.8614465323768645,0.11130051145719982,0.14427864339784457,0.1461361245153477,0.14644560555839936,0.06232433254242103,0.08077831331546476,0.08185661560384504,0.08203763822159946,5,4,,,,,,,,,,,,,
weak_border,weak_border_08,frame_wise,temporal,ok,,,,299,299,,,,,,,,,,,,,,,,,,,,,,,,,,,,,,,,,,,,,,,,,,,,,,,,,,,,,,,,,,,,,,,,,,,,,,,,,,,,,,,,,,,,,frame-to-frame projective motion of the estimated screen quadrilateral,3.640974962859013,0.7766967866989453,8.335719185965486,455.035153270201,0.03801192196594704,0.0026785405333033903,0.0834423998226545,5.478373179667442,0.001442267384392854,0.00014890067875816815,0.005976335124234457,0.029348245537242246
weak_border,weak_border_08,optical_flow,detail,ok,,5,True,5,5,0.055680226162076,0.048367176204919815,0.09209256917238234,0.09760703891515732,0.057223863527178766,0.04276968538761139,0.09475430995225906,0.09846849739551544,0.9896359269545038,0.9912514306286413,1.116321583845477,1.1308751927113727,0.020733796296296295,0.005606192129629629,0.05913435570987653,0.06810715663580247,0.018083719135802468,0.003841145833333333,0.04646045524691357,0.050963059413580244,0.4015281758581367,0.4834177421989871,0.81164180805953,0.8541402991887462,0.372455566799417,0.3709981167608286,0.7397185686597426,0.7473717081294889,0.3832919531054334,0.419812132660873,0.7580133972569912,0.7748951861803918,,,,,,,,,,,,,,,,,,,,,,,,,,,,,,,,,,,,,,,,,,,,,,,,,,,,,,,,,,,,,,,,,
weak_border,weak_border_08,optical_flow,frequency,ok,,9,,9,9,,,,,,,,,,,,,,,,,,,,,,,,,,,,,,,,,89.88888888888889,90.0,90.0,90.0,0.1111111111111111,0.0,0.5999999999999996,1.0,3.7222222222222223,5.0,7.0,7.0,0.05108054341245841,0.0497270008093594,0.05759389363001297,0.05779414891975318,1452.0,1452.0,1452.0,1452.0,frequency direction and axis regularity after geometric resampling; this is not a moire-suppression measurement,True,300,,,,,,,,,,,,,,,,,,,,,,,,,,,,,,,,,,,,,,,,,,
weak_border,weak_border_08,optical_flow,geometry,ok,,,,4,4,,,,,,,,,,,,,,,,,,,,,,,,,,,,,,,,,,,,,,,,,,,,,,,,,,,,,,True,,4,300,4,237.44573879241943,283.70548248291016,339.5210784912109,343.1475830078125,231.6834373474121,278.5102081298828,331.27098693847654,334.97705078125,288.707257270813,341.81300354003906,407.2864227294922,407.8141784667969,0.824047204155462,0.7850273682839528,0.9386014075423125,0.9622761987601374,0.1088533736890463,0.1183556762633784,0.15775611901772574,0.1612024344850791,0.06095822290830279,0.06627993450767777,0.08838307535310574,0.09030429387281473,5,4,,,,,,,,,,,,,
weak_border,weak_border_08,optical_flow,temporal,ok,,,,299,299,,,,,,,,,,,,,,,,,,,,,,,,,,,,,,,,,,,,,,,,,,,,,,,,,,,,,,,,,,,,,,,,,,,,,,,,,,,,,,,,,,,,,frame-to-frame projective motion of the estimated screen quadrilateral,14.060003419986696,7.803620275607668,44.718816601906454,143.68899184995226,0.09459418955795149,0.0436704833820441,0.3919748398472352,0.7263088828797364,0.008808793162117861,0.004158285348671464,0.030351462371511487,0.1088642055955572
weak_border,weak_border_08,proposed,detail,ok,,5,True,5,5,0.05572135671973229,0.04568346217274666,0.09687733948230742,0.10377853363752365,0.057223863527178766,0.04276968538761139,0.09475430995225906,0.09846849739551544,0.9663821460875885,0.9218536047819262,1.0652869690994833,1.0681271503105156,0.019865451388888893,0.005244020061728395,0.05732166280864197,0.06606288580246913,0.018083719135802468,0.003841145833333333,0.04646045524691357,0.050963059413580244,0.35386678948302214,0.1076555023923445,0.8043103905374382,0.827865139455122,0.34707420049963117,0.08976773383553044,0.820662546511743,0.8591841176414925,0.3466151432480137,0.0979012467765615,0.7697476586594029,0.7775553032981888,,,,,,,,,,,,,,,,,,,,,,,,,,,,,,,,,,,,,,,,,,,,,,,,,,,,,,,,,,,,,,,,,
weak_border,weak_border_08,proposed,frequency,ok,,9,,9,9,,,,,,,,,,,,,,,,,,,,,,,,,,,,,,,,,88.88888888888889,89.0,90.0,90.0,1.1111111111111112,1.0,2.0,2.0,0.5555555555555556,0.5,1.0,1.0,0.053372424447881615,0.052626604382259905,0.05863748465257988,0.06085791012025118,1452.0,1452.0,1452.0,1452.0,frequency direction and axis regularity after geometric resampling; this is not a moire-suppression measurement,True,300,,,,,,,,,,,,,,,,,,,,,,,,,,,,,,,,,,,,,,,,,,
weak_border,weak_border_08,proposed,geometry,ok,,,,4,4,,,,,,,,,,,,,,,,,,,,,,,,,,,,,,,,,,,,,,,,,,,,,,,,,,,,,,True,,4,300,4,206.26935958862305,189.8877410888672,315.22441406249993,334.8226318359375,192.66405487060547,183.17489624023438,283.5557037353515,299.32794189453125,281.96508407592773,248.10694122314453,442.2396423339843,469.6022644042969,0.8186776252966962,0.8287133255614596,0.8971238012566634,0.9041034483481952,0.01485816022345765,0.014545515928864772,0.017400200816130383,0.017616252687329137,0.008318676726412606,0.008141683967513889,0.009754224763831887,0.009876450618229345,5,4,,,,,,,,,,,,,
weak_border,weak_border_08,proposed,temporal,ok,,,,299,299,,,,,,,,,,,,,,,,,,,,,,,,,,,,,,,,,,,,,,,,,,,,,,,,,,,,,,,,,,,,,,,,,,,,,,,,,,,,,,,,,,,,,frame-to-frame projective motion of the estimated screen quadrilateral,0.028793279052015962,1.2612417935603645e-14,1.2612417935603645e-14,1.4785911987936853,0.00025203535321354344,1.4530087604246995e-16,1.4530087604246995e-16,0.012429446803558087,1.9175729829816463e-05,0.0,0.0,0.0008920690925801056
weak_border,weak_border_09,frame_wise,detail,ok,,5,True,5,5,0.021016855910420417,0.01928711123764515,0.030280832201242447,0.031520869582891464,0.022568929195404052,0.01992681436240673,0.0333941038697958,0.034834153950214386,0.938352068175363,0.9323768551099462,0.9698287605529877,0.9703116078927242,0.0023777970679012346,0.0021903935185185186,0.0027764274691358024,0.0028125,0.002025848765432099,0.002017746913580247,0.002213155864197531,0.0022337962962962962,0.8161027538918836,0.8392778511668868,0.9467026027862222,0.9673963670237541,0.9466916067376066,0.9447713897691263,0.985642572944297,0.9954907161803713,0.8727105268044625,0.8895595396595567,0.9446132914882482,0.9559500277983549,,,,,,,,,,,,,,,,,,,,,,,,,,,,,,,,,,,,,,,,,,,,,,,,,,,,,,,,,,,,,,,,,
weak_border,weak_border_09,frame_wise,frequency,ok,,9,,9,9,,,,,,,,,,,,,,,,,,,,,,,,,,,,,,,,,90.0,90.0,90.0,90.0,0.0,0.0,0.0,0.0,0.0,0.0,0.0,0.0,0.05090261823210187,0.051146835281900845,0.05176774607799732,0.05194216669486314,1452.0,1452.0,1452.0,1452.0,frequency direction and axis regularity after geometric resampling; this is not a moire-suppression measurement,True,300,,,,,,,,,,,,,,,,,,,,,,,,,,,,,,,,,,,,,,,,,,
weak_border,weak_border_09,frame_wise,geometry,ok,,,,4,4,,,,,,,,,,,,,,,,,,,,,,,,,,,,,,,,,,,,,,,,,,,,,,,,,,,,,,True,,4,300,4,2.1857484877109528,1.9667871594429016,2.9690257668495175,3.110259771347046,1.8934881687164307,1.8078760504722595,2.392549705505371,2.4511895179748535,3.6133548617362976,2.962168574333191,5.355601871013641,5.754511833190918,0.99837406427114,0.9983989878667189,0.9988941979836827,0.998950427112851,0.0012513527343305797,0.0003139090169637093,0.0036767396069610535,0.004253291690024197,0.0006919052238613877,0.00017446089920247347,0.002030892404836936,0.0023491096144154728,5,4,,,,,,,,,,,,,
weak_border,weak_border_09,frame_wise,temporal,ok,,,,299,299,,,,,,,,,,,,,,,,,,,,,,,,,,,,,,,,,,,,,,,,,,,,,,,,,,,,,,,,,,,,,,,,,,,,,,,,,,,,,,,,,,,,,frame-to-frame projective motion of the estimated screen quadrilateral,2.441422266775947,2.2718380219393444,5.122776920499796,10.491353251370244,0.0271438738017558,0.021421549959275945,0.07198611433407193,0.14272556374288414,0.0015448478487627047,0.0011901474803670542,0.0037448151022512776,0.015575474208033846
weak_border,weak_border_09,optical_flow,detail,ok,,5,True,5,5,0.023729556798934938,0.02373761497437954,0.031219448894262314,0.03155437484383583,0.022568929195404052,0.01992681436240673,0.0333941038697958,0.034834153950214386,1.0766637783127968,1.0812712378450589,1.233724777126601,1.244346013646486,0.0027450810185185187,0.002739679783950617,0.00331664737654321,0.003400848765432099,0.002025848765432099,0.002017746913580247,0.002213155864197531,0.0022337962962962962,0.5813239837675989,0.4748341155526784,0.9009286989161451,0.9767660173668153,0.7457980389404095,0.7005258126195029,0.9053117401323018,0.9409234947940245,0.6445617184807365,0.5660113922282276,0.8946585655615323,0.9585097992440202,,,,,,,,,,,,,,,,,,,,,,,,,,,,,,,,,,,,,,,,,,,,,,,,,,,,,,,,,,,,,,,,,
weak_border,weak_border_09,optical_flow,frequency,ok,,9,,9,9,,,,,,,,,,,,,,,,,,,,,,,,,,,,,,,,,90.0,90.0,90.0,90.0,0.0,0.0,0.0,0.0,0.0,0.0,0.0,0.0,0.05155979340670323,0.05132250347819449,0.05329675340046474,0.05362506567925475,1452.0,1452.0,1452.0,1452.0,frequency direction and axis regularity after geometric resampling; this is not a moire-suppression measurement,True,300,,,,,,,,,,,,,,,,,,,,,,,,,,,,,,,,,,,,,,,,,,
weak_border,weak_border_09,optical_flow,geometry,ok,,,,4,4,,,,,,,,,,,,,,,,,,,,,,,,,,,,,,,,,,,,,,,,,,,,,,,,,,,,,,True,,4,300,4,31.154689073562622,28.035346031188965,54.80260925292968,57.9269905090332,30.26994276046753,27.185108184814453,53.92473354339599,57.02690124511719,38.46590709686279,33.88888645172119,65.97861518859862,69.7632827758789,0.9758521956808626,0.9785211859111436,0.9913054112876137,0.9923794274220028,0.005265280158783137,0.004316864654476227,0.011069002037859776,0.011656792145667838,0.0029202028566327753,0.0023857863045517037,0.0061472239461347325,0.006477822286333424,5,4,,,,,,,,,,,,,
weak_border,weak_border_09,optical_flow,temporal,ok,,,,299,299,,,,,,,,,,,,,,,,,,,,,,,,,,,,,,,,,,,,,,,,,,,,,,,,,,,,,,,,,,,,,,,,,,,,,,,,,,,,,,,,,,,,,frame-to-frame projective motion of the estimated screen quadrilateral,12.413954036391965,8.63763076421428,35.794382980842094,140.47847312130082,0.04805085534138367,0.028633507104405743,0.15260430346133078,0.3891941210664718,0.008308645491094236,0.005403843466870395,0.025545814363932186,0.10018331612490305
weak_border,weak_border_09,proposed,detail,ok,,5,True,5,5,0.026469947770237923,0.025819512084126472,0.031930727139115336,0.03231007605791092,0.022568929195404052,0.01992681436240673,0.0333941038697958,0.034834153950214386,1.2496322352099751,1.1274865217060892,1.614309988023576,1.6596652615565388,0.003610146604938271,0.0036786265432098763,0.004668402777777777,0.004819155092592593,0.002025848765432099,0.002017746913580247,0.002213155864197531,0.0022337962962962962,0.18928718127553598,0.05814069848894226,0.6144776046500268,0.7457627118644068,0.2471137748986628,0.12435233160621761,0.7203778632865548,0.8650973291081937,0.2120162476783817,0.07923515122242268,0.6627128124888358,0.8010097882778823,,,,,,,,,,,,,,,,,,,,,,,,,,,,,,,,,,,,,,,,,,,,,,,,,,,,,,,,,,,,,,,,,
weak_border,weak_border_09,proposed,frequency,ok,,9,,9,9,,,,,,,,,,,,,,,,,,,,,,,,,,,,,,,,,88.44444444444444,88.0,90.0,90.0,1.5555555555555556,2.0,3.0,3.0,0.7777777777777778,1.0,1.5,1.5,0.052965218599918866,0.05329224505566231,0.055853979494051444,0.05615182275598193,1452.0,1452.0,1452.0,1452.0,frequency direction and axis regularity after geometric resampling; this is not a moire-suppression measurement,True,300,,,,,,,,,,,,,,,,,,,,,,,,,,,,,,,,,,,,,,,,,,
weak_border,weak_border_09,proposed,geometry,ok,,,,4,4,,,,,,,,,,,,,,,,,,,,,,,,,,,,,,,,,,,,,,,,,,,,,,,,,,,,,,True,,4,300,4,126.04499816894531,137.30384063720703,147.5330467224121,148.43505859375,108.91010665893555,114.29969787597656,134.74758415222166,136.91604614257812,200.52915954589844,218.2845916748047,250.52705612182618,252.1559600830078,0.8926742158832729,0.8882214255961206,0.928635632967074,0.9336047807571892,0.014340227067073552,0.014814985887949828,0.02439496655145051,0.026060708069261418,0.007948878868291947,0.008233507319783478,0.0134810814934581,0.014393430863809063,5,4,,,,,,,,,,,,,
weak_border,weak_border_09,proposed,temporal,ok,,,,299,299,,,,,,,,,,,,,,,,,,,,,,,,,,,,,,,,,,,,,,,,,,,,,,,,,,,,,,,,,,,,,,,,,,,,,,,,,,,,,,,,,,,,,frame-to-frame projective motion of the estimated screen quadrilateral,0.005159921158934343,8.480152722314453e-15,8.480152722314453e-15,0.3086084340260734,0.00015087311161891684,8.483248147628775e-17,8.483248147628775e-17,0.009034357056092065,7.86944695099665e-07,0.0,0.0,4.740257793023339e-05
weak_border,weak_border_10,frame_wise,detail,ok,,5,True,5,5,0.10625816360116005,0.08506517857313156,0.18238242864608764,0.18958042562007904,0.09701482355594634,0.08297409862279892,0.15732848048210143,0.16427162289619446,1.0573663750668492,1.025201598872905,1.1792251439993449,1.185514730830942,0.060139564043209894,0.04666666666666667,0.12541734182098765,0.13479263117283952,0.04922675540123457,0.04395978009259259,0.09756442901234567,0.10726610725308643,0.6463520692589195,0.7507781586084019,0.9000813356864283,0.9360929063805222,0.7182213101672462,0.7990565520267676,0.9109267587142676,0.9181664096535043,0.6742001530805217,0.776950709105301,0.8467336549780883,0.851897541518167,,,,,,,,,,,,,,,,,,,,,,,,,,,,,,,,,,,,,,,,,,,,,,,,,,,,,,,,,,,,,,,,,
weak_border,weak_border_10,frame_wise,frequency,ok,,9,,9,9,,,,,,,,,,,,,,,,,,,,,,,,,,,,,,,,,85.11111111111111,85.0,86.0,86.0,4.888888888888889,5.0,5.6,6.0,2.4444444444444446,2.5,2.8,3.0,0.04640496491959289,0.04674323046996927,0.048359212618830694,0.048837050980326036,1452.0,1452.0,1452.0,1452.0,frequency direction and axis regularity after geometric resampling; this is not a moire-suppression measurement,True,300,,,,,,,,,,,,,,,,,,,,,,,,,,,,,,,,,,,,,,,,,,
weak_border,weak_border_10,frame_wise,geometry,ok,,,,4,4,,,,,,,,,,,,,,,,,,,,,,,,,,,,,,,,,,,,,,,,,,,,,,,,,,,,,,True,,4,300,4,205.82771682739258,204.57678985595703,218.15761337280273,219.30140686035156,104.62274932861328,104.14673614501953,110.75439643859863,111.32232666015625,411.63197326660156,409.12742614746094,436.29503326416017,438.583251953125,0.9290256667238459,0.9289567923161257,0.9341302451317147,0.9344825245822671,0.13533360836591907,0.13465235387880659,0.1419816438870461,0.14290362617510644,0.07587041446286075,0.07557582942661169,0.07951783221562102,0.07998984145447921,5,4,,,,,,,,,,,,,
weak_border,weak_border_10,frame_wise,temporal,ok,,,,299,299,,,,,,,,,,,,,,,,,,,,,,,,,,,,,,,,,,,,,,,,,,,,,,,,,,,,,,,,,,,,,,,,,,,,,,,,,,,,,,,,,,,,,frame-to-frame projective motion of the estimated screen quadrilateral,4.634212756358335,2.3675550750069343,7.769509740494418,505.0441066876553,0.023950103295507934,0.02293096662394196,0.050758446180840674,0.262572170188438,0.0019050168470696937,0.0010680318166128577,0.0036256561426271532,0.1721749473499542
weak_border,weak_border_10,optical_flow,detail,ok,,5,True,5,5,0.1071624994277954,0.08830662816762924,0.17904568910598753,0.18492630124092102,0.09701482355594634,0.08297409862279892,0.15732848048210143,0.16427162289619446,1.082638027602728,1.096348041853894,1.1854936906796174,1.2004333848993887,0.05760050154320987,0.04651089891975309,0.1166333912037037,0.12438802083333333,0.04922675540123457,0.04395978009259259,0.09756442901234567,0.10726610725308643,0.6359655376651367,0.7457514645652963,0.9044785754557197,0.9329019362051734,0.6850359439401593,0.7868356096758269,0.8915029940430248,0.895511785889303,0.6545844547702092,0.7657428646635662,0.8480426072456518,0.8500791440251241,,,,,,,,,,,,,,,,,,,,,,,,,,,,,,,,,,,,,,,,,,,,,,,,,,,,,,,,,,,,,,,,,
weak_border,weak_border_10,optical_flow,frequency,ok,,9,,9,9,,,,,,,,,,,,,,,,,,,,,,,,,,,,,,,,,86.0,86.0,87.2,88.0,4.0,4.0,5.0,5.0,2.0,2.0,2.5,2.5,0.04698289505922057,0.047622474899305746,0.04858832894025161,0.04902015400127986,1452.0,1452.0,1452.0,1452.0,frequency direction and axis regularity after geometric resampling; this is not a moire-suppression measurement,True,300,,,,,,,,,,,,,,,,,,,,,,,,,,,,,,,,,,,,,,,,,,
weak_border,weak_border_10,optical_flow,geometry,ok,,,,4,4,,,,,,,,,,,,,,,,,,,,,,,,,,,,,,,,,,,,,,,,,,,,,,,,,,,,,,True,,4,300,4,193.7122344970703,200.7286834716797,209.07074127197265,209.4435577392578,117.82201385498047,117.015380859375,126.73498649597168,127.40826416015625,379.8708038330078,399.18328857421875,417.5695526123047,418.7027282714844,0.9093104707276092,0.9175879082375222,0.9216551708708898,0.921758908474808,0.12779950245008764,0.12620790790921765,0.1349504715326797,0.13613159595398638,0.07164419737465148,0.07080873780054955,0.07554736241409908,0.07619921949329418,5,4,,,,,,,,,,,,,
weak_border,weak_border_10,optical_flow,temporal,ok,,,,299,299,,,,,,,,,,,,,,,,,,,,,,,,,,,,,,,,,,,,,,,,,,,,,,,,,,,,,,,,,,,,,,,,,,,,,,,,,,,,,,,,,,,,,frame-to-frame projective motion of the estimated screen quadrilateral,20.82292170761627,14.092331945473942,60.199571617798625,156.92362899805974,0.09343923143738767,0.05711536954267716,0.334681893144481,0.612181417146942,0.014135587986079192,0.00960849675878328,0.03948196665482708,0.10240758874699885
weak_border,weak_border_10,proposed,detail,ok,,5,True,5,5,0.1074163019657135,0.09795830398797989,0.17478231191635132,0.18026874959468842,0.09701482355594634,0.08297409862279892,0.15732848048210143,0.16427162289619446,1.0911743149764206,1.097382167512905,1.1804103160591852,1.1805889502132385,0.061142554012345675,0.05700038580246913,0.12165007716049384,0.13006221064814816,0.04922675540123457,0.04395978009259259,0.09756442901234567,0.10726610725308643,0.6349478308694303,0.7123520385795704,0.9190842559802935,0.9358987427794767,0.6991753186527869,0.7968787582947776,0.948492535789465,0.9490807616546291,0.6609221757772531,0.8138512917838443,0.8893698717108993,0.8965093411078296,,,,,,,,,,,,,,,,,,,,,,,,,,,,,,,,,,,,,,,,,,,,,,,,,,,,,,,,,,,,,,,,,
weak_border,weak_border_10,proposed,frequency,ok,,9,,9,9,,,,,,,,,,,,,,,,,,,,,,,,,,,,,,,,,89.44444444444444,90.0,90.0,90.0,0.5555555555555556,0.0,1.5999999999999996,2.0,0.2777777777777778,0.0,0.7999999999999998,1.0,0.05295698779139222,0.05325989593975976,0.05821081838048733,0.0599121004952102,1452.0,1452.0,1452.0,1452.0,frequency direction and axis regularity after geometric resampling; this is not a moire-suppression measurement,True,300,,,,,,,,,,,,,,,,,,,,,,,,,,,,,,,,,,,,,,,,,,
weak_border,weak_border_10,proposed,geometry,ok,,,,4,4,,,,,,,,,,,,,,,,,,,,,,,,,,,,,,,,,,,,,,,,,,,,,,,,,,,,,,True,,4,300,4,188.20003509521484,158.90066528320312,270.68241806030267,289.360107421875,171.5531234741211,144.83428955078125,258.7561645507812,277.8065490722656,249.75165557861328,220.98844146728516,360.2953636169433,382.6133728027344,0.8309589471946516,0.8511043115484865,0.8734826708881637,0.8773104105199004,0.004789399969754193,0.005418802518341703,0.007344493977489907,0.007575064344472526,0.002683023822065639,0.003036702442334556,0.0041114932574202595,0.004240117708275394,5,4,,,,,,,,,,,,,
weak_border,weak_border_10,proposed,temporal,ok,,,,299,299,,,,,,,,,,,,,,,,,,,,,,,,,,,,,,,,,,,,,,,,,,,,,,,,,,,,,,,,,,,,,,,,,,,,,,,,,,,,,,,,,,,,,frame-to-frame projective motion of the estimated screen quadrilateral,0.010174427057167533,0.0,0.0,0.6087439735916692,0.00016408422340488665,0.0,0.0,0.009821677597526694,9.054603151078299e-06,0.0,0.0,0.0005433106682952715
